timestamp,open,high,low,close,volume
2026-02-20 09:30:00,682.3200073242188,682.6799926757812,681.739990234375,681.97998046875,2607015
2026-02-20 09:31:00,681.9500122070312,682.4400024414062,681.8800048828125,682.1500244140625,373402
2026-02-20 09:32:00,682.2000122070312,683.0,682.1962280273438,682.8699951171875,313103
2026-02-20 09:33:00,682.9000244140625,683.4600219726562,682.7999877929688,683.22998046875,248265
2026-02-20 09:34:00,683.219970703125,683.469970703125,682.989990234375,683.3200073242188,241323
2026-02-20 09:35:00,683.3300170898438,684.0700073242188,682.97998046875,683.969970703125,331989
2026-02-20 09:36:00,684.0,684.22998046875,683.760009765625,684.0700073242188,239971
2026-02-20 09:37:00,684.0999755859375,684.530029296875,683.72998046875,683.739990234375,536087
2026-02-20 09:38:00,683.7899780273438,684.10498046875,683.5499877929688,683.8400268554688,247578
2026-02-20 09:39:00,683.8900146484375,683.969970703125,683.31201171875,683.8599853515625,224079
2026-02-20 09:40:00,683.885009765625,684.3400268554688,683.780029296875,683.9000244140625,228463
2026-02-20 09:41:00,683.9000244140625,683.969970703125,683.5499877929688,683.7650146484375,141631
2026-02-20 09:42:00,683.780029296875,685.3499755859375,683.6699829101562,685.0549926757812,294453
2026-02-20 09:43:00,685.0800170898438,685.0999755859375,684.5700073242188,684.6099853515625,183676
2026-02-20 09:44:00,684.6199951171875,684.7899780273438,684.5499877929688,684.739990234375,116754
2026-02-20 09:45:00,684.77001953125,684.9000244140625,684.5700073242188,684.6500244140625,108262
2026-02-20 09:46:00,684.7000122070312,685.0999755859375,684.5537719726562,684.989990234375,241883
2026-02-20 09:47:00,685.0,685.1599731445312,684.4400024414062,684.5800170898438,128515
2026-02-20 09:48:00,684.5800170898438,684.75,684.22998046875,684.25,114008
2026-02-20 09:49:00,684.219970703125,684.47998046875,684.010009765625,684.1099853515625,128385
2026-02-20 09:50:00,684.0999755859375,684.2899780273438,683.6699829101562,684.0570068359375,142813
2026-02-20 09:51:00,684.0499877929688,684.1099853515625,683.4500122070312,683.5599975585938,249333
2026-02-20 09:52:00,683.5499877929688,683.989990234375,683.530029296875,683.6799926757812,185677
2026-02-20 09:53:00,683.6900024414062,684.4199829101562,683.5399780273438,684.1199951171875,209441
2026-02-20 09:54:00,684.1199951171875,684.1649780273438,683.6699829101562,684.10498046875,383937
2026-02-20 09:55:00,684.1500244140625,684.2999877929688,683.8200073242188,684.260009765625,168976
2026-02-20 09:56:00,684.260009765625,684.3699951171875,683.9400024414062,684.1799926757812,180404
2026-02-20 09:57:00,684.1799926757812,684.3499755859375,683.8400268554688,684.2999877929688,203102
2026-02-20 09:58:00,684.3099975585938,684.5999755859375,684.1400146484375,684.5250244140625,160517
2026-02-20 09:59:00,684.5250244140625,685.0399780273438,684.2999877929688,684.8499755859375,218734
2026-02-20 10:00:00,684.8900146484375,685.5650024414062,684.75,685.5,198262
2026-02-20 10:01:00,685.52001953125,689.3099975585938,685.2000122070312,688.9600219726562,1576493
2026-02-20 10:02:00,689.0,689.4000244140625,687.1699829101562,687.6699829101562,1108190
2026-02-20 10:03:00,687.6099853515625,687.6900024414062,686.27001953125,686.7100219726562,516486
2026-02-20 10:04:00,686.6799926757812,687.5800170898438,686.5399780273438,686.9260864257812,394171
2026-02-20 10:05:00,686.9400024414062,687.0499877929688,685.1300048828125,685.280029296875,718334
2026-02-20 10:06:00,685.3499755859375,685.9600219726562,684.5499877929688,684.8099975585938,399428
2026-02-20 10:07:00,684.760009765625,685.760009765625,684.6599731445312,685.4400024414062,388835
2026-02-20 10:08:00,685.4650268554688,687.1300048828125,685.3400268554688,687.10498046875,405267
2026-02-20 10:09:00,687.0800170898438,687.1799926757812,686.3900146484375,687.0900268554688,409421
2026-02-20 10:10:00,687.1199951171875,688.0,686.9600219726562,687.8499755859375,474002
2026-02-20 10:11:00,687.8800048828125,687.8900146484375,686.6699829101562,686.780029296875,293523
2026-02-20 10:12:00,686.8200073242188,687.02001953125,686.3400268554688,686.9500122070312,249016
2026-02-20 10:13:00,686.9199829101562,686.9500122070312,685.6599731445312,685.739990234375,277392
2026-02-20 10:14:00,685.72998046875,685.9600219726562,685.3400268554688,685.4199829101562,205995
2026-02-20 10:15:00,685.4400024414062,685.719970703125,685.0900268554688,685.3200073242188,235709
2026-02-20 10:16:00,685.3400268554688,685.3499755859375,684.1900024414062,684.280029296875,386208
2026-02-20 10:17:00,684.3400268554688,686.5549926757812,684.3300170898438,686.52001953125,390915
2026-02-20 10:18:00,686.5,687.239990234375,686.0999755859375,687.239990234375,338298
2026-02-20 10:19:00,687.239990234375,687.27001953125,686.4199829101562,686.5900268554688,215932
2026-02-20 10:20:00,686.5999755859375,686.9099731445312,686.4299926757812,686.469970703125,139009
2026-02-20 10:21:00,686.469970703125,687.5800170898438,686.4600219726562,687.4868774414062,319004
2026-02-20 10:22:00,687.510009765625,687.9000244140625,687.1300048828125,687.7899780273438,263268
2026-02-20 10:23:00,687.8099975585938,687.9299926757812,687.219970703125,687.8200073242188,264636
2026-02-20 10:24:00,687.8099975585938,687.97998046875,687.0800170898438,687.385009765625,214080
2026-02-20 10:25:00,687.3900146484375,687.6838989257812,686.8699951171875,687.1199951171875,176611
2026-02-20 10:26:00,687.1199951171875,688.0800170898438,687.0900268554688,688.030029296875,180083
2026-02-20 10:27:00,687.989990234375,688.0800170898438,687.2899780273438,687.4450073242188,137441
2026-02-20 10:28:00,687.4600219726562,687.4600219726562,686.5999755859375,686.9199829101562,239956
2026-02-20 10:29:00,686.9099731445312,687.1300048828125,686.3099975585938,686.7999877929688,212353
2026-02-20 10:30:00,686.7999877929688,687.22998046875,686.3499755859375,686.760009765625,221768
2026-02-20 10:31:00,686.7899780273438,687.3699951171875,686.6259155273438,687.0999755859375,131481
2026-02-20 10:32:00,687.0900268554688,687.2108764648438,686.02001953125,686.0499877929688,234847
2026-02-20 10:33:00,686.0700073242188,686.219970703125,685.510009765625,685.8499755859375,163053
2026-02-20 10:34:00,685.8499755859375,686.5399780273438,685.7000122070312,686.0499877929688,253851
2026-02-20 10:35:00,686.0700073242188,686.3499755859375,685.6699829101562,685.8200073242188,209621
2026-02-20 10:36:00,685.8499755859375,686.8400268554688,685.6400146484375,686.83349609375,219012
2026-02-20 10:37:00,686.8400268554688,687.0700073242188,686.4099731445312,686.8699951171875,187925
2026-02-20 10:38:00,686.9196166992188,687.1892700195312,686.77001953125,686.9749755859375,96264
2026-02-20 10:39:00,686.9749755859375,687.469970703125,686.9099731445312,687.22998046875,117991
2026-02-20 10:40:00,687.260009765625,687.3900146484375,686.219970703125,686.25,187363
2026-02-20 10:41:00,686.260009765625,687.3300170898438,686.0,687.2100219726562,138256
2026-02-20 10:42:00,687.219970703125,687.27001953125,686.6699829101562,687.22998046875,96180
2026-02-20 10:43:00,687.280029296875,688.02001953125,687.030029296875,687.8699951171875,162056
2026-02-20 10:44:00,687.8800048828125,688.1799926757812,687.5399780273438,688.0499877929688,299313
2026-02-20 10:45:00,688.0700073242188,688.3300170898438,687.9000244140625,687.969970703125,210228
2026-02-20 10:46:00,687.9600219726562,688.02001953125,687.3499755859375,687.47998046875,175759
2026-02-20 10:47:00,687.489990234375,688.239990234375,687.4299926757812,688.0399780273438,161232
2026-02-20 10:48:00,688.030029296875,688.5700073242188,687.8200073242188,688.469970703125,179380
2026-02-20 10:49:00,688.4299926757812,688.719970703125,688.1099853515625,688.1599731445312,226360
2026-02-20 10:50:00,688.1699829101562,688.3099975585938,687.5900268554688,687.969970703125,237774
2026-02-20 10:51:00,687.9713134765625,688.280029296875,687.8400268554688,688.1599731445312,155993
2026-02-20 10:52:00,688.1599731445312,688.6500244140625,688.0700073242188,688.5599975585938,149114
2026-02-20 10:53:00,688.5599975585938,688.8800048828125,688.3099975585938,688.7999877929688,150238
2026-02-20 10:54:00,688.789794921875,689.0599975585938,688.5999755859375,688.8499755859375,332005
2026-02-20 10:55:00,688.8400268554688,689.1699829101562,688.8200073242188,688.9500122070312,243483
2026-02-20 10:56:00,688.9299926757812,689.0800170898438,688.6599731445312,688.8699951171875,182742
2026-02-20 10:57:00,688.8800048828125,688.97998046875,688.6799926757812,688.760009765625,141003
2026-02-20 10:58:00,688.780029296875,688.8800048828125,688.5,688.75,326435
2026-02-20 10:59:00,688.760009765625,689.0,688.72998046875,688.8300170898438,269300
2026-02-20 11:00:00,688.8200073242188,688.989990234375,688.3400268554688,688.3800048828125,328651
2026-02-20 11:01:00,688.3800048828125,688.7000122070312,688.3599853515625,688.6799926757812,129309
2026-02-20 11:02:00,688.6400146484375,689.0900268554688,688.5,689.010009765625,186460
2026-02-20 11:03:00,689.0399780273438,689.1099853515625,688.5499877929688,688.7999877929688,129866
2026-02-20 11:04:00,688.7999877929688,689.239990234375,688.7999877929688,688.9099731445312,129615
2026-02-20 11:05:00,688.9099731445312,688.9099731445312,688.3599853515625,688.4099731445312,135021
2026-02-20 11:06:00,688.4099731445312,688.8699951171875,688.4099731445312,688.8699951171875,114717
2026-02-20 11:07:00,688.8499755859375,688.8900146484375,688.3499755859375,688.489990234375,111399
2026-02-20 11:08:00,688.469970703125,688.780029296875,688.2999877929688,688.77001953125,108080
2026-02-20 11:09:00,688.77001953125,688.7899780273438,688.2700805664062,688.3699951171875,100811
2026-02-20 11:10:00,688.3599853515625,688.6199951171875,688.1599731445312,688.2000122070312,100714
2026-02-20 11:11:00,688.1599731445312,688.5900268554688,688.080078125,688.5,106990
2026-02-20 11:12:00,688.5,688.8300170898438,688.3900146484375,688.7000122070312,178801
2026-02-20 11:13:00,688.6799926757812,688.7199096679688,688.3499755859375,688.4000244140625,166943
2026-02-20 11:14:00,688.4199829101562,688.510009765625,687.9500122070312,688.0499877929688,145672
2026-02-20 11:15:00,688.1199951171875,688.27001953125,687.3800048828125,687.469970703125,217451
2026-02-20 11:16:00,687.47998046875,687.7192993164062,687.25,687.5,174193
2026-02-20 11:17:00,687.5,687.5399780273438,687.0,687.1099853515625,186368
2026-02-20 11:18:00,687.1099853515625,687.5,687.1099853515625,687.4199829101562,159946
2026-02-20 11:19:00,687.4000244140625,687.7899780273438,687.239990234375,687.6799926757812,1555678
2026-02-20 11:20:00,687.6599731445312,687.6900024414062,686.969970703125,687.1599731445312,137179
2026-02-20 11:21:00,687.1699829101562,687.3800048828125,687.0,687.0,106603
2026-02-20 11:22:00,687.059814453125,687.4400024414062,686.77001953125,686.8800048828125,160649
2026-02-20 11:23:00,686.8599853515625,687.3200073242188,686.6799926757812,687.3200073242188,139007
2026-02-20 11:24:00,687.323974609375,687.3699951171875,686.8699951171875,686.9600219726562,4682061
2026-02-20 11:25:00,686.9600219726562,686.969970703125,686.3795166015625,686.5598754882812,531576
2026-02-20 11:26:00,686.530029296875,687.030029296875,686.489990234375,686.9099731445312,482566
2026-02-20 11:27:00,686.9199829101562,686.9400024414062,686.3400268554688,686.4400024414062,93606
2026-02-20 11:28:00,686.4400024414062,687.010009765625,686.4199829101562,686.969970703125,102217
2026-02-20 11:29:00,686.9400024414062,686.9400024414062,686.0900268554688,686.1495971679688,185577
2026-02-20 11:30:00,686.1300048828125,686.3099975585938,685.8900146484375,686.2000122070312,337371
2026-02-20 11:31:00,686.2100219726562,686.4000244140625,686.0599975585938,686.2100219726562,874153
2026-02-20 11:32:00,686.25,687.1500244140625,686.0999755859375,687.1500244140625,186155
2026-02-20 11:33:00,687.1300048828125,687.489990234375,687.0169067382812,687.2000122070312,166109
2026-02-20 11:34:00,687.1799926757812,687.3599853515625,687.0250244140625,687.2999877929688,158421
2026-02-20 11:35:00,687.2999877929688,687.3508911132812,686.77001953125,687.1599731445312,155075
2026-02-20 11:36:00,687.1699829101562,687.260986328125,686.739990234375,687.22998046875,130833
2026-02-20 11:37:00,687.2098999023438,687.4500122070312,687.0700073242188,687.4500122070312,70732
2026-02-20 11:38:00,687.4000244140625,687.7999877929688,687.1400146484375,687.739990234375,93762
2026-02-20 11:39:00,687.7349853515625,688.130126953125,687.7349853515625,688.1099853515625,139775
2026-02-20 11:40:00,688.1199951171875,688.27001953125,687.8300170898438,688.1699829101562,168738
2026-02-20 11:41:00,688.1500244140625,688.3007202148438,688.1199951171875,688.2100219726562,955028
2026-02-20 11:42:00,688.219970703125,688.4099731445312,688.2000122070312,688.3400268554688,171550
2026-02-20 11:43:00,688.3699951171875,688.8800048828125,688.3699951171875,688.6799926757812,211174
2026-02-20 11:44:00,688.6900024414062,688.72998046875,688.4099731445312,688.4600219726562,177691
2026-02-20 11:45:00,688.4600219726562,688.7899780273438,688.39501953125,688.719970703125,128892
2026-02-20 11:46:00,688.719970703125,688.8900146484375,688.6300048828125,688.7164916992188,178637
2026-02-20 11:47:00,688.7100219726562,688.9299926757812,688.530029296875,688.923095703125,156991
2026-02-20 11:48:00,688.9299926757812,689.0900268554688,688.72998046875,689.030029296875,207605
2026-02-20 11:49:00,689.02001953125,689.0999755859375,688.8800048828125,688.989990234375,135226
2026-02-20 11:50:00,688.989990234375,689.010009765625,688.6619873046875,688.7479858398438,282951
2026-02-20 11:51:00,688.75,688.8099975585938,688.4600219726562,688.6900024414062,149898
2026-02-20 11:52:00,688.6799926757812,688.969970703125,688.530029296875,688.9500122070312,82217
2026-02-20 11:53:00,688.9600219726562,689.0999755859375,688.9500122070312,689.0399780273438,133767
2026-02-20 11:54:00,689.0399780273438,689.1500244140625,688.9000244140625,688.9199829101562,213093
2026-02-20 11:55:00,688.9099731445312,689.0,688.760009765625,688.8499755859375,109603
2026-02-20 11:56:00,688.8400268554688,688.969970703125,688.760009765625,688.9400024414062,85156
2026-02-20 11:57:00,688.9299926757812,689.0399780273438,688.8300170898438,689.010009765625,115375
2026-02-20 11:58:00,689.02001953125,689.0599975585938,688.6799926757812,688.9398803710938,111132
2026-02-20 11:59:00,688.9500122070312,688.9550170898438,688.3800048828125,688.5700073242188,275268
2026-02-20 12:00:00,688.5700073242188,688.8699951171875,688.47998046875,688.510009765625,173579
2026-02-20 12:01:00,688.510009765625,688.5499877929688,688.3300170898438,688.4400024414062,165719
2026-02-20 12:02:00,688.4299926757812,688.6099853515625,688.1649780273438,688.25,107510
2026-02-20 12:03:00,688.25,688.3200073242188,688.0574951171875,688.0700073242188,98828
2026-02-20 12:04:00,688.0599975585938,688.1900024414062,687.85498046875,687.8699951171875,127911
2026-02-20 12:05:00,687.8900146484375,687.9600219726562,687.72998046875,687.7999877929688,100254
2026-02-20 12:06:00,687.7999877929688,687.8800048828125,687.6010131835938,687.6010131835938,95331
2026-02-20 12:07:00,687.6199951171875,687.77001953125,687.510009765625,687.5692749023438,71870
2026-02-20 12:08:00,687.5700073242188,687.6300048828125,687.4099731445312,687.5499877929688,80249
2026-02-20 12:09:00,687.510009765625,687.5399780273438,687.0399780273438,687.0999755859375,95784
2026-02-20 12:10:00,687.1099853515625,687.1400146484375,686.7000122070312,686.739990234375,328381
2026-02-20 12:11:00,686.75,686.75,686.2100219726562,686.530029296875,463136
2026-02-20 12:12:00,686.5399780273438,686.739990234375,686.3499755859375,686.4099731445312,247285
2026-02-20 12:13:00,686.4199829101562,686.989990234375,686.2999877929688,686.6500244140625,191673
2026-02-20 12:14:00,686.6400146484375,686.72998046875,686.0850219726562,686.1099853515625,125526
2026-02-20 12:15:00,686.1099853515625,686.1099853515625,685.239990234375,685.280029296875,272848
2026-02-20 12:16:00,685.2949829101562,685.5399780273438,685.1199951171875,685.530029296875,279497
2026-02-20 12:17:00,685.510009765625,685.8300170898438,685.3400268554688,685.3800048828125,343295
2026-02-20 12:18:00,685.3900146484375,685.5650024414062,685.0599975585938,685.2650146484375,191556
2026-02-20 12:19:00,685.27001953125,685.3300170898438,684.8699951171875,685.0599975585938,360151
2026-02-20 12:20:00,685.0599975585938,685.2999877929688,684.6799926757812,684.72998046875,192508
2026-02-20 12:21:00,684.72998046875,685.030029296875,684.6599731445312,684.75,183658
2026-02-20 12:22:00,684.7249755859375,684.9033203125,684.4500122070312,684.5599975585938,164141
2026-02-20 12:23:00,684.5399780273438,685.010009765625,684.530029296875,684.8900146484375,123708
2026-02-20 12:24:00,684.8900146484375,684.9500122070312,684.2000122070312,684.22998046875,173986
2026-02-20 12:25:00,684.239990234375,684.6699829101562,684.0800170898438,684.6300048828125,313578
2026-02-20 12:26:00,684.6199951171875,684.7930908203125,684.3499755859375,684.6599731445312,267299
2026-02-20 12:27:00,684.6699829101562,685.1099853515625,684.6099853515625,684.9199829101562,229079
2026-02-20 12:28:00,684.9099731445312,684.9342041015625,684.4600219726562,684.7000122070312,125375
2026-02-20 12:29:00,684.6900024414062,685.25,684.5800170898438,685.2291870117188,188237
2026-02-20 12:30:00,685.2349853515625,685.780029296875,685.0599975585938,685.6199951171875,302252
2026-02-20 12:31:00,685.5999755859375,685.6500244140625,685.2000122070312,685.25,96564
2026-02-20 12:32:00,685.260009765625,685.4000244140625,685.1199951171875,685.3499755859375,71338
2026-02-20 12:33:00,685.3599853515625,686.1149291992188,685.3499755859375,685.8599853515625,159255
2026-02-20 12:34:00,685.8599853515625,685.8699951171875,685.5800170898438,685.760009765625,122378
2026-02-20 12:35:00,685.77001953125,686.0900268554688,685.6500244140625,685.8200073242188,159681
2026-02-20 12:36:00,685.7999877929688,686.0,684.9700927734375,685.219970703125,229865
2026-02-20 12:37:00,685.2899780273438,685.8699951171875,685.260009765625,685.6599731445312,152925
2026-02-20 12:38:00,685.6300048828125,685.639892578125,685.25,685.3800048828125,106223
2026-02-20 12:39:00,685.3699951171875,686.0399780273438,685.3699951171875,685.9199829101562,106436
2026-02-20 12:40:00,685.9299926757812,686.0599975585938,685.75,685.8699951171875,66988
2026-02-20 12:41:00,685.8900146484375,686.0394897460938,685.5800170898438,685.7999877929688,109763
2026-02-20 12:42:00,685.8099975585938,685.9088134765625,685.6699829101562,685.8800048828125,64358
2026-02-20 12:43:00,685.8699951171875,686.1799926757812,685.280029296875,685.9559936523438,259255
2026-02-20 12:44:00,685.9500122070312,686.0800170898438,685.739990234375,686.011474609375,121407
2026-02-20 12:45:00,686.030029296875,686.739990234375,685.9500122070312,686.72998046875,175696
2026-02-20 12:46:00,686.7100219726562,686.8499755859375,686.239990234375,686.260009765625,152068
2026-02-20 12:47:00,686.280029296875,686.3900146484375,685.75,685.969970703125,135154
2026-02-20 12:48:00,685.9600219726562,686.4199829101562,685.8300170898438,686.4199829101562,148927
2026-02-20 12:49:00,686.4199829101562,686.9299926757812,686.2100219726562,686.8300170898438,160294
2026-02-20 12:50:00,686.8200073242188,686.8599853515625,686.3900146484375,686.739990234375,173912
2026-02-20 12:51:00,686.780029296875,687.0150146484375,686.6300048828125,686.9600219726562,130301
2026-02-20 12:52:00,686.9500122070312,687.6300048828125,686.9349975585938,687.6099853515625,205440
2026-02-20 12:53:00,687.5900268554688,687.6400146484375,687.010009765625,687.4349975585938,349735
2026-02-20 12:54:00,687.4400024414062,687.6799926757812,687.2999877929688,687.3800048828125,144425
2026-02-20 12:55:00,687.3699951171875,687.469970703125,686.1300048828125,687.0700073242188,552306
2026-02-20 12:56:00,687.0700073242188,687.3900146484375,686.9400024414062,687.0750122070312,173858
2026-02-20 12:57:00,687.0800170898438,687.3400268554688,687.0599975585938,687.2150268554688,74722
2026-02-20 12:58:00,687.22998046875,687.5399780273438,687.1599731445312,687.47998046875,102436
2026-02-20 12:59:00,687.5,687.7100219726562,687.3400268554688,687.47998046875,119961
2026-02-20 13:00:00,687.4299926757812,687.7899780273438,687.3699951171875,687.6610107421875,182105
2026-02-20 13:01:00,687.6599731445312,687.72998046875,687.2100219726562,687.3499755859375,181392
2026-02-20 13:02:00,687.3699951171875,687.6400146484375,687.2100219726562,687.3300170898438,160175
2026-02-20 13:03:00,687.3200073242188,687.47998046875,687.02001953125,687.2100219726562,130915
2026-02-20 13:04:00,687.1849975585938,687.4099731445312,686.989990234375,687.0399780273438,142785
2026-02-20 13:05:00,687.0599975585938,687.3900146484375,686.9199829101562,687.22998046875,94013
2026-02-20 13:06:00,687.219970703125,687.52001953125,687.1699829101562,687.5,84576
2026-02-20 13:07:00,687.469970703125,687.7999877929688,687.3800048828125,687.4099731445312,139436
2026-02-20 13:08:00,687.4299926757812,687.5999755859375,687.239990234375,687.280029296875,55560
2026-02-20 13:09:00,687.27001953125,687.4000244140625,687.1599731445312,687.25,65249
2026-02-20 13:10:00,687.27001953125,687.27001953125,687.02001953125,687.1099853515625,82456
2026-02-20 13:11:00,687.1199951171875,687.1599731445312,686.7999877929688,686.9099731445312,70907
2026-02-20 13:12:00,686.8900146484375,687.1799926757812,686.6900024414062,687.1799926757812,128718
2026-02-20 13:13:00,687.1799926757812,687.2100219726562,686.719970703125,686.77001953125,103217
2026-02-20 13:14:00,686.760009765625,687.14501953125,686.760009765625,687.0999755859375,75359
2026-02-20 13:15:00,687.0900268554688,687.0999755859375,686.4400024414062,686.6400146484375,67386
2026-02-20 13:16:00,686.6300048828125,686.9000244140625,686.5802001953125,686.6400146484375,41708
2026-02-20 13:17:00,686.6599731445312,686.8200073242188,686.5,686.510009765625,41825
2026-02-20 13:18:00,686.510009765625,686.6900024414062,686.3599853515625,686.4600219726562,82846
2026-02-20 13:19:00,686.4400024414062,686.9400024414062,686.3800048828125,686.7100219726562,106326
2026-02-20 13:20:00,686.719970703125,686.739990234375,686.25,686.4500122070312,81245
2026-02-20 13:21:00,686.469970703125,686.52001953125,686.0399780273438,686.1400146484375,154472
2026-02-20 13:22:00,686.1099853515625,686.7999877929688,686.0399780273438,686.7000122070312,354691
2026-02-20 13:23:00,686.7000122070312,687.1699829101562,686.22998046875,686.4600219726562,252722
2026-02-20 13:24:00,686.4400024414062,687.010009765625,685.717529296875,686.9229736328125,357392
2026-02-20 13:25:00,686.9600219726562,687.0700073242188,686.5599975585938,686.7999877929688,160339
2026-02-20 13:26:00,686.8499145507812,687.0999755859375,686.5999755859375,686.8099975585938,163012
2026-02-20 13:27:00,686.7999877929688,686.9500122070312,686.0499877929688,686.6699829101562,353838
2026-02-20 13:28:00,686.6500244140625,686.8400268554688,686.5999755859375,686.760009765625,102222
2026-02-20 13:29:00,686.77001953125,687.0399780273438,686.4299926757812,686.5599975585938,201080
2026-02-20 13:30:00,686.5399780273438,686.8099975585938,685.760009765625,686.7949829101562,584534
2026-02-20 13:31:00,686.77001953125,687.6500244140625,686.5499877929688,687.6300048828125,392272
2026-02-20 13:32:00,687.6099853515625,687.6400146484375,687.3499755859375,687.5549926757812,214198
2026-02-20 13:33:00,687.5399780273438,688.8099975585938,687.47998046875,688.1300048828125,491322
2026-02-20 13:34:00,688.1220092773438,688.4099731445312,687.4000244140625,687.8300170898438,409975
2026-02-20 13:35:00,687.8499755859375,688.239990234375,686.3599853515625,686.739990234375,1095993
2026-02-20 13:36:00,686.7000122070312,688.4400024414062,686.5,688.1599731445312,639711
2026-02-20 13:37:00,688.1900024414062,688.4600219726562,688.010009765625,688.1500244140625,388038
2026-02-20 13:38:00,688.1500244140625,688.4400024414062,688.030029296875,688.1895751953125,280231
2026-02-20 13:39:00,688.1699829101562,688.3099975585938,687.4400024414062,687.760009765625,262745
2026-02-20 13:40:00,687.77001953125,688.8200073242188,687.72998046875,688.72998046875,336708
2026-02-20 13:41:00,688.75,688.8400268554688,688.4400024414062,688.6500244140625,169310
2026-02-20 13:42:00,688.6599731445312,689.02001953125,688.3800048828125,688.4990234375,240302
2026-02-20 13:43:00,688.5,688.52001953125,687.9600219726562,688.3200073242188,174012
2026-02-20 13:44:00,688.3150024414062,688.8198852539062,688.1099853515625,688.7000122070312,136361
2026-02-20 13:45:00,688.7000122070312,689.7100219726562,688.6599731445312,689.52001953125,570463
2026-02-20 13:46:00,689.52001953125,689.6699829101562,689.22998046875,689.4299926757812,261762
2026-02-20 13:47:00,689.4299926757812,690.0599975585938,689.3300170898438,689.9500122070312,408837
2026-02-20 13:48:00,689.9299926757812,689.969970703125,689.030029296875,689.1799926757812,437349
2026-02-20 13:49:00,689.1699829101562,689.3800048828125,689.0499877929688,689.0900268554688,299851
2026-02-20 13:50:00,689.0999755859375,689.2899780273438,688.27001953125,688.9201049804688,349907
2026-02-20 13:51:00,688.9450073242188,689.0900268554688,688.5349731445312,688.9235229492188,173731
2026-02-20 13:52:00,688.9500122070312,689.2999877929688,688.8699951171875,689.22998046875,131610
2026-02-20 13:53:00,689.22998046875,689.4600219726562,689.1199951171875,689.4400024414062,100203
2026-02-20 13:54:00,689.4199829101562,689.5399780273438,689.260009765625,689.3800048828125,157283
2026-02-20 13:55:00,689.4099731445312,689.4600219726562,689.0,689.27001953125,157017
2026-02-20 13:56:00,689.280029296875,689.4500122070312,689.239990234375,689.4099731445312,61442
2026-02-20 13:57:00,689.3900146484375,689.5800170898438,689.2899780273438,689.4199829101562,110219
2026-02-20 13:58:00,689.4199829101562,689.4500122070312,689.1799926757812,689.22998046875,106013
2026-02-20 13:59:00,689.219970703125,689.3099975585938,689.1199951171875,689.2999877929688,119419
2026-02-20 14:00:00,689.2999877929688,689.469970703125,689.22998046875,689.3900146484375,145024
2026-02-20 14:01:00,689.3699951171875,689.6400146484375,689.3200073242188,689.6199951171875,77169
2026-02-20 14:02:00,689.6199951171875,689.75,689.4000244140625,689.5,187944
2026-02-20 14:03:00,689.489990234375,689.7899780273438,689.489990234375,689.6599731445312,128037
2026-02-20 14:04:00,689.6599731445312,689.6900024414062,689.27001953125,689.469970703125,248042
2026-02-20 14:05:00,689.489990234375,689.5,689.1400146484375,689.25,174992
2026-02-20 14:06:00,689.27001953125,689.3800048828125,688.8599853515625,689.030029296875,165660
2026-02-20 14:07:00,689.0399780273438,689.22998046875,688.8099975585938,689.1599731445312,118644
2026-02-20 14:08:00,689.1400146484375,689.25,688.969970703125,689.0499877929688,109958
2026-02-20 14:09:00,689.0399780273438,689.1599731445312,688.8900146484375,689.1099853515625,81183
2026-02-20 14:10:00,689.1199951171875,689.1699829101562,688.72998046875,688.8800048828125,169542
2026-02-20 14:11:00,688.9000244140625,689.0900268554688,688.8699951171875,688.9600219726562,211363
2026-02-20 14:12:00,688.9600219726562,688.969970703125,688.530029296875,688.5599975585938,109398
2026-02-20 14:13:00,688.5599975585938,688.9400024414062,688.5599975585938,688.659912109375,119312
2026-02-20 14:14:00,688.6699829101562,688.7100219726562,688.4199829101562,688.52001953125,240545
2026-02-20 14:15:00,688.52001953125,688.618896484375,688.3499755859375,688.5800170898438,98141
2026-02-20 14:16:00,688.5798950195312,688.5798950195312,688.260009765625,688.4099731445312,107266
2026-02-20 14:17:00,688.4099731445312,688.52001953125,688.3400268554688,688.4650268554688,47076
2026-02-20 14:18:00,688.47998046875,688.5599975585938,688.335693359375,688.3599853515625,42557
2026-02-20 14:19:00,688.35009765625,688.4299926757812,688.239990234375,688.4099731445312,116713
2026-02-20 14:20:00,688.4199829101562,688.530029296875,688.2899780273438,688.4349975585938,142801
2026-02-20 14:21:00,688.4500122070312,688.7550048828125,688.4500122070312,688.6699829101562,155892
2026-02-20 14:22:00,688.6995849609375,689.0,688.6400146484375,688.719970703125,154098
2026-02-20 14:23:00,688.72998046875,688.739990234375,688.510009765625,688.614990234375,88154
2026-02-20 14:24:00,688.614990234375,688.8400268554688,688.60498046875,688.7100219726562,77576
2026-02-20 14:25:00,688.7100219726562,688.760009765625,688.530029296875,688.5900268554688,113674
2026-02-20 14:26:00,688.5800170898438,688.8099975585938,688.4099731445312,688.469970703125,107852
2026-02-20 14:27:00,688.469970703125,688.5902709960938,688.4199829101562,688.4500122070312,71331
2026-02-20 14:28:00,688.4600219726562,688.502197265625,688.27001953125,688.3699951171875,185557
2026-02-20 14:29:00,688.375,688.6199951171875,688.25,688.5800170898438,140577
2026-02-20 14:30:00,688.5800170898438,688.9600219726562,688.5599975585938,688.8599853515625,174862
2026-02-20 14:31:00,688.85498046875,689.1199951171875,688.8499755859375,688.969970703125,66609
2026-02-20 14:32:00,688.9500122070312,689.1099853515625,688.9031982421875,688.9400024414062,94917
2026-02-20 14:33:00,688.9299926757812,688.9530029296875,688.72998046875,688.8499755859375,89581
2026-02-20 14:34:00,688.8699951171875,688.9500122070312,688.6799926757812,688.77001953125,70166
2026-02-20 14:35:00,688.77001953125,688.8800048828125,688.510009765625,688.5700073242188,86983
2026-02-20 14:36:00,688.5700073242188,688.8200073242188,688.5549926757812,688.75,110389
2026-02-20 14:37:00,688.739990234375,688.739990234375,688.3900146484375,688.4000244140625,77165
2026-02-20 14:38:00,688.4099731445312,688.6199951171875,688.4099731445312,688.5399780273438,39382
2026-02-20 14:39:00,688.5499877929688,688.7086791992188,688.4000244140625,688.4500122070312,69757
2026-02-20 14:40:00,688.4500122070312,688.6900024414062,688.4099731445312,688.52001953125,77970
2026-02-20 14:41:00,688.530029296875,688.5800170898438,688.4450073242188,688.52001953125,71685
2026-02-20 14:42:00,688.530029296875,688.5700073242188,688.260009765625,688.2999877929688,106933
2026-02-20 14:43:00,688.2550048828125,688.4400024414062,688.0,688.0999755859375,224598
2026-02-20 14:44:00,688.0700073242188,688.1199951171875,687.9600219726562,688.0399780273438,170170
2026-02-20 14:45:00,688.0499877929688,688.22998046875,687.9600219726562,688.0999755859375,169809
2026-02-20 14:46:00,688.0999755859375,688.1900024414062,687.969970703125,688.094970703125,144343
2026-02-20 14:47:00,688.0900268554688,688.2000122070312,687.9400024414062,688.0900268554688,169394
2026-02-20 14:48:00,688.0900268554688,688.0900268554688,687.8599853515625,687.9580078125,81348
2026-02-20 14:49:00,687.9600219726562,688.0650024414062,687.8099975585938,688.0599975585938,110513
2026-02-20 14:50:00,688.0499877929688,688.3900146484375,687.969970703125,688.3800048828125,165397
2026-02-20 14:51:00,688.3800048828125,688.6500244140625,688.280029296875,688.280029296875,599029
2026-02-20 14:52:00,688.2899780273438,688.3699951171875,688.1699829101562,688.302001953125,79493
2026-02-20 14:53:00,688.3099975585938,688.3300170898438,688.1408081054688,688.1799926757812,88989
2026-02-20 14:54:00,688.1799926757812,688.2100219726562,688.014404296875,688.1199951171875,71129
2026-02-20 14:55:00,688.1199951171875,688.1599731445312,688.0050048828125,688.1500244140625,55421
2026-02-20 14:56:00,688.1599731445312,688.4099731445312,688.0700073242188,688.1525268554688,92967
2026-02-20 14:57:00,688.1599731445312,688.2100219726562,687.8800048828125,688.0399780273438,60291
2026-02-20 14:58:00,688.0599975585938,688.1400146484375,687.9600219726562,688.094970703125,46406
2026-02-20 14:59:00,688.1300048828125,688.239990234375,687.9199829101562,688.0499877929688,111387
2026-02-20 15:00:00,688.0599975585938,688.280029296875,688.0050048828125,688.280029296875,94343
2026-02-20 15:01:00,688.27001953125,688.6199951171875,688.2150268554688,688.5700073242188,133447
2026-02-20 15:02:00,688.5800170898438,688.6699829101562,688.4400024414062,688.469970703125,76609
2026-02-20 15:03:00,688.510009765625,688.8300170898438,688.469970703125,688.6699829101562,209777
2026-02-20 15:04:00,688.6699829101562,688.6799926757812,688.4500122070312,688.6102905273438,83736
2026-02-20 15:05:00,688.6099853515625,689.1799926757812,688.5999755859375,689.041015625,232117
2026-02-20 15:06:00,689.0438842773438,689.1300048828125,688.8699951171875,689.0900268554688,133771
2026-02-20 15:07:00,689.0900268554688,689.3200073242188,688.9299926757812,689.0999755859375,196135
2026-02-20 15:08:00,689.0800170898438,689.1199951171875,688.9199829101562,689.0213012695312,141725
2026-02-20 15:09:00,689.02001953125,689.1199951171875,688.9650268554688,689.0399780273438,526425
2026-02-20 15:10:00,689.0399780273438,689.155029296875,688.9400024414062,689.0599975585938,133983
2026-02-20 15:11:00,689.0599975585938,689.1599731445312,688.8699951171875,688.8800048828125,113949
2026-02-20 15:12:00,688.8900146484375,688.9099731445312,688.760009765625,688.8499755859375,121707
2026-02-20 15:13:00,688.8599853515625,689.1300048828125,688.8300170898438,689.0999755859375,234286
2026-02-20 15:14:00,689.094970703125,689.1849975585938,689.010009765625,689.1199951171875,82566
2026-02-20 15:15:00,689.1199951171875,689.1599731445312,688.9299926757812,689.0800170898438,88430
2026-02-20 15:16:00,689.0900268554688,689.1799926757812,688.9700927734375,689.0399780273438,82169
2026-02-20 15:17:00,689.0499877929688,689.0499877929688,688.72998046875,688.7999877929688,155729
2026-02-20 15:18:00,688.780029296875,688.7999877929688,688.5399780273438,688.64990234375,132861
2026-02-20 15:19:00,688.6400146484375,688.7000122070312,688.5601196289062,688.5800170898438,93931
2026-02-20 15:20:00,688.5999755859375,688.6799926757812,688.5,688.6099853515625,225490
2026-02-20 15:21:00,688.6099853515625,688.6599731445312,688.280029296875,688.3400268554688,106869
2026-02-20 15:22:00,688.3099975585938,688.6599731445312,688.280029296875,688.6199951171875,117185
2026-02-20 15:23:00,688.6199951171875,688.6300048828125,688.4099731445312,688.4600219726562,62195
2026-02-20 15:24:00,688.4650268554688,688.5399780273438,688.4000244140625,688.47998046875,116885
2026-02-20 15:25:00,688.4849853515625,688.5700073242188,688.3900146484375,688.4749755859375,163803
2026-02-20 15:26:00,688.489990234375,688.52001953125,688.2899780273438,688.3099975585938,147458
2026-02-20 15:27:00,688.3099975585938,688.510009765625,688.27001953125,688.340087890625,149911
2026-02-20 15:28:00,688.3499755859375,688.3599853515625,688.0999755859375,688.3200073242188,136062
2026-02-20 15:29:00,688.3200073242188,688.4400024414062,688.2100219726562,688.3599853515625,156381
2026-02-20 15:30:00,688.3599853515625,688.6900024414062,688.2999877929688,688.5800170898438,141875
2026-02-20 15:31:00,688.5800170898438,688.719970703125,688.5499877929688,688.6599731445312,252819
2026-02-20 15:32:00,688.6599731445312,688.6799926757812,688.3800048828125,688.4000244140625,159956
2026-02-20 15:33:00,688.4099731445312,688.6400146484375,688.3400268554688,688.6243896484375,66517
2026-02-20 15:34:00,688.6300048828125,688.6300048828125,688.4199829101562,688.4500122070312,78922
2026-02-20 15:35:00,688.4600219726562,688.5098876953125,688.3499755859375,688.4299926757812,111998
2026-02-20 15:36:00,688.4299926757812,688.4500122070312,688.3099975585938,688.3400268554688,105291
2026-02-20 15:37:00,688.3350219726562,688.5,688.2750244140625,688.3916015625,111373
2026-02-20 15:38:00,688.3900146484375,688.52001953125,688.27001953125,688.510009765625,128131
2026-02-20 15:39:00,688.52001953125,688.7449951171875,688.489990234375,688.7000122070312,138902
2026-02-20 15:40:00,688.6900024414062,688.8400268554688,688.5650024414062,688.7301025390625,178827
2026-02-20 15:41:00,688.72998046875,688.9299926757812,688.6599731445312,688.9099731445312,215262
2026-02-20 15:42:00,688.9099731445312,688.9199829101562,688.72998046875,688.7899780273438,152774
2026-02-20 15:43:00,688.7899780273438,688.9199829101562,688.72998046875,688.905029296875,150641
2026-02-20 15:44:00,688.905029296875,689.0800170898438,688.8400268554688,689.0798950195312,165314
2026-02-20 15:45:00,689.0700073242188,689.0700073242188,688.9219970703125,689.010009765625,180665
2026-02-20 15:46:00,689.0,689.1199951171875,688.9299926757812,689.0250244140625,150933
2026-02-20 15:47:00,689.02001953125,689.0700073242188,688.7899780273438,688.97998046875,180096
2026-02-20 15:48:00,688.969970703125,689.0999755859375,688.9600219726562,689.010009765625,1505730
2026-02-20 15:49:00,689.0,689.1199951171875,688.719970703125,688.7349853515625,309748
2026-02-20 15:50:00,688.739990234375,688.989990234375,688.5399780273438,688.5999755859375,486573
2026-02-20 15:51:00,688.5900268554688,688.8200073242188,688.3499755859375,688.7949829101562,322018
2026-02-20 15:52:00,688.7899780273438,688.7999877929688,688.4349975585938,688.5349731445312,372712
2026-02-20 15:53:00,688.530029296875,688.5999755859375,688.4500122070312,688.5449829101562,308075
2026-02-20 15:54:00,688.5399780273438,688.9949951171875,688.4450073242188,688.8300170898438,476209
2026-02-20 15:55:00,688.8400268554688,689.0399780273438,688.6300048828125,688.905029296875,423475
2026-02-20 15:56:00,688.9000244140625,689.3499755859375,688.844970703125,689.260009765625,673046
2026-02-20 15:57:00,689.260009765625,689.2899780273438,688.9650268554688,689.030029296875,519753
2026-02-20 15:58:00,689.0349731445312,689.2100219726562,688.9400024414062,688.9525146484375,764315
2026-02-20 15:59:00,688.9500122070312,689.5,688.89501953125,689.3499755859375,1859654
2026-02-23 09:30:00,687.8300170898438,689.2100219726562,687.6799926757812,689.1124877929688,1695128
2026-02-23 09:31:00,689.0900268554688,689.1900024414062,688.7100219726562,688.8599243164062,327474
2026-02-23 09:32:00,688.8400268554688,689.6699829101562,688.8400268554688,689.5142211914062,486416
2026-02-23 09:33:00,689.5399780273438,689.72998046875,689.3300170898438,689.5800170898438,453504
2026-02-23 09:34:00,689.5999755859375,689.7598876953125,689.219970703125,689.3900146484375,382706
2026-02-23 09:35:00,689.3699951171875,689.5,689.0599975585938,689.27001953125,436440
2026-02-23 09:36:00,689.280029296875,689.4550170898438,688.8900756835938,689.1500244140625,367961
2026-02-23 09:37:00,689.1400146484375,689.6799926757812,688.9099731445312,689.5999755859375,294964
2026-02-23 09:38:00,689.5800170898438,690.0,689.510009765625,689.8200073242188,469015
2026-02-23 09:39:00,689.8300170898438,689.8599853515625,689.3200073242188,689.5700073242188,305128
2026-02-23 09:40:00,689.5599975585938,689.5700073242188,688.3400268554688,688.3800048828125,349861
2026-02-23 09:41:00,688.3699951171875,688.5599975585938,687.9500122070312,688.02001953125,445813
2026-02-23 09:42:00,688.0150146484375,688.1599731445312,687.5399780273438,687.8699951171875,442261
2026-02-23 09:43:00,687.8499755859375,687.9600219726562,687.4400024414062,687.9450073242188,431597
2026-02-23 09:44:00,687.9500122070312,688.22998046875,687.530029296875,687.5399780273438,405833
2026-02-23 09:45:00,687.5499877929688,687.7999877929688,687.239990234375,687.280029296875,422007
2026-02-23 09:46:00,687.260009765625,687.7849731445312,687.0399780273438,687.6900024414062,471378
2026-02-23 09:47:00,687.6799926757812,687.8900146484375,687.2899780273438,687.469970703125,388404
2026-02-23 09:48:00,687.4600219726562,687.7150268554688,687.1199951171875,687.3400268554688,320478
2026-02-23 09:49:00,687.3499755859375,687.5,686.760009765625,686.9000244140625,305314
2026-02-23 09:50:00,686.9000244140625,688.030029296875,686.8599853515625,687.8599853515625,360399
2026-02-23 09:51:00,687.8800048828125,688.1400146484375,687.6199951171875,687.6400146484375,282364
2026-02-23 09:52:00,687.6300048828125,687.8200073242188,687.1799926757812,687.469970703125,273572
2026-02-23 09:53:00,687.469970703125,687.6400146484375,687.0499877929688,687.2000122070312,337034
2026-02-23 09:54:00,687.1900024414062,687.280029296875,686.8900146484375,687.1500244140625,229646
2026-02-23 09:55:00,687.0800170898438,687.25,686.6699829101562,686.7999877929688,312112
2026-02-23 09:56:00,686.7899780273438,687.010009765625,686.4600219726562,686.6099853515625,274800
2026-02-23 09:57:00,686.6099853515625,687.0886840820312,686.469970703125,686.6400146484375,225091
2026-02-23 09:58:00,686.6199951171875,686.6799926757812,686.2999877929688,686.4249877929688,279057
2026-02-23 09:59:00,686.4400024414062,686.6400146484375,686.3101196289062,686.530029296875,231203
2026-02-23 10:00:00,686.5,686.5599975585938,686.0401000976562,686.3800048828125,348239
2026-02-23 10:01:00,686.3699951171875,687.22998046875,686.3200073242188,686.6599731445312,283098
2026-02-23 10:02:00,686.6699829101562,686.9299926757812,686.489990234375,686.5,113638
2026-02-23 10:03:00,686.47998046875,686.9400024414062,686.1799926757812,686.1799926757812,208340
2026-02-23 10:04:00,686.1799926757812,686.3212890625,685.219970703125,685.280029296875,493736
2026-02-23 10:05:00,685.280029296875,685.47998046875,684.919921875,685.030029296875,399808
2026-02-23 10:06:00,685.010009765625,685.7100219726562,684.989990234375,685.5999755859375,369572
2026-02-23 10:07:00,685.5999755859375,685.7100219726562,685.3699951171875,685.6699829101562,217720
2026-02-23 10:08:00,685.6799926757812,685.7100219726562,685.1699829101562,685.3400268554688,247584
2026-02-23 10:09:00,685.3350219726562,685.3900146484375,684.6599731445312,684.9299926757812,386940
2026-02-23 10:10:00,684.9400024414062,685.6699829101562,684.9299926757812,685.6300048828125,308965
2026-02-23 10:11:00,685.6300048828125,685.6300048828125,685.1400146484375,685.1599731445312,289823
2026-02-23 10:12:00,685.1400146484375,685.2000122070312,684.780029296875,684.864990234375,270274
2026-02-23 10:13:00,684.8599853515625,684.905029296875,684.530029296875,684.7150268554688,391256
2026-02-23 10:14:00,684.7150268554688,684.9199829101562,684.6500244140625,684.77001953125,230090
2026-02-23 10:15:00,684.760009765625,684.8900146484375,684.6400146484375,684.7498779296875,265293
2026-02-23 10:16:00,684.719970703125,684.89501953125,684.510009765625,684.7600708007812,243052
2026-02-23 10:17:00,684.77001953125,684.989990234375,684.6599731445312,684.7650146484375,276358
2026-02-23 10:18:00,684.75,685.010009765625,684.7000122070312,684.989990234375,228167
2026-02-23 10:19:00,685.0,685.0399780273438,684.6599731445312,684.9550170898438,320906
2026-02-23 10:20:00,684.9550170898438,685.1799926757812,684.75,685.1199951171875,260429
2026-02-23 10:21:00,685.1300048828125,685.5599975585938,684.9099731445312,685.2949829101562,288327
2026-02-23 10:22:00,685.27001953125,685.27001953125,684.7000122070312,684.77001953125,236622
2026-02-23 10:23:00,684.780029296875,685.030029296875,684.6400146484375,684.7100219726562,208861
2026-02-23 10:24:00,684.72998046875,685.1199951171875,684.4212036132812,684.7999877929688,264382
2026-02-23 10:25:00,684.8300170898438,684.8599853515625,684.4000244140625,684.5399780273438,182643
2026-02-23 10:26:00,684.5399780273438,684.8099975585938,684.4349975585938,684.719970703125,182620
2026-02-23 10:27:00,684.719970703125,684.8200073242188,684.5399780273438,684.5599975585938,165332
2026-02-23 10:28:00,684.5499877929688,684.6400146484375,684.2799072265625,684.3400268554688,174507
2026-02-23 10:29:00,684.3400268554688,684.6500244140625,684.3250122070312,684.510009765625,188880
2026-02-23 10:30:00,684.5,684.72998046875,684.3200073242188,684.6300048828125,242829
2026-02-23 10:31:00,684.64501953125,684.64501953125,684.3300170898438,684.530029296875,176040
2026-02-23 10:32:00,684.530029296875,684.5449829101562,684.1300048828125,684.3699951171875,279236
2026-02-23 10:33:00,684.3599853515625,685.0050048828125,684.3400268554688,684.4000244140625,266463
2026-02-23 10:34:00,684.4099731445312,684.5999755859375,683.969970703125,684.02001953125,278279
2026-02-23 10:35:00,684.0250244140625,684.030029296875,683.780029296875,683.8200073242188,246388
2026-02-23 10:36:00,683.8287963867188,683.9500122070312,683.639892578125,683.9500122070312,294448
2026-02-23 10:37:00,683.9500122070312,684.47998046875,683.9299926757812,684.3200073242188,307226
2026-02-23 10:38:00,684.2899780273438,684.5,684.010009765625,684.0800170898438,179730
2026-02-23 10:39:00,684.0599975585938,684.239990234375,683.8699951171875,684.0999755859375,149099
2026-02-23 10:40:00,684.0900268554688,684.219970703125,683.8599853515625,684.0900268554688,154183
2026-02-23 10:41:00,684.0798950195312,684.25,683.9686889648438,684.0700073242188,159949
2026-02-23 10:42:00,684.0549926757812,684.0750122070312,683.7100219726562,683.8400268554688,216713
2026-02-23 10:43:00,683.8499755859375,683.989990234375,683.72998046875,683.8200073242188,116410
2026-02-23 10:44:00,683.81689453125,683.8499755859375,683.4099731445312,683.6799926757812,300264
2026-02-23 10:45:00,683.6699829101562,683.8599853515625,683.5050048828125,683.7550048828125,261994
2026-02-23 10:46:00,683.7650146484375,683.7999877929688,683.3699951171875,683.489990234375,172633
2026-02-23 10:47:00,683.5050048828125,683.9450073242188,683.469970703125,683.8400268554688,288100
2026-02-23 10:48:00,683.8300170898438,683.8300170898438,683.5449829101562,683.760009765625,131426
2026-02-23 10:49:00,683.77001953125,683.7901000976562,683.52001953125,683.5549926757812,173588
2026-02-23 10:50:00,683.5599975585938,683.8699951171875,683.5,683.5449829101562,210054
2026-02-23 10:51:00,683.5599975585938,683.7100219726562,683.47998046875,683.5499877929688,139549
2026-02-23 10:52:00,683.5499877929688,683.5700073242188,682.6699829101562,682.8049926757812,445982
2026-02-23 10:53:00,682.7899780273438,683.219970703125,682.7650146484375,683.1699829101562,306534
2026-02-23 10:54:00,683.1699829101562,683.1699829101562,682.77001953125,682.7999877929688,217587
2026-02-23 10:55:00,682.7999877929688,682.9149780273438,682.5549926757812,682.5900268554688,290850
2026-02-23 10:56:00,682.5999755859375,682.6749877929688,682.4299926757812,682.5599975585938,354720
2026-02-23 10:57:00,682.5599975585938,682.8099975585938,682.5,682.7000122070312,262856
2026-02-23 10:58:00,682.7098999023438,682.780029296875,682.3900146484375,682.4650268554688,212762
2026-02-23 10:59:00,682.4600219726562,682.530029296875,682.1799926757812,682.260009765625,257795
2026-02-23 11:00:00,682.27001953125,682.510009765625,682.219970703125,682.3599853515625,247156
2026-02-23 11:01:00,682.3499755859375,682.4500122070312,681.989990234375,682.0,221606
2026-02-23 11:02:00,682.010009765625,682.2100219726562,681.6699829101562,681.7650146484375,494934
2026-02-23 11:03:00,681.7550048828125,681.8300170898438,681.3400268554688,681.3499755859375,325427
2026-02-23 11:04:00,681.3499755859375,681.4500122070312,680.85498046875,681.3099975585938,441990
2026-02-23 11:05:00,681.3200073242188,681.3900146484375,681.1599731445312,681.2349853515625,234228
2026-02-23 11:06:00,681.239990234375,681.3980102539062,680.8300170898438,681.25,285827
2026-02-23 11:07:00,681.239990234375,681.280029296875,681.02001953125,681.1680297851562,341679
2026-02-23 11:08:00,681.1500244140625,681.280029296875,680.8599853515625,681.0700073242188,272496
2026-02-23 11:09:00,681.0700073242188,681.0800170898438,680.75,680.9199829101562,220508
2026-02-23 11:10:00,680.9400024414062,681.4099731445312,680.9400024414062,681.2550048828125,307613
2026-02-23 11:11:00,681.2550048828125,681.2999267578125,680.7999877929688,680.9199829101562,214854
2026-02-23 11:12:00,680.9299926757812,680.9400024414062,680.6599731445312,680.7449951171875,210161
2026-02-23 11:13:00,680.75,680.9299926757812,680.5800170898438,680.9299926757812,265505
2026-02-23 11:14:00,680.9299926757812,680.9500122070312,680.5900268554688,680.7000122070312,208415
2026-02-23 11:15:00,680.6900024414062,680.9099731445312,680.4400024414062,680.4550170898438,228673
2026-02-23 11:16:00,680.4400024414062,680.6500244140625,680.3709716796875,680.6099853515625,255289
2026-02-23 11:17:00,680.6199951171875,681.0900268554688,680.6099853515625,681.030029296875,245318
2026-02-23 11:18:00,681.0399780273438,681.4099731445312,681.0399780273438,681.22998046875,382862
2026-02-23 11:19:00,681.239990234375,681.6199951171875,681.1599731445312,681.5700073242188,279380
2026-02-23 11:20:00,681.5599975585938,681.969970703125,681.5250244140625,681.780029296875,243641
2026-02-23 11:21:00,681.780029296875,682.0800170898438,681.7100219726562,682.030029296875,303241
2026-02-23 11:22:00,682.0399780273438,682.1400146484375,681.7999877929688,681.8800048828125,327586
2026-02-23 11:23:00,681.8701782226562,681.9500122070312,681.5700073242188,681.8699951171875,234437
2026-02-23 11:24:00,681.8800048828125,681.9199829101562,681.4600219726562,681.7899780273438,306752
2026-02-23 11:25:00,681.780029296875,682.219970703125,681.7449951171875,682.0599975585938,190154
2026-02-23 11:26:00,682.0900268554688,682.3599853515625,681.9199829101562,682.2899780273438,290934
2026-02-23 11:27:00,682.3099975585938,682.5999755859375,682.1699829101562,682.4901123046875,374214
2026-02-23 11:28:00,682.489990234375,682.7100219726562,682.280029296875,682.6400146484375,187358
2026-02-23 11:29:00,682.6500244140625,682.9099731445312,682.6300048828125,682.8699951171875,167585
2026-02-23 11:30:00,682.8800048828125,683.0,682.6400146484375,682.8599853515625,239008
2026-02-23 11:31:00,682.8599853515625,683.0850219726562,682.5399780273438,682.5599975585938,240318
2026-02-23 11:32:00,682.5650024414062,682.8099975585938,682.5499877929688,682.77001953125,216245
2026-02-23 11:33:00,682.780029296875,682.8499755859375,682.5499877929688,682.6849975585938,180649
2026-02-23 11:34:00,682.6900024414062,682.7700805664062,682.510009765625,682.6599731445312,164832
2026-02-23 11:35:00,682.6500244140625,682.739990234375,682.4299926757812,682.639892578125,202478
2026-02-23 11:36:00,682.6400146484375,682.7000122070312,682.4000244140625,682.5700073242188,148774
2026-02-23 11:37:00,682.5499877929688,682.9500122070312,682.52001953125,682.9500122070312,140653
2026-02-23 11:38:00,682.9500122070312,682.97998046875,682.47998046875,682.489990234375,161190
2026-02-23 11:39:00,682.47998046875,682.6799926757812,682.4249877929688,682.4849853515625,138974
2026-02-23 11:40:00,682.469970703125,682.6500244140625,682.3099975585938,682.3699951171875,201147
2026-02-23 11:41:00,682.3800048828125,682.6199951171875,682.2100219726562,682.47998046875,164455
2026-02-23 11:42:00,682.489990234375,682.7000122070312,682.3699951171875,682.4600219726562,173254
2026-02-23 11:43:00,682.4600219726562,682.739990234375,682.4199829101562,682.7150268554688,81556
2026-02-23 11:44:00,682.719970703125,682.7449951171875,682.2949829101562,682.4000244140625,100537
2026-02-23 11:45:00,682.39501953125,682.5700073242188,682.2000122070312,682.469970703125,136044
2026-02-23 11:46:00,682.469970703125,682.469970703125,682.0120849609375,682.147216796875,149770
2026-02-23 11:47:00,682.1400146484375,682.27001953125,681.9099731445312,682.2000122070312,169222
2026-02-23 11:48:00,682.1900024414062,682.219970703125,681.8099975585938,681.8099975585938,103987
2026-02-23 11:49:00,681.8049926757812,682.27001953125,681.780029296875,682.1203002929688,92675
2026-02-23 11:50:00,682.0999755859375,682.3900146484375,682.030029296875,682.1599731445312,189032
2026-02-23 11:51:00,682.1599731445312,682.625,681.969970703125,682.469970703125,141558
2026-02-23 11:52:00,682.47998046875,682.5349731445312,682.2899780273438,682.3300170898438,134880
2026-02-23 11:53:00,682.3400268554688,682.52001953125,682.22998046875,682.4749755859375,117024
2026-02-23 11:54:00,682.4600219726562,682.530029296875,682.0900268554688,682.1900024414062,110632
2026-02-23 11:55:00,682.2000122070312,682.3200073242188,681.969970703125,682.1799926757812,112127
2026-02-23 11:56:00,682.1900024414062,682.2000122070312,681.9400024414062,682.0700073242188,112562
2026-02-23 11:57:00,682.0650024414062,682.27001953125,681.9400024414062,681.9400024414062,113253
2026-02-23 11:58:00,681.9400024414062,682.0499877929688,681.8499755859375,681.8699951171875,92328
2026-02-23 11:59:00,681.8900146484375,682.02001953125,681.7899780273438,681.9600219726562,93889
2026-02-23 12:00:00,681.969970703125,682.3599853515625,681.8300170898438,682.3099975585938,206388
2026-02-23 12:01:00,682.3200073242188,682.4600219726562,682.22998046875,682.3499755859375,135489
2026-02-23 12:02:00,682.3499755859375,682.4099731445312,682.02001953125,682.1300048828125,130177
2026-02-23 12:03:00,682.1099853515625,682.1199951171875,681.9099731445312,681.9400024414062,91894
2026-02-23 12:04:00,681.9400024414062,682.1300048828125,681.7899780273438,682.0800170898438,84680
2026-02-23 12:05:00,682.0499877929688,682.2750244140625,682.0,682.0800170898438,122120
2026-02-23 12:06:00,682.0700073242188,682.469970703125,681.9749755859375,682.3099975585938,94347
2026-02-23 12:07:00,682.3099975585938,682.3399047851562,681.969970703125,682.0700073242188,97041
2026-02-23 12:08:00,682.0599975585938,682.3499755859375,682.010009765625,682.2100219726562,96418
2026-02-23 12:09:00,682.2249755859375,682.239990234375,681.9299926757812,682.0599975585938,83434
2026-02-23 12:10:00,682.0399780273438,682.1599731445312,681.9500122070312,682.0900268554688,75223
2026-02-23 12:11:00,682.0750122070312,682.260009765625,681.8400268554688,682.0700073242188,84509
2026-02-23 12:12:00,682.0499877929688,682.1300048828125,681.8400268554688,681.8599853515625,69778
2026-02-23 12:13:00,681.85498046875,682.0700073242188,681.8099975585938,681.8499755859375,56271
2026-02-23 12:14:00,681.8400268554688,681.8900146484375,681.5900268554688,681.77001953125,85122
2026-02-23 12:15:00,681.77001953125,682.0399780273438,681.75,681.85498046875,100921
2026-02-23 12:16:00,681.8599853515625,682.1699829101562,681.72998046875,682.1300048828125,117670
2026-02-23 12:17:00,682.1099853515625,682.22998046875,681.9299926757812,682.135009765625,95979
2026-02-23 12:18:00,682.1300048828125,682.2650146484375,682.0399780273438,682.2100219726562,85878
2026-02-23 12:19:00,682.2100219726562,682.2100219726562,681.8200073242188,681.8201293945312,54266
2026-02-23 12:20:00,681.8300170898438,681.9400024414062,681.739990234375,681.9199829101562,82904
2026-02-23 12:21:00,681.9199829101562,682.0599975585938,681.8900146484375,682.030029296875,55750
2026-02-23 12:22:00,682.030029296875,682.1300048828125,681.8250122070312,682.0999755859375,51897
2026-02-23 12:23:00,682.0999755859375,682.239990234375,681.8699951171875,682.0349731445312,61906
2026-02-23 12:24:00,682.030029296875,682.0599975585938,681.8400268554688,681.8499755859375,61707
2026-02-23 12:25:00,681.8499755859375,682.0399780273438,681.8300170898438,681.989990234375,67182
2026-02-23 12:26:00,681.989990234375,682.010009765625,681.7100219726562,681.8599853515625,69717
2026-02-23 12:27:00,681.8599853515625,682.0800170898438,681.8099975585938,681.8800048828125,74122
2026-02-23 12:28:00,681.8699951171875,681.8800048828125,681.7000122070312,681.7999877929688,62999
2026-02-23 12:29:00,681.7999877929688,681.8099975585938,681.6699829101562,681.6900024414062,103858
2026-02-23 12:30:00,681.7000122070312,681.739990234375,681.5599975585938,681.625,90304
2026-02-23 12:31:00,681.6199951171875,681.7100219726562,681.469970703125,681.6699829101562,99849
2026-02-23 12:32:00,681.6799926757812,681.7000122070312,681.469970703125,681.5399780273438,52634
2026-02-23 12:33:00,681.5499877929688,681.6749877929688,681.489990234375,681.52001953125,71628
2026-02-23 12:34:00,681.52001953125,681.530029296875,681.27001953125,681.3499755859375,92560
2026-02-23 12:35:00,681.3499755859375,681.3599853515625,681.094970703125,681.1599731445312,170873
2026-02-23 12:36:00,681.1500244140625,681.25,680.9099731445312,680.9299926757812,147757
2026-02-23 12:37:00,680.9199829101562,680.9199829101562,680.6099853515625,680.7000122070312,164997
2026-02-23 12:38:00,680.7000122070312,680.8300170898438,680.6099853515625,680.7750244140625,169809
2026-02-23 12:39:00,680.780029296875,680.97998046875,680.6199951171875,680.6199951171875,168882
2026-02-23 12:40:00,680.6300048828125,680.9400024414062,680.5900268554688,680.9099731445312,173928
2026-02-23 12:41:00,680.9000244140625,681.3699951171875,680.89501953125,681.1799926757812,238396
2026-02-23 12:42:00,681.1849975585938,681.47998046875,681.1300048828125,681.3800048828125,242115
2026-02-23 12:43:00,681.3800048828125,681.7000122070312,681.280029296875,681.6090698242188,120305
2026-02-23 12:44:00,681.5900268554688,681.635009765625,681.1599731445312,681.1599731445312,262079
2026-02-23 12:45:00,681.1599731445312,681.52001953125,681.1599731445312,681.489990234375,107218
2026-02-23 12:46:00,681.4949951171875,681.5349731445312,681.1099853515625,681.2567138671875,93766
2026-02-23 12:47:00,681.25,681.3300170898438,681.0599975585938,681.1599731445312,94760
2026-02-23 12:48:00,681.155517578125,681.280029296875,680.97998046875,681.0999755859375,85383
2026-02-23 12:49:00,681.1099853515625,681.219970703125,681.0800170898438,681.1099853515625,216874
2026-02-23 12:50:00,681.0999755859375,681.4199829101562,681.0700073242188,681.4199829101562,87920
2026-02-23 12:51:00,681.4299926757812,681.5499877929688,681.22998046875,681.25,100818
2026-02-23 12:52:00,681.239990234375,681.72998046875,681.219970703125,681.7050170898438,108854
2026-02-23 12:53:00,681.7100219726562,682.1699829101562,681.6699829101562,681.969970703125,182038
2026-02-23 12:54:00,681.97998046875,682.1400146484375,681.8699951171875,681.9550170898438,99718
2026-02-23 12:55:00,681.9550170898438,682.1500244140625,681.7899780273438,682.0999755859375,128306
2026-02-23 12:56:00,682.1099853515625,682.1500244140625,681.8099975585938,682.1500244140625,146170
2026-02-23 12:57:00,682.1599731445312,682.2999877929688,682.0001220703125,682.2000732421875,156596
2026-02-23 12:58:00,682.2100219726562,682.3499755859375,682.0700073242188,682.22998046875,132925
2026-02-23 12:59:00,682.22998046875,682.22998046875,681.7999877929688,682.0449829101562,141688
2026-02-23 13:00:00,682.0399780273438,682.3599853515625,681.9400024414062,682.3499755859375,131448
2026-02-23 13:01:00,682.3300170898438,682.4000244140625,682.260009765625,682.3800048828125,88011
2026-02-23 13:02:00,682.3699951171875,682.47998046875,682.260009765625,682.4199829101562,112800
2026-02-23 13:03:00,682.4099731445312,682.4744262695312,682.3099975585938,682.4099731445312,81905
2026-02-23 13:04:00,682.39501953125,682.5089721679688,682.2999877929688,682.4199829101562,63888
2026-02-23 13:05:00,682.4099731445312,682.5999755859375,682.3599853515625,682.510009765625,109424
2026-02-23 13:06:00,682.489990234375,682.6599731445312,682.385009765625,682.6599731445312,111182
2026-02-23 13:07:00,682.6599731445312,682.8699951171875,682.655029296875,682.8300170898438,196014
2026-02-23 13:08:00,682.8300170898438,682.8800048828125,682.6799926757812,682.760009765625,118353
2026-02-23 13:09:00,682.77001953125,682.9000244140625,682.6950073242188,682.8800048828125,78542
2026-02-23 13:10:00,682.8699951171875,682.9099731445312,682.72998046875,682.8400268554688,79078
2026-02-23 13:11:00,682.8400268554688,682.969970703125,682.6400146484375,682.9149780273438,174761
2026-02-23 13:12:00,682.9199829101562,683.0,682.739990234375,682.760009765625,90670
2026-02-23 13:13:00,682.760009765625,682.989990234375,682.7100219726562,682.9600219726562,80918
2026-02-23 13:14:00,682.9600219726562,683.1900024414062,682.9199829101562,683.0800170898438,175330
2026-02-23 13:15:00,683.0900268554688,683.3099975585938,682.97998046875,683.260009765625,147030
2026-02-23 13:16:00,683.260009765625,683.364990234375,683.1900024414062,683.3049926757812,110702
2026-02-23 13:17:00,683.3099975585938,683.4099731445312,683.219970703125,683.2899169921875,152284
2026-02-23 13:18:00,683.2899780273438,683.3001098632812,683.0900268554688,683.1599731445312,114609
2026-02-23 13:19:00,683.1500244140625,683.280029296875,683.0704956054688,683.1400146484375,79549
2026-02-23 13:20:00,683.1500244140625,683.3400268554688,683.0700073242188,683.33251953125,62611
2026-02-23 13:21:00,683.3400268554688,683.375,683.2550048828125,683.3300170898438,120376
2026-02-23 13:22:00,683.3300170898438,683.6699829101562,683.3300170898438,683.5700073242188,193123
2026-02-23 13:23:00,683.5700073242188,683.7899780273438,683.5499877929688,683.7100219726562,139933
2026-02-23 13:24:00,683.7100219726562,683.7899780273438,683.6400146484375,683.739990234375,98493
2026-02-23 13:25:00,683.719970703125,683.7999877929688,683.5700073242188,683.6300048828125,169329
2026-02-23 13:26:00,683.6199951171875,683.719970703125,683.5700073242188,683.719970703125,81190
2026-02-23 13:27:00,683.72998046875,683.760009765625,683.5800170898438,683.6099853515625,98153
2026-02-23 13:28:00,683.6199951171875,683.9500122070312,683.6199951171875,683.875,135410
2026-02-23 13:29:00,683.8800048828125,683.9000244140625,683.719970703125,683.8098754882812,129902
2026-02-23 13:30:00,683.8099975585938,683.8200073242188,683.4199829101562,683.5399780273438,143758
2026-02-23 13:31:00,683.5499877929688,683.5650024414062,683.4299926757812,683.5399780273438,81082
2026-02-23 13:32:00,683.5399780273438,683.7449951171875,683.530029296875,683.739990234375,95706
2026-02-23 13:33:00,683.739990234375,683.75,683.52001953125,683.635009765625,69088
2026-02-23 13:34:00,683.6500244140625,683.77001953125,683.6500244140625,683.7000122070312,101390
2026-02-23 13:35:00,683.7100219726562,683.780029296875,683.5999755859375,683.6599731445312,79556
2026-02-23 13:36:00,683.6699829101562,683.8699951171875,683.6699829101562,683.8682861328125,121607
2026-02-23 13:37:00,683.8800048828125,683.9099731445312,683.5900268554688,683.6199951171875,142379
2026-02-23 13:38:00,683.6199951171875,683.6400146484375,683.469970703125,683.5250244140625,133432
2026-02-23 13:39:00,683.530029296875,683.530029296875,683.3699951171875,683.385009765625,135118
2026-02-23 13:40:00,683.4000244140625,683.5399780273438,683.3150024414062,683.3300170898438,100113
2026-02-23 13:41:00,683.3400268554688,683.3699951171875,683.1799926757812,683.260009765625,113562
2026-02-23 13:42:00,683.25,683.39501953125,683.1749877929688,683.3499755859375,97912
2026-02-23 13:43:00,683.3599853515625,683.385009765625,683.0499877929688,683.1950073242188,68604
2026-02-23 13:44:00,683.1799926757812,683.1849975585938,682.85498046875,683.0250244140625,83925
2026-02-23 13:45:00,683.030029296875,683.0900268554688,682.8499755859375,682.9450073242188,135234
2026-02-23 13:46:00,682.9298706054688,682.989990234375,682.8200073242188,682.9500122070312,81550
2026-02-23 13:47:00,682.9199829101562,683.0399780273438,682.8250122070312,683.0150146484375,78163
2026-02-23 13:48:00,683.02001953125,683.3900146484375,682.97998046875,683.2698974609375,139583
2026-02-23 13:49:00,683.260009765625,683.4000244140625,683.1799926757812,683.2150268554688,108058
2026-02-23 13:50:00,683.219970703125,683.280029296875,683.0299072265625,683.0299072265625,89683
2026-02-23 13:51:00,683.0349731445312,683.1300048828125,682.9550170898438,683.02001953125,52521
2026-02-23 13:52:00,683.02001953125,683.030029296875,682.8599853515625,682.8699951171875,54530
2026-02-23 13:53:00,682.8699951171875,682.969970703125,682.7349853515625,682.7349853515625,100082
2026-02-23 13:54:00,682.760009765625,682.7750244140625,682.489990234375,682.52001953125,155814
2026-02-23 13:55:00,682.510009765625,682.5999755859375,682.22998046875,682.2487182617188,176544
2026-02-23 13:56:00,682.2449951171875,682.260009765625,682.0700073242188,682.1199951171875,142130
2026-02-23 13:57:00,682.1199951171875,682.2100219726562,682.030029296875,682.0900268554688,127450
2026-02-23 13:58:00,682.1199951171875,682.1900024414062,681.8699951171875,681.9600219726562,160431
2026-02-23 13:59:00,681.9500122070312,682.0700073242188,681.9000244140625,682.010009765625,111165
2026-02-23 14:00:00,682.02001953125,682.260009765625,682.0,682.2100219726562,175960
2026-02-23 14:01:00,682.219970703125,682.280029296875,682.0399780273438,682.1199951171875,146969
2026-02-23 14:02:00,682.1199951171875,682.1699829101562,681.7949829101562,681.8499755859375,148028
2026-02-23 14:03:00,681.8400268554688,681.969970703125,681.7520141601562,681.885009765625,174190
2026-02-23 14:04:00,681.8900146484375,681.9949951171875,681.7899780273438,681.8099975585938,114881
2026-02-23 14:05:00,681.8099975585938,681.9600219726562,681.760498046875,681.8900146484375,104689
2026-02-23 14:06:00,681.885009765625,681.969970703125,681.72998046875,681.8599853515625,133130
2026-02-23 14:07:00,681.8699951171875,682.135009765625,681.739990234375,682.010009765625,139956
2026-02-23 14:08:00,682.02001953125,682.0499877929688,681.8300170898438,681.8499755859375,97458
2026-02-23 14:09:00,681.844970703125,681.9299926757812,681.739990234375,681.9000854492188,125983
2026-02-23 14:10:00,681.9099731445312,681.9500122070312,681.6950073242188,681.8400268554688,114859
2026-02-23 14:11:00,681.8300170898438,682.0700073242188,681.8300170898438,682.0150146484375,147476
2026-02-23 14:12:00,682.02001953125,682.0698852539062,681.8800048828125,682.030029296875,148114
2026-02-23 14:13:00,682.0399780273438,682.1099853515625,681.9099731445312,682.0549926757812,134882
2026-02-23 14:14:00,682.0599975585938,682.1500244140625,681.8499755859375,681.8599853515625,159680
2026-02-23 14:15:00,681.8599853515625,682.0800170898438,681.8300170898438,682.030029296875,104162
2026-02-23 14:16:00,682.0399780273438,682.0850219726562,681.6799926757812,681.8099975585938,101575
2026-02-23 14:17:00,681.8200073242188,681.8364868164062,681.6099853515625,681.6649780273438,102582
2026-02-23 14:18:00,681.6699829101562,681.77001953125,681.6300048828125,681.7449951171875,84965
2026-02-23 14:19:00,681.75,681.7899780273438,681.6701049804688,681.760009765625,72725
2026-02-23 14:20:00,681.75,681.905029296875,681.6400146484375,681.8300170898438,110442
2026-02-23 14:21:00,681.8300170898438,681.8300170898438,681.5700073242188,681.719970703125,120215
2026-02-23 14:22:00,681.7150268554688,681.8699951171875,681.5499877929688,681.7849731445312,99353
2026-02-23 14:23:00,681.7899780273438,681.8699951171875,681.60498046875,681.614990234375,203778
2026-02-23 14:24:00,681.60498046875,681.7449951171875,681.5999755859375,681.7449951171875,107003
2026-02-23 14:25:00,681.7449951171875,681.7899780273438,681.6849975585938,681.72998046875,57595
2026-02-23 14:26:00,681.739990234375,681.7899780273438,681.6599731445312,681.739990234375,78535
2026-02-23 14:27:00,681.739990234375,681.8800048828125,681.6699829101562,681.7000122070312,86668
2026-02-23 14:28:00,681.7000122070312,681.719970703125,681.5112915039062,681.5900268554688,86273
2026-02-23 14:29:00,681.5900268554688,681.5900268554688,681.1699829101562,681.27001953125,725884
2026-02-23 14:30:00,681.2550048828125,681.489990234375,681.2550048828125,681.4400024414062,140845
2026-02-23 14:31:00,681.4299926757812,681.47998046875,681.2750244140625,681.3499755859375,82519
2026-02-23 14:32:00,681.3699951171875,681.5999755859375,681.3499755859375,681.489990234375,148025
2026-02-23 14:33:00,681.510009765625,681.6599731445312,681.4099731445312,681.4199829101562,82301
2026-02-23 14:34:00,681.4199829101562,681.4249877929688,681.219970703125,681.3099975585938,99647
2026-02-23 14:35:00,681.2999877929688,681.3200073242188,681.1500244140625,681.2698974609375,70852
2026-02-23 14:36:00,681.27001953125,681.27001953125,680.9500122070312,681.0,192098
2026-02-23 14:37:00,680.989990234375,681.1500244140625,680.9550170898438,681.1300048828125,67005
2026-02-23 14:38:00,681.1199951171875,681.1500244140625,680.989990234375,681.0800170898438,130522
2026-02-23 14:39:00,681.0800170898438,681.219970703125,681.0650024414062,681.1300048828125,88296
2026-02-23 14:40:00,681.1400146484375,681.1599731445312,680.8699951171875,681.1400146484375,139868
2026-02-23 14:41:00,681.1400146484375,681.1599731445312,680.8200073242188,680.8400268554688,86548
2026-02-23 14:42:00,680.8499755859375,680.9777221679688,680.8200073242188,680.9000244140625,128261
2026-02-23 14:43:00,680.8900146484375,680.9199829101562,680.625,680.719970703125,136387
2026-02-23 14:44:00,680.719970703125,680.8900146484375,680.5399780273438,680.8599853515625,140161
2026-02-23 14:45:00,680.8599853515625,680.9500122070312,680.77001953125,680.9299926757812,130309
2026-02-23 14:46:00,680.9249877929688,681.1699829101562,680.8400268554688,681.010009765625,214879
2026-02-23 14:47:00,681.010009765625,681.2000122070312,681.010009765625,681.0399780273438,189966
2026-02-23 14:48:00,681.0499267578125,681.39990234375,680.9702758789062,681.3900146484375,145474
2026-02-23 14:49:00,681.3900146484375,681.5,681.2249755859375,681.3699951171875,178613
2026-02-23 14:50:00,681.3599853515625,681.4600219726562,681.1400146484375,681.3499755859375,125189
2026-02-23 14:51:00,681.3599853515625,681.39501953125,681.0899047851562,681.2750244140625,188462
2026-02-23 14:52:00,681.2750244140625,681.3699951171875,681.2399291992188,681.2999877929688,58194
2026-02-23 14:53:00,681.3099975585938,681.3099975585938,681.0999755859375,681.25,107441
2026-02-23 14:54:00,681.25,681.27001953125,681.10498046875,681.1599731445312,97255
2026-02-23 14:55:00,681.1500244140625,681.2100219726562,681.0,681.0700073242188,110343
2026-02-23 14:56:00,681.0650024414062,681.5,681.0609741210938,681.4299926757812,204457
2026-02-23 14:57:00,681.4249877929688,681.530029296875,681.2999877929688,681.3099975585938,145016
2026-02-23 14:58:00,681.3200073242188,681.3400268554688,681.0999755859375,681.125,142115
2026-02-23 14:59:00,681.1199951171875,681.1749877929688,680.9500122070312,681.0599975585938,108495
2026-02-23 15:00:00,681.0599975585938,681.4299926757812,680.97998046875,681.3699951171875,167694
2026-02-23 15:01:00,681.3800048828125,681.3900146484375,681.2550048828125,681.260009765625,114562
2026-02-23 15:02:00,681.260009765625,681.3049926757812,681.02001953125,681.0599975585938,120757
2026-02-23 15:03:00,681.0599975585938,681.1500244140625,681.030029296875,681.0900268554688,111758
2026-02-23 15:04:00,681.0900268554688,681.219970703125,681.0599975585938,681.2000122070312,96408
2026-02-23 15:05:00,681.2000122070312,681.3400268554688,681.0599975585938,681.1500244140625,151636
2026-02-23 15:06:00,681.1400146484375,681.280029296875,681.0700073242188,681.0700073242188,110436
2026-02-23 15:07:00,681.0700073242188,681.0850219726562,680.8499755859375,680.9400024414062,329806
2026-02-23 15:08:00,680.9600219726562,681.0599975585938,680.8499755859375,680.9400024414062,185553
2026-02-23 15:09:00,680.9299926757812,680.9500122070312,680.8099975585938,680.9000244140625,339180
2026-02-23 15:10:00,680.905029296875,680.9400024414062,680.7150268554688,680.7999877929688,164469
2026-02-23 15:11:00,680.8150024414062,681.02001953125,680.8150024414062,680.8900146484375,121315
2026-02-23 15:12:00,680.880126953125,680.9650268554688,680.7899780273438,680.7999877929688,210546
2026-02-23 15:13:00,680.7999877929688,680.8400268554688,680.6500244140625,680.719970703125,196875
2026-02-23 15:14:00,680.719970703125,680.8599853515625,680.6950073242188,680.719970703125,78666
2026-02-23 15:15:00,680.719970703125,681.1900024414062,680.7150268554688,681.0800170898438,177470
2026-02-23 15:16:00,681.0900268554688,681.0999755859375,680.8599853515625,681.0,148385
2026-02-23 15:17:00,681.0,681.0599975585938,680.8800048828125,680.97998046875,94275
2026-02-23 15:18:00,680.9749755859375,681.0900268554688,680.8300170898438,681.0700073242188,110485
2026-02-23 15:19:00,681.0900268554688,681.1099853515625,680.9099731445312,680.9749755859375,107415
2026-02-23 15:20:00,680.969970703125,680.9949951171875,680.8400268554688,680.8499755859375,73439
2026-02-23 15:21:00,680.8499755859375,680.905029296875,680.760009765625,680.8400268554688,102520
2026-02-23 15:22:00,680.8400268554688,680.8800048828125,680.7999877929688,680.8499755859375,97557
2026-02-23 15:23:00,680.85498046875,680.9600219726562,680.8350219726562,680.905029296875,91561
2026-02-23 15:24:00,680.9099731445312,681.0999755859375,680.8499755859375,681.0999755859375,115422
2026-02-23 15:25:00,681.0900268554688,681.219970703125,681.030029296875,681.1849975585938,137112
2026-02-23 15:26:00,681.1799926757812,681.2999877929688,681.1099853515625,681.2000122070312,229512
2026-02-23 15:27:00,681.2000122070312,681.2999877929688,681.0900268554688,681.2100219726562,163817
2026-02-23 15:28:00,681.2100219726562,681.3800048828125,681.1300048828125,681.3300170898438,121924
2026-02-23 15:29:00,681.3300170898438,681.52001953125,681.280029296875,681.3499755859375,204176
2026-02-23 15:30:00,681.3400268554688,682.0599975585938,681.2999877929688,681.9000244140625,451710
2026-02-23 15:31:00,681.8900146484375,681.9400024414062,681.7000122070312,681.8300170898438,790686
2026-02-23 15:32:00,681.8099975585938,682.02001953125,681.64501953125,681.969970703125,365557
2026-02-23 15:33:00,681.9749755859375,682.25,681.8599853515625,682.1900024414062,293098
2026-02-23 15:34:00,682.2100219726562,682.239990234375,682.030029296875,682.08349609375,196681
2026-02-23 15:35:00,682.0800170898438,682.0800170898438,681.52001953125,681.530029296875,240611
2026-02-23 15:36:00,681.52001953125,681.9099731445312,681.489990234375,681.9000244140625,236578
2026-02-23 15:37:00,681.9000244140625,681.9000244140625,681.6400146484375,681.6599731445312,170727
2026-02-23 15:38:00,681.6649780273438,681.75,681.5399780273438,681.75,192168
2026-02-23 15:39:00,681.75,681.7550048828125,681.5900268554688,681.625,112581
2026-02-23 15:40:00,681.6199951171875,681.780029296875,681.489990234375,681.5050048828125,144601
2026-02-23 15:41:00,681.5,681.6699829101562,681.4600219726562,681.6400146484375,158333
2026-02-23 15:42:00,681.6400146484375,681.6400146484375,681.1400146484375,681.2349853515625,224565
2026-02-23 15:43:00,681.2349853515625,681.4600219726562,681.1699829101562,681.4600219726562,175473
2026-02-23 15:44:00,681.4600219726562,681.655029296875,681.4199829101562,681.655029296875,130523
2026-02-23 15:45:00,681.655029296875,681.6699829101562,681.3599853515625,681.4000244140625,193574
2026-02-23 15:46:00,681.4000244140625,681.47998046875,681.3599853515625,681.4149780273438,406799
2026-02-23 15:47:00,681.4099731445312,681.5700073242188,681.35498046875,681.4349975585938,471183
2026-02-23 15:48:00,681.4400024414062,681.8400268554688,681.4000244140625,681.8400268554688,267727
2026-02-23 15:49:00,681.8499755859375,681.989990234375,681.8375244140625,681.9329833984375,385806
2026-02-23 15:50:00,681.9400024414062,682.25,681.4650268554688,681.5800170898438,1390316
2026-02-23 15:51:00,681.5999755859375,681.719970703125,681.4450073242188,681.60498046875,1065761
2026-02-23 15:52:00,681.5999755859375,681.60498046875,681.2919921875,681.4299926757812,581656
2026-02-23 15:53:00,681.4249877929688,681.4400024414062,681.1099853515625,681.1699829101562,544765
2026-02-23 15:54:00,681.1699829101562,681.25,680.9600219726562,681.0599975585938,973438
2026-02-23 15:55:00,681.0549926757812,681.385009765625,680.9000244140625,681.2401123046875,658019
2026-02-23 15:56:00,681.2449951171875,681.3699951171875,681.0700073242188,681.0999755859375,687956
2026-02-23 15:57:00,681.094970703125,681.3494873046875,681.0800170898438,681.2150268554688,825906
2026-02-23 15:58:00,681.2100219726562,681.75,681.2100219726562,681.6199951171875,995354
2026-02-23 15:59:00,681.6199951171875,682.469970703125,681.22998046875,682.4099731445312,2407479
2026-02-24 09:30:00,681.9000244140625,682.217529296875,681.489990234375,681.760009765625,2460354
2026-02-24 09:31:00,681.77001953125,681.7999877929688,680.6599731445312,680.8599853515625,334755
2026-02-24 09:32:00,680.8400268554688,681.3599853515625,680.6799926757812,681.219970703125,287266
2026-02-24 09:33:00,681.22998046875,681.3800048828125,680.8300170898438,680.9400024414062,213675
2026-02-24 09:34:00,680.9299926757812,681.030029296875,680.5499877929688,680.7899780273438,318127
2026-02-24 09:35:00,680.780029296875,680.8300170898438,680.3400268554688,680.5549926757812,508533
2026-02-24 09:36:00,680.5599975585938,680.75,680.0,680.4500122070312,374296
2026-02-24 09:37:00,680.47998046875,680.8775024414062,680.1749877929688,680.7930908203125,318138
2026-02-24 09:38:00,680.7886962890625,682.27001953125,680.719970703125,682.0800170898438,584191
2026-02-24 09:39:00,682.1300048828125,682.530029296875,682.0700073242188,682.2789916992188,421442
2026-02-24 09:40:00,682.27001953125,683.010009765625,682.1900024414062,682.8099975585938,386000
2026-02-24 09:41:00,682.8400268554688,683.52001953125,682.75,683.4199829101562,488442
2026-02-24 09:42:00,683.469970703125,683.530029296875,683.032470703125,683.4199829101562,277997
2026-02-24 09:43:00,683.4099731445312,683.6099853515625,683.2600708007812,683.52001953125,243812
2026-02-24 09:44:00,683.5399780273438,684.3800048828125,683.5,684.3200073242188,357568
2026-02-24 09:45:00,684.3400268554688,684.5599975585938,684.02001953125,684.4099731445312,334401
2026-02-24 09:46:00,684.4400024414062,684.75,684.1799926757812,684.5700073242188,455661
2026-02-24 09:47:00,684.5800170898438,684.97998046875,684.5399780273438,684.840087890625,339100
2026-02-24 09:48:00,684.8599853515625,685.4600219726562,684.5599975585938,684.5999755859375,471920
2026-02-24 09:49:00,684.5999755859375,684.9500122070312,684.5540161132812,684.8699951171875,328581
2026-02-24 09:50:00,684.8800048828125,684.969970703125,684.4099731445312,684.530029296875,265964
2026-02-24 09:51:00,684.5399780273438,684.8599853515625,684.239990234375,684.5999755859375,287412
2026-02-24 09:52:00,684.6199951171875,684.72998046875,684.42041015625,684.6300048828125,219859
2026-02-24 09:53:00,684.5999755859375,684.6900024414062,684.010009765625,684.1950073242188,292099
2026-02-24 09:54:00,684.2000122070312,684.3599853515625,683.9299926757812,684.1199951171875,255619
2026-02-24 09:55:00,684.1199951171875,684.1300048828125,683.47998046875,683.5599975585938,330492
2026-02-24 09:56:00,683.5599975585938,683.5999755859375,683.0449829101562,683.239990234375,257044
2026-02-24 09:57:00,683.22998046875,683.760009765625,683.1300048828125,683.260009765625,312818
2026-02-24 09:58:00,683.2449951171875,683.4199829101562,682.9099731445312,683.010009765625,386563
2026-02-24 09:59:00,683.010009765625,683.2899780273438,682.7999877929688,683.1500244140625,203330
2026-02-24 10:00:00,683.1799926757812,683.1799926757812,682.030029296875,682.2550048828125,235298
2026-02-24 10:01:00,682.2550048828125,682.7050170898438,682.1099853515625,682.625,277794
2026-02-24 10:02:00,682.6300048828125,683.2000122070312,682.4199829101562,683.1400146484375,284770
2026-02-24 10:03:00,683.1300048828125,683.3099975585938,682.739990234375,682.969970703125,220957
2026-02-24 10:04:00,682.969970703125,683.02001953125,682.590087890625,682.6900024414062,122281
2026-02-24 10:05:00,682.6599731445312,683.1500244140625,682.6099853515625,682.8900146484375,245980
2026-02-24 10:06:00,682.9299926757812,683.7100219726562,682.7999877929688,683.4000244140625,335465
2026-02-24 10:07:00,683.3900146484375,683.4299926757812,682.7100219726562,683.0399780273438,228471
2026-02-24 10:08:00,683.0499877929688,683.510009765625,683.02001953125,683.4400024414062,169228
2026-02-24 10:09:00,683.4600219726562,684.02001953125,683.2999877929688,683.9000244140625,209871
2026-02-24 10:10:00,683.8699951171875,684.22998046875,683.530029296875,683.72998046875,302848
2026-02-24 10:11:00,683.739990234375,684.1400146484375,683.7000122070312,683.97998046875,247709
2026-02-24 10:12:00,683.97998046875,684.0499877929688,683.4600219726562,683.5211791992188,191015
2026-02-24 10:13:00,683.530029296875,683.7999877929688,683.0599975585938,683.10498046875,178156
2026-02-24 10:14:00,683.1099243164062,683.3499755859375,682.969970703125,683.239990234375,136731
2026-02-24 10:15:00,683.2100219726562,683.4400024414062,683.0,683.219970703125,168112
2026-02-24 10:16:00,683.25,683.8599853515625,683.2000122070312,683.5599975585938,223112
2026-02-24 10:17:00,683.5399780273438,683.760009765625,683.47998046875,683.517822265625,87116
2026-02-24 10:18:00,683.6099853515625,683.8200073242188,683.280029296875,683.7999877929688,127391
2026-02-24 10:19:00,683.7899780273438,684.3599853515625,683.7349853515625,684.1500244140625,202514
2026-02-24 10:20:00,684.1500244140625,684.5499877929688,684.0399780273438,684.489990234375,205244
2026-02-24 10:21:00,684.510009765625,684.9299926757812,684.47998046875,684.580078125,277495
2026-02-24 10:22:00,684.5499877929688,684.989990234375,684.510009765625,684.7750244140625,183636
2026-02-24 10:23:00,684.780029296875,685.0800170898438,684.4212036132812,684.97998046875,268612
2026-02-24 10:24:00,684.97998046875,685.2100219726562,684.8499755859375,685.1699829101562,260660
2026-02-24 10:25:00,685.1799926757812,685.4000244140625,684.9401245117188,685.280029296875,272911
2026-02-24 10:26:00,685.2899780273438,685.7999877929688,685.1699829101562,685.739990234375,350676
2026-02-24 10:27:00,685.739990234375,686.010009765625,685.6900024414062,685.9398803710938,287210
2026-02-24 10:28:00,685.9400024414062,686.260009765625,685.7899780273438,686.1599731445312,292317
2026-02-24 10:29:00,686.1699829101562,686.3900146484375,685.969970703125,686.3350219726562,306893
2026-02-24 10:30:00,686.3200073242188,686.5120239257812,686.260009765625,686.4099731445312,275620
2026-02-24 10:31:00,686.4099731445312,686.4199829101562,685.9500122070312,686.030029296875,312281
2026-02-24 10:32:00,686.0549926757812,686.4099731445312,685.9600219726562,686.3200073242188,242426
2026-02-24 10:33:00,686.3350219726562,686.3800048828125,686.0999755859375,686.1701049804688,209635
2026-02-24 10:34:00,686.1699829101562,686.2581787109375,685.9349975585938,686.1400146484375,303456
2026-02-24 10:35:00,686.1400146484375,686.1749877929688,685.6400146484375,685.75,324472
2026-02-24 10:36:00,685.760009765625,685.989990234375,685.6400146484375,685.9199829101562,195500
2026-02-24 10:37:00,685.9299926757812,686.0800170898438,685.8800048828125,686.0499877929688,164858
2026-02-24 10:38:00,686.0399780273438,686.0399780273438,685.72998046875,685.905029296875,148255
2026-02-24 10:39:00,685.9099731445312,686.0800170898438,685.719970703125,685.905029296875,128301
2026-02-24 10:40:00,685.9000244140625,686.030029296875,685.8300170898438,685.9849853515625,107621
2026-02-24 10:41:00,685.9949951171875,686.0100708007812,685.77001953125,685.8800048828125,98972
2026-02-24 10:42:00,685.8900146484375,686.1400146484375,685.8900146484375,686.1400146484375,71224
2026-02-24 10:43:00,686.1500244140625,686.4600219726562,685.969970703125,686.4299926757812,138222
2026-02-24 10:44:00,686.4400024414062,686.5449829101562,686.22998046875,686.2700805664062,172803
2026-02-24 10:45:00,686.280029296875,686.3099975585938,685.7999877929688,685.8599853515625,145593
2026-02-24 10:46:00,685.8619995117188,686.1199951171875,685.8599853515625,686.0700073242188,376579
2026-02-24 10:47:00,686.0900268554688,686.2000122070312,685.8800048828125,686.1199951171875,78530
2026-02-24 10:48:00,686.0999755859375,686.1699829101562,686.0,686.0599975585938,86156
2026-02-24 10:49:00,686.0599975585938,686.1699829101562,685.9400024414062,686.0449829101562,105060
2026-02-24 10:50:00,686.02001953125,686.0399780273438,685.75,685.8400268554688,146339
2026-02-24 10:51:00,685.8400268554688,685.9830932617188,685.6799926757812,685.864990234375,102736
2026-02-24 10:52:00,685.8699951171875,685.91552734375,685.5900268554688,685.72998046875,136982
2026-02-24 10:53:00,685.739990234375,685.780029296875,685.5700073242188,685.7449951171875,100987
2026-02-24 10:54:00,685.75,685.7949829101562,685.4500122070312,685.614990234375,138464
2026-02-24 10:55:00,685.60498046875,685.8099975585938,685.5399780273438,685.7000122070312,217573
2026-02-24 10:56:00,685.7249755859375,685.72998046875,685.22998046875,685.2999877929688,188579
2026-02-24 10:57:00,685.2899780273438,685.6099853515625,685.1799926757812,685.530029296875,159966
2026-02-24 10:58:00,685.52001953125,685.5399780273438,685.3300170898438,685.375,149305
2026-02-24 10:59:00,685.375,685.4000244140625,685.2100219726562,685.3699951171875,151399
2026-02-24 11:00:00,685.3699951171875,685.530029296875,685.2921142578125,685.4249877929688,182235
2026-02-24 11:01:00,685.4299926757812,685.6799926757812,685.3699951171875,685.5899047851562,147583
2026-02-24 11:02:00,685.5900268554688,686.1500244140625,685.5900268554688,686.0599975585938,176607
2026-02-24 11:03:00,686.0700073242188,686.1500244140625,685.9349975585938,686.0,113813
2026-02-24 11:04:00,685.97998046875,686.1500244140625,685.8900146484375,686.0507202148438,86699
2026-02-24 11:05:00,686.0599975585938,686.3200073242188,685.9600219726562,686.2501220703125,115010
2026-02-24 11:06:00,686.280029296875,686.280029296875,685.8499755859375,686.0316162109375,112016
2026-02-24 11:07:00,686.02001953125,686.22998046875,685.8499755859375,686.1699829101562,241133
2026-02-24 11:08:00,686.1599731445312,686.2100219726562,686.0599975585938,686.0850219726562,87043
2026-02-24 11:09:00,686.0806274414062,686.22998046875,686.0,686.1500244140625,61313
2026-02-24 11:10:00,686.1300048828125,686.22998046875,685.9299926757812,686.2150268554688,90070
2026-02-24 11:11:00,686.1950073242188,686.3699951171875,686.0499877929688,686.3049926757812,126632
2026-02-24 11:12:00,686.2999877929688,686.6400146484375,686.2999877929688,686.5999755859375,266166
2026-02-24 11:13:00,686.6099853515625,686.8599853515625,686.5399780273438,686.85498046875,247875
2026-02-24 11:14:00,686.8499755859375,686.8699951171875,686.5499877929688,686.5999755859375,156250
2026-02-24 11:15:00,686.5900268554688,686.7449951171875,686.4357299804688,686.5399780273438,165721
2026-02-24 11:16:00,686.5399780273438,686.5599975585938,686.25,686.27001953125,185824
2026-02-24 11:17:00,686.27001953125,686.2899780273438,686.02001953125,686.0999755859375,97183
2026-02-24 11:18:00,686.0900268554688,686.3900146484375,686.0900268554688,686.260009765625,89852
2026-02-24 11:19:00,686.25,686.322021484375,686.1900024414062,686.2100219726562,61291
2026-02-24 11:20:00,686.2100219726562,686.2150268554688,685.8300170898438,685.8699951171875,154765
2026-02-24 11:21:00,685.8612060546875,686.1599731445312,685.8200073242188,686.0700073242188,141106
2026-02-24 11:22:00,686.0679931640625,686.0800170898438,685.7849731445312,686.0,54077
2026-02-24 11:23:00,685.989990234375,686.219970703125,685.9400024414062,686.1300048828125,209955
2026-02-24 11:24:00,686.1300048828125,686.1400146484375,685.9099731445312,685.989990234375,74768
2026-02-24 11:25:00,686.010009765625,686.1400146484375,685.9500122070312,686.0999755859375,58903
2026-02-24 11:26:00,686.0999755859375,686.219970703125,685.989990234375,686.1950073242188,52029
2026-02-24 11:27:00,686.2050170898438,686.2349853515625,685.9805297851562,686.1900024414062,45444
2026-02-24 11:28:00,686.1849975585938,686.2000122070312,685.9398803710938,686.02001953125,69288
2026-02-24 11:29:00,686.030029296875,686.1599731445312,685.89501953125,686.0900268554688,66887
2026-02-24 11:30:00,686.0999755859375,686.1300048828125,685.5499877929688,685.5499877929688,104302
2026-02-24 11:31:00,685.5499877929688,685.5800170898438,685.219970703125,685.4600219726562,166582
2026-02-24 11:32:00,685.4686889648438,685.5650024414062,685.3699951171875,685.3900146484375,102826
2026-02-24 11:33:00,685.3900146484375,685.4000244140625,685.1500244140625,685.2000122070312,96214
2026-02-24 11:34:00,685.219970703125,685.3599853515625,685.1500244140625,685.27001953125,135113
2026-02-24 11:35:00,685.27001953125,685.77001953125,685.219970703125,685.5599975585938,150283
2026-02-24 11:36:00,685.5599975585938,685.5700073242188,685.3099975585938,685.4185180664062,91873
2026-02-24 11:37:00,685.4400024414062,685.760009765625,685.385009765625,685.7150268554688,93172
2026-02-24 11:38:00,685.7150268554688,685.8099975585938,685.47998046875,685.7849731445312,233376
2026-02-24 11:39:00,685.7999877929688,685.8400268554688,685.6900024414062,685.739990234375,54960
2026-02-24 11:40:00,685.72998046875,686.1500244140625,685.6500244140625,686.0800170898438,94254
2026-02-24 11:41:00,686.0700073242188,686.1199951171875,685.9000244140625,686.0349731445312,56173
2026-02-24 11:42:00,686.030029296875,686.030029296875,685.6400146484375,685.7000122070312,211211
2026-02-24 11:43:00,685.6300048828125,685.6749877929688,685.4600219726562,685.594970703125,134504
2026-02-24 11:44:00,685.5999755859375,685.7000122070312,685.530029296875,685.5806274414062,70083
2026-02-24 11:45:00,685.5700073242188,685.8900146484375,685.5700073242188,685.6599731445312,70651
2026-02-24 11:46:00,685.6699829101562,685.7949829101562,685.52001953125,685.7100219726562,56925
2026-02-24 11:47:00,685.7000122070312,686.0700073242188,685.6300048828125,686.02001953125,97983
2026-02-24 11:48:00,686.0150146484375,686.0399780273438,685.780029296875,685.8699951171875,76968
2026-02-24 11:49:00,685.8699951171875,685.9600219726562,685.72998046875,685.875,42665
2026-02-24 11:50:00,685.8699951171875,686.1799926757812,685.7050170898438,685.9500122070312,100573
2026-02-24 11:51:00,685.9400024414062,686.2496948242188,685.9199829101562,686.1749877929688,60170
2026-02-24 11:52:00,686.1699829101562,686.1699829101562,685.9099731445312,686.1099853515625,53762
2026-02-24 11:53:00,686.1099853515625,686.4000244140625,686.0900268554688,686.3599853515625,78779
2026-02-24 11:54:00,686.3400268554688,686.530029296875,686.2999877929688,686.4199829101562,235656
2026-02-24 11:55:00,686.4249877929688,686.5,686.280029296875,686.3699951171875,96824
2026-02-24 11:56:00,686.3699951171875,686.489990234375,686.3499755859375,686.4299926757812,118959
2026-02-24 11:57:00,686.4099731445312,686.4650268554688,686.3300170898438,686.3599853515625,75809
2026-02-24 11:58:00,686.35498046875,686.7000122070312,686.3499755859375,686.5900268554688,115472
2026-02-24 11:59:00,686.594970703125,686.6699829101562,686.4600219726562,686.469970703125,135427
2026-02-24 12:00:00,686.4600219726562,686.5650024414062,686.4000244140625,686.47998046875,101989
2026-02-24 12:01:00,686.489990234375,686.6799926757812,686.4600219726562,686.614990234375,133376
2026-02-24 12:02:00,686.6199951171875,686.739990234375,686.5599975585938,686.6900024414062,79257
2026-02-24 12:03:00,686.6900024414062,686.8150024414062,686.6099853515625,686.719970703125,94604
2026-02-24 12:04:00,686.719970703125,686.8200073242188,686.530029296875,686.5700073242188,98781
2026-02-24 12:05:00,686.5800170898438,686.77001953125,686.5800170898438,686.6901245117188,65393
2026-02-24 12:06:00,686.7000122070312,686.7598876953125,686.614990234375,686.719970703125,70694
2026-02-24 12:07:00,686.7100219726562,686.7899780273438,686.6300048828125,686.6699829101562,90743
2026-02-24 12:08:00,686.6699829101562,686.719970703125,686.5800170898438,686.6950073242188,60534
2026-02-24 12:09:00,686.7100219726562,687.0499877929688,686.5900268554688,687.02001953125,126792
2026-02-24 12:10:00,687.030029296875,687.3800048828125,687.030029296875,687.280029296875,240808
2026-02-24 12:11:00,687.2899780273438,687.530029296875,687.25,687.510009765625,205298
2026-02-24 12:12:00,687.510009765625,687.5499877929688,687.3400268554688,687.4099731445312,376134
2026-02-24 12:13:00,687.3900146484375,687.4500122070312,687.3400268554688,687.3900146484375,110997
2026-02-24 12:14:00,687.4000244140625,687.4000244140625,687.239990234375,687.25,116235
2026-02-24 12:15:00,687.239990234375,687.5900268554688,687.239990234375,687.5700073242188,175316
2026-02-24 12:16:00,687.5700073242188,687.5999755859375,687.4299926757812,687.4349975585938,94738
2026-02-24 12:17:00,687.4299926757812,687.47998046875,687.3599853515625,687.405029296875,75148
2026-02-24 12:18:00,687.4149780273438,687.4849853515625,687.2750244140625,687.280029296875,183928
2026-02-24 12:19:00,687.2899780273438,687.364990234375,687.1599731445312,687.3200073242188,111574
2026-02-24 12:20:00,687.3200073242188,687.4400024414062,687.3200073242188,687.3800048828125,130486
2026-02-24 12:21:00,687.3800048828125,687.5599975585938,687.3699951171875,687.5,96817
2026-02-24 12:22:00,687.5150146484375,687.5599975585938,687.4000244140625,687.4249877929688,109895
2026-02-24 12:23:00,687.4299926757812,687.489990234375,687.3599853515625,687.4600219726562,77169
2026-02-24 12:24:00,687.4650268554688,687.5,687.4149780273438,687.4500122070312,68923
2026-02-24 12:25:00,687.4600219726562,687.5800170898438,687.4249877929688,687.530029296875,93399
2026-02-24 12:26:00,687.530029296875,687.6699829101562,687.4600219726562,687.6099853515625,95247
2026-02-24 12:27:00,687.6199951171875,687.7999877929688,687.6099853515625,687.6699829101562,115276
2026-02-24 12:28:00,687.6649780273438,687.6900024414062,687.5650024414062,687.5700073242188,87346
2026-02-24 12:29:00,687.5900268554688,687.6400146484375,687.4500122070312,687.5300903320312,71467
2026-02-24 12:30:00,687.530029296875,687.5499877929688,687.3300170898438,687.5,87810
2026-02-24 12:31:00,687.47998046875,687.5499877929688,687.4450073242188,687.47998046875,65464
2026-02-24 12:32:00,687.4949951171875,687.6400146484375,687.47998046875,687.5800170898438,70204
2026-02-24 12:33:00,687.5900268554688,687.5900268554688,687.4600219726562,687.530029296875,101162
2026-02-24 12:34:00,687.530029296875,687.5499877929688,687.4099731445312,687.4401245117188,78380
2026-02-24 12:35:00,687.4500122070312,687.5050048828125,687.3599853515625,687.4149780273438,101467
2026-02-24 12:36:00,687.4199829101562,687.4641723632812,687.2835083007812,687.3699951171875,142017
2026-02-24 12:37:00,687.3800048828125,687.4099731445312,687.2849731445312,687.2899780273438,69956
2026-02-24 12:38:00,687.2974853515625,687.4400024414062,687.2899780273438,687.4199829101562,59371
2026-02-24 12:39:00,687.4099731445312,687.4249877929688,687.3099975585938,687.405029296875,68309
2026-02-24 12:40:00,687.405029296875,687.4099731445312,687.239990234375,687.3300170898438,103275
2026-02-24 12:41:00,687.3300170898438,687.3599853515625,687.27001953125,687.3350219726562,70873
2026-02-24 12:42:00,687.3400268554688,687.47998046875,687.3300170898438,687.4650268554688,96573
2026-02-24 12:43:00,687.469970703125,687.47998046875,687.1500244140625,687.2100219726562,91633
2026-02-24 12:44:00,687.2100219726562,687.260009765625,687.1199951171875,687.1599731445312,70011
2026-02-24 12:45:00,687.1599731445312,687.1599731445312,686.9619750976562,687.0269775390625,172183
2026-02-24 12:46:00,687.030029296875,687.2000122070312,687.010009765625,687.1799926757812,75376
2026-02-24 12:47:00,687.1699829101562,687.280029296875,687.0900268554688,687.27001953125,45234
2026-02-24 12:48:00,687.280029296875,687.5,687.2100219726562,687.4099731445312,114004
2026-02-24 12:49:00,687.4000244140625,687.5999755859375,687.364990234375,687.510009765625,69058
2026-02-24 12:50:00,687.510009765625,687.6599731445312,687.4000244140625,687.6199951171875,77442
2026-02-24 12:51:00,687.6245727539062,687.6400146484375,687.52001953125,687.5250244140625,82586
2026-02-24 12:52:00,687.52001953125,687.5599975585938,687.4349975585938,687.4600219726562,51020
2026-02-24 12:53:00,687.4600219726562,687.5399780273438,687.4099731445312,687.5,51860
2026-02-24 12:54:00,687.5,687.5050048828125,687.3314208984375,687.386474609375,48055
2026-02-24 12:55:00,687.3800048828125,687.39501953125,687.239990234375,687.280029296875,59487
2026-02-24 12:56:00,687.2899780273438,687.469970703125,687.260009765625,687.4299926757812,68395
2026-02-24 12:57:00,687.4199829101562,687.4940185546875,687.3699951171875,687.4249877929688,44083
2026-02-24 12:58:00,687.4299926757812,687.4600219726562,687.3300170898438,687.3699951171875,37700
2026-02-24 12:59:00,687.3699951171875,687.4099731445312,687.2999267578125,687.3699951171875,38474
2026-02-24 13:00:00,687.3599853515625,687.469970703125,687.3099975585938,687.4500122070312,30334
2026-02-24 13:01:00,687.4500122070312,687.5800170898438,687.4299926757812,687.5800170898438,31820
2026-02-24 13:02:00,687.5800170898438,687.8900146484375,687.5700073242188,687.8800048828125,84021
2026-02-24 13:03:00,687.8900146484375,688.0999755859375,687.875,688.0499877929688,177209
2026-02-24 13:04:00,688.0399780273438,688.0399780273438,687.9400024414062,687.9600219726562,65652
2026-02-24 13:05:00,687.9600219726562,687.9600219726562,687.8400268554688,687.9000244140625,74161
2026-02-24 13:06:00,687.9099731445312,687.9299926757812,687.64990234375,687.6799926757812,76673
2026-02-24 13:07:00,687.6799926757812,687.760009765625,687.6300048828125,687.6300048828125,88627
2026-02-24 13:08:00,687.6300048828125,687.6500244140625,687.5399780273438,687.6199951171875,116031
2026-02-24 13:09:00,687.6199951171875,687.6599731445312,687.5399780273438,687.5650024414062,50676
2026-02-24 13:10:00,687.5650024414062,687.6199951171875,687.52001953125,687.5750122070312,59185
2026-02-24 13:11:00,687.5650024414062,687.6599731445312,687.489990234375,687.5499877929688,66134
2026-02-24 13:12:00,687.5499877929688,687.6300048828125,687.530029296875,687.5499877929688,40620
2026-02-24 13:13:00,687.5399780273438,687.5900268554688,687.4099731445312,687.4901123046875,121276
2026-02-24 13:14:00,687.4929809570312,687.52001953125,687.3900146484375,687.4899291992188,70499
2026-02-24 13:15:00,687.4749755859375,687.5,687.375,687.4500122070312,62208
2026-02-24 13:16:00,687.4500122070312,687.510009765625,687.4099731445312,687.47998046875,25950
2026-02-24 13:17:00,687.489990234375,687.510009765625,687.3511962890625,687.4500122070312,45915
2026-02-24 13:18:00,687.4500122070312,687.469970703125,687.3499755859375,687.3800048828125,37003
2026-02-24 13:19:00,687.3900146484375,687.4099731445312,687.25,687.2899780273438,56598
2026-02-24 13:20:00,687.2899780273438,687.2899780273438,687.0700073242188,687.22998046875,147117
2026-02-24 13:21:00,687.239990234375,687.3499755859375,687.219970703125,687.2999877929688,52123
2026-02-24 13:22:00,687.3062744140625,687.3800048828125,687.25,687.2960205078125,51657
2026-02-24 13:23:00,687.2999267578125,687.3300170898438,687.1699829101562,687.1699829101562,59139
2026-02-24 13:24:00,687.1599731445312,687.22998046875,687.0750122070312,687.094970703125,74268
2026-02-24 13:25:00,687.0999755859375,687.2249755859375,687.0599975585938,687.1799926757812,47044
2026-02-24 13:26:00,687.1799926757812,687.1799926757812,687.0098876953125,687.1099853515625,51350
2026-02-24 13:27:00,687.114990234375,687.1998901367188,687.0401000976562,687.1400146484375,70329
2026-02-24 13:28:00,687.1400146484375,687.1599731445312,686.9500122070312,687.0050048828125,89989
2026-02-24 13:29:00,687.0,687.0349731445312,686.9400024414062,687.030029296875,85073
2026-02-24 13:30:00,687.0399780273438,687.0700073242188,686.905029296875,686.9299926757812,87561
2026-02-24 13:31:00,686.9400024414062,687.3400268554688,686.9400024414062,687.2100219726562,78117
2026-02-24 13:32:00,687.219970703125,687.2899780273438,687.1699829101562,687.260009765625,68865
2026-02-24 13:33:00,687.2550048828125,687.3200073242188,687.1950073242188,687.239990234375,187314
2026-02-24 13:34:00,687.2399291992188,687.280029296875,687.1699829101562,687.22998046875,64975
2026-02-24 13:35:00,687.2100219726562,687.4000244140625,687.0800170898438,687.3599853515625,90005
2026-02-24 13:36:00,687.3800048828125,687.4299926757812,687.3300170898438,687.4000244140625,220008
2026-02-24 13:37:00,687.4099731445312,687.75,687.4099731445312,687.7100219726562,126652
2026-02-24 13:38:00,687.7000122070312,687.72998046875,687.5900268554688,687.6099853515625,71962
2026-02-24 13:39:00,687.60498046875,687.6900024414062,687.5599975585938,687.6900024414062,63720
2026-02-24 13:40:00,687.6799926757812,687.8150024414062,687.6300048828125,687.7249755859375,98573
2026-02-24 13:41:00,687.72998046875,687.760009765625,687.6500244140625,687.6500244140625,77463
2026-02-24 13:42:00,687.655029296875,687.72998046875,687.5399780273438,687.5700073242188,131031
2026-02-24 13:43:00,687.5650024414062,687.7999877929688,687.5599975585938,687.7702026367188,57090
2026-02-24 13:44:00,687.780029296875,687.8300170898438,687.6400146484375,687.72998046875,73271
2026-02-24 13:45:00,687.739990234375,687.875,687.6799926757812,687.8049926757812,103460
2026-02-24 13:46:00,687.7999877929688,687.8049926757812,687.7000122070312,687.7000122070312,59580
2026-02-24 13:47:00,687.7050170898438,687.7803955078125,687.6400146484375,687.6950073242188,61609
2026-02-24 13:48:00,687.6900024414062,687.7000122070312,687.4600219726562,687.5999755859375,69027
2026-02-24 13:49:00,687.5999755859375,687.6699829101562,687.594970703125,687.64501953125,53729
2026-02-24 13:50:00,687.6400146484375,687.8400268554688,687.6400146484375,687.8200073242188,69247
2026-02-24 13:51:00,687.8350219726562,687.8400268554688,687.739990234375,687.7550048828125,38268
2026-02-24 13:52:00,687.739990234375,687.7993774414062,687.6500244140625,687.7050170898438,63746
2026-02-24 13:53:00,687.7100219726562,687.8099975585938,687.6799926757812,687.7449951171875,38406
2026-02-24 13:54:00,687.739990234375,687.760009765625,687.655029296875,687.719970703125,60417
2026-02-24 13:55:00,687.739990234375,687.7999877929688,687.6649780273438,687.719970703125,58693
2026-02-24 13:56:00,687.72998046875,687.8099975585938,687.6950073242188,687.7999877929688,48308
2026-02-24 13:57:00,687.8099975585938,687.8099975585938,687.6699829101562,687.719970703125,46529
2026-02-24 13:58:00,687.72998046875,687.72998046875,687.530029296875,687.6300048828125,134056
2026-02-24 13:59:00,687.6500244140625,687.6500244140625,687.4500122070312,687.4598999023438,47325
2026-02-24 14:00:00,687.4500122070312,687.5700073242188,687.3699951171875,687.5499877929688,146506
2026-02-24 14:01:00,687.5499877929688,687.5999755859375,687.530029296875,687.5549926757812,95062
2026-02-24 14:02:00,687.5499877929688,687.5499877929688,687.4000244140625,687.4249877929688,77069
2026-02-24 14:03:00,687.4298706054688,687.52001953125,687.3900146484375,687.4500122070312,115594
2026-02-24 14:04:00,687.4500122070312,687.5999755859375,687.3599853515625,687.4000244140625,303684
2026-02-24 14:05:00,687.4000244140625,687.469970703125,687.3599853515625,687.369873046875,120809
2026-02-24 14:06:00,687.3699951171875,687.4199829101562,687.3099975585938,687.3699951171875,97077
2026-02-24 14:07:00,687.3798828125,687.385009765625,687.2000122070312,687.2349853515625,95828
2026-02-24 14:08:00,687.239990234375,687.3400268554688,687.2249755859375,687.27001953125,122638
2026-02-24 14:09:00,687.27001953125,687.2899780273438,687.1500244140625,687.239990234375,91719
2026-02-24 14:10:00,687.239990234375,687.2899780273438,687.0999755859375,687.1199951171875,106996
2026-02-24 14:11:00,687.1199951171875,687.1599731445312,687.02001953125,687.0700073242188,77672
2026-02-24 14:12:00,687.0650024414062,687.3400268554688,686.7000122070312,687.22998046875,259580
2026-02-24 14:13:00,687.219970703125,687.3099975585938,687.1599731445312,687.280029296875,64491
2026-02-24 14:14:00,687.280029296875,687.319091796875,687.1199951171875,687.1799926757812,61415
2026-02-24 14:15:00,687.1699829101562,687.1900024414062,687.0499877929688,687.0700073242188,120574
2026-02-24 14:16:00,687.0700073242188,687.0999755859375,686.9299926757812,686.9500122070312,103516
2026-02-24 14:17:00,686.931884765625,687.010009765625,686.6500244140625,686.8699951171875,175578
2026-02-24 14:18:00,686.8900146484375,686.97998046875,686.8699951171875,686.9600219726562,91794
2026-02-24 14:19:00,686.9600219726562,686.969970703125,686.7899780273438,686.8900146484375,198186
2026-02-24 14:20:00,686.8800048828125,686.9799194335938,686.844970703125,686.9299926757812,58980
2026-02-24 14:21:00,686.9199829101562,686.9199829101562,686.6701049804688,686.6749877929688,64733
2026-02-24 14:22:00,686.6699829101562,686.8800048828125,686.6699829101562,686.7000122070312,139378
2026-02-24 14:23:00,686.7000122070312,686.84912109375,686.6500244140625,686.7750244140625,71057
2026-02-24 14:24:00,686.780029296875,686.9099731445312,686.6799926757812,686.7899780273438,80109
2026-02-24 14:25:00,686.780029296875,686.9199829101562,686.760009765625,686.7999877929688,156398
2026-02-24 14:26:00,686.7999877929688,686.9099731445312,686.7000122070312,686.8200073242188,143083
2026-02-24 14:27:00,686.8300170898438,686.989990234375,686.6950073242188,686.969970703125,135114
2026-02-24 14:28:00,686.9650268554688,687.0900268554688,686.8400268554688,686.9500122070312,285976
2026-02-24 14:29:00,686.9450073242188,686.9500122070312,686.8099975585938,686.8900146484375,137796
2026-02-24 14:30:00,686.8900146484375,686.9550170898438,686.8300170898438,686.8599853515625,102675
2026-02-24 14:31:00,686.8800048828125,687.0499877929688,686.8800048828125,687.0067138671875,88915
2026-02-24 14:32:00,687.010009765625,687.1199951171875,686.9400024414062,687.0800170898438,75549
2026-02-24 14:33:00,687.0800170898438,687.0800170898438,686.8800048828125,686.9299926757812,70993
2026-02-24 14:34:00,686.9400024414062,686.9451293945312,686.8599853515625,686.8712158203125,36782
2026-02-24 14:35:00,686.8800048828125,686.9550170898438,686.7849731445312,686.8300170898438,76192
2026-02-24 14:36:00,686.8200073242188,686.909912109375,686.780029296875,686.8800048828125,76324
2026-02-24 14:37:00,686.8800048828125,686.989990234375,686.8300170898438,686.9500122070312,56762
2026-02-24 14:38:00,686.9500122070312,687.0,686.8499755859375,686.989990234375,67741
2026-02-24 14:39:00,687.0,687.030029296875,686.9000244140625,687.0050048828125,70143
2026-02-24 14:40:00,687.0,687.1699829101562,686.9400024414062,687.0700073242188,82710
2026-02-24 14:41:00,687.0549926757812,687.280029296875,687.02001953125,687.2000122070312,90690
2026-02-24 14:42:00,687.1900024414062,687.3400268554688,687.1500244140625,687.1849975585938,92686
2026-02-24 14:43:00,687.1900024414062,687.1900024414062,687.030029296875,687.0999755859375,66543
2026-02-24 14:44:00,687.094970703125,687.219970703125,687.0700073242188,687.1799926757812,55600
2026-02-24 14:45:00,687.2000122070312,687.344970703125,687.1599731445312,687.2100219726562,90657
2026-02-24 14:46:00,687.2150268554688,687.239990234375,687.1699829101562,687.1950073242188,47091
2026-02-24 14:47:00,687.1900024414062,687.1900024414062,687.010009765625,687.030029296875,70937
2026-02-24 14:48:00,687.0233154296875,687.1400146484375,687.0050048828125,687.0750122070312,49096
2026-02-24 14:49:00,687.0750122070312,687.22998046875,687.0750122070312,687.1849975585938,112483
2026-02-24 14:50:00,687.1900024414062,687.3800048828125,687.1699829101562,687.3250122070312,99641
2026-02-24 14:51:00,687.3200073242188,687.3699951171875,687.2299194335938,687.3400268554688,97286
2026-02-24 14:52:00,687.3400268554688,687.6900024414062,687.3200073242188,687.4600219726562,226023
2026-02-24 14:53:00,687.4550170898438,687.510009765625,687.4149780273438,687.4600219726562,109545
2026-02-24 14:54:00,687.4500122070312,687.4550170898438,687.1699829101562,687.2100219726562,136236
2026-02-24 14:55:00,687.2100219726562,687.3300170898438,687.1699829101562,687.22998046875,70455
2026-02-24 14:56:00,687.239990234375,687.2949829101562,687.0900268554688,687.219970703125,89095
2026-02-24 14:57:00,687.2249755859375,687.2999877929688,687.1799926757812,687.2899780273438,91844
2026-02-24 14:58:00,687.280029296875,687.2800903320312,687.135009765625,687.1669921875,179613
2026-02-24 14:59:00,687.1599731445312,687.1950073242188,687.0850219726562,687.135009765625,109326
2026-02-24 15:00:00,687.135009765625,687.3400268554688,687.0999755859375,687.2899780273438,96339
2026-02-24 15:01:00,687.2849731445312,687.3181762695312,687.1799926757812,687.2100219726562,56813
2026-02-24 15:02:00,687.2000122070312,687.22998046875,687.135009765625,687.2000122070312,119879
2026-02-24 15:03:00,687.2150268554688,687.2150268554688,687.0499877929688,687.0599975585938,56077
2026-02-24 15:04:00,687.0623779296875,687.0800170898438,686.9600219726562,687.0499877929688,103024
2026-02-24 15:05:00,687.0599975585938,687.1400146484375,686.8900146484375,687.010009765625,147797
2026-02-24 15:06:00,687.02001953125,687.0900268554688,686.9199829101562,687.02001953125,88258
2026-02-24 15:07:00,687.02001953125,687.0399780273438,686.9199829101562,686.9600219726562,51271
2026-02-24 15:08:00,686.9600219726562,686.97998046875,686.760009765625,686.8499755859375,128169
2026-02-24 15:09:00,686.8599853515625,686.93701171875,686.8200073242188,686.8510131835938,57286
2026-02-24 15:10:00,686.8400268554688,686.9000244140625,686.6649780273438,686.6801147460938,86067
2026-02-24 15:11:00,686.6900024414062,686.8300170898438,686.6900024414062,686.8099975585938,76761
2026-02-24 15:12:00,686.7899780273438,686.7899780273438,686.5700073242188,686.6099853515625,147288
2026-02-24 15:13:00,686.6199951171875,686.72998046875,686.614990234375,686.6799926757812,82413
2026-02-24 15:14:00,686.6849975585938,686.8099975585938,686.659912109375,686.6900024414062,72799
2026-02-24 15:15:00,686.6849975585938,686.6849975585938,686.5,686.5549926757812,116197
2026-02-24 15:16:00,686.5449829101562,686.719970703125,686.4600219726562,686.6199951171875,277193
2026-02-24 15:17:00,686.6300048828125,686.6400146484375,686.5289916992188,686.5599975585938,82530
2026-02-24 15:18:00,686.5499877929688,686.8099975585938,686.510009765625,686.780029296875,141669
2026-02-24 15:19:00,686.7849731445312,686.9000244140625,686.719970703125,686.8800048828125,140972
2026-02-24 15:20:00,686.8599853515625,687.0999755859375,686.8599853515625,686.9500122070312,146730
2026-02-24 15:21:00,686.9400024414062,687.0399780273438,686.8599853515625,686.8699951171875,120895
2026-02-24 15:22:00,686.8699951171875,686.9099731445312,686.75,686.8499755859375,131604
2026-02-24 15:23:00,686.8599853515625,686.8900146484375,686.8099975585938,686.8300170898438,195987
2026-02-24 15:24:00,686.8300170898438,686.8699951171875,686.7899780273438,686.8200073242188,82631
2026-02-24 15:25:00,686.7999877929688,686.989990234375,686.7949829101562,686.8800048828125,109956
2026-02-24 15:26:00,686.885009765625,686.9066162109375,686.6820068359375,686.739990234375,168085
2026-02-24 15:27:00,686.739990234375,686.780029296875,686.6599731445312,686.6900024414062,91757
2026-02-24 15:28:00,686.6900024414062,686.72998046875,686.6099853515625,686.6500244140625,72507
2026-02-24 15:29:00,686.6500244140625,686.6699829101562,686.5,686.5399780273438,204178
2026-02-24 15:30:00,686.530029296875,686.6799926757812,686.5100708007812,686.635009765625,175004
2026-02-24 15:31:00,686.6400146484375,686.7100219726562,686.5595092773438,686.6950073242188,145680
2026-02-24 15:32:00,686.7000122070312,686.8865966796875,686.635009765625,686.875,105215
2026-02-24 15:33:00,686.8800048828125,687.1199951171875,686.8740844726562,686.9450073242188,167638
2026-02-24 15:34:00,686.9500122070312,687.010009765625,686.9099731445312,687.0,80855
2026-02-24 15:35:00,686.989990234375,687.0800170898438,686.9400024414062,687.010009765625,97169
2026-02-24 15:36:00,687.0,687.0798950195312,686.9500122070312,686.9807739257812,85399
2026-02-24 15:37:00,686.97998046875,687.0599975585938,686.9650268554688,687.010009765625,274182
2026-02-24 15:38:00,687.0050048828125,687.0800170898438,686.875,686.8800048828125,202111
2026-02-24 15:39:00,686.8699951171875,686.9000244140625,686.75,686.7899780273438,178146
2026-02-24 15:40:00,686.7899780273438,686.8499755859375,686.739990234375,686.8300170898438,89309
2026-02-24 15:41:00,686.8200073242188,686.9349975585938,686.7449951171875,686.8800048828125,98684
2026-02-24 15:42:00,686.8800048828125,686.8900146484375,686.8200073242188,686.85498046875,80195
2026-02-24 15:43:00,686.8599853515625,687.0349731445312,686.8499755859375,687.010498046875,210859
2026-02-24 15:44:00,687.010009765625,687.25,687.010009765625,687.2100219726562,221145
2026-02-24 15:45:00,687.2000122070312,687.3699951171875,687.1699829101562,687.3400268554688,262847
2026-02-24 15:46:00,687.3400268554688,687.4600219726562,687.27001953125,687.3699951171875,219301
2026-02-24 15:47:00,687.3699951171875,687.530029296875,687.35498046875,687.5050048828125,396981
2026-02-24 15:48:00,687.5,687.5999755859375,687.4500122070312,687.5650024414062,396653
2026-02-24 15:49:00,687.5599975585938,687.64501953125,687.489990234375,687.5098876953125,355955
2026-02-24 15:50:00,687.510009765625,688.3499755859375,687.510009765625,688.1599731445312,1254125
2026-02-24 15:51:00,688.1500244140625,688.1699829101562,687.9000244140625,688.114990234375,1117696
2026-02-24 15:52:00,688.0999755859375,688.10498046875,687.4500122070312,687.5999755859375,579742
2026-02-24 15:53:00,687.5999755859375,687.7100219726562,687.4099731445312,687.6500244140625,520999
2026-02-24 15:54:00,687.6599731445312,687.97998046875,687.6599731445312,687.8800048828125,655640
2026-02-24 15:55:00,687.8699951171875,687.8699951171875,687.39501953125,687.4749755859375,706345
2026-02-24 15:56:00,687.47998046875,687.75,687.4500122070312,687.7150268554688,728410
2026-02-24 15:57:00,687.719970703125,687.7249755859375,687.469970703125,687.635009765625,589807
2026-02-24 15:58:00,687.6300048828125,687.64990234375,687.4600219726562,687.5899047851562,885399
2026-02-24 15:59:00,687.5800170898438,687.7100219726562,687.239990234375,687.375,1697851
2026-02-25 09:30:00,690.969970703125,690.9739990234375,690.9400024414062,690.9739990234375,1898474
2026-02-25 09:31:00,690.9600219726562,691.239990234375,690.6099853515625,690.72998046875,288626
2026-02-25 09:32:00,690.75,690.9500122070312,690.6199951171875,690.655029296875,192914
2026-02-25 09:33:00,690.6400146484375,690.8900146484375,690.6099853515625,690.8200073242188,183967
2026-02-25 09:34:00,690.8400268554688,691.010009765625,690.780029296875,690.8400268554688,212029
2026-02-25 09:35:00,690.8300170898438,691.0349731445312,690.739990234375,690.9299926757812,254743
2026-02-25 09:36:00,690.9299926757812,691.1599731445312,690.72998046875,691.1400146484375,251136
2026-02-25 09:37:00,691.1500244140625,691.4099731445312,691.0499877929688,691.0700073242188,257332
2026-02-25 09:38:00,691.0700073242188,691.1699829101562,690.9000244140625,690.9600219726562,175946
2026-02-25 09:39:00,690.9650268554688,691.239990234375,690.8699951171875,691.1500244140625,163550
2026-02-25 09:40:00,691.1400146484375,691.3250122070312,690.9299926757812,691.239990234375,237900
2026-02-25 09:41:00,691.22998046875,691.3250122070312,690.969970703125,691.02001953125,206691
2026-02-25 09:42:00,691.010009765625,691.159912109375,690.6699829101562,690.719970703125,269183
2026-02-25 09:43:00,690.739990234375,691.1500244140625,690.6199951171875,690.989990234375,163426
2026-02-25 09:44:00,691.0,691.1099853515625,690.8599853515625,690.9199829101562,109311
2026-02-25 09:45:00,690.9099731445312,691.5,690.9099731445312,691.4000244140625,265295
2026-02-25 09:46:00,691.4299926757812,691.6849975585938,691.260009765625,691.655029296875,178652
2026-02-25 09:47:00,691.6500244140625,691.8699951171875,691.580078125,691.6699829101562,202983
2026-02-25 09:48:00,691.6799926757812,691.719970703125,691.489990234375,691.7150268554688,173845
2026-02-25 09:49:00,691.719970703125,691.7899780273438,691.6199951171875,691.6699829101562,178661
2026-02-25 09:50:00,691.6799926757812,691.7150268554688,691.510009765625,691.5999755859375,178883
2026-02-25 09:51:00,691.6099853515625,691.989990234375,691.5650024414062,691.8400268554688,247313
2026-02-25 09:52:00,691.8499755859375,691.8900146484375,691.4400024414062,691.469970703125,159084
2026-02-25 09:53:00,691.4699096679688,691.5399780273438,691.280029296875,691.4201049804688,200569
2026-02-25 09:54:00,691.4349975585938,691.5800170898438,691.3499755859375,691.39501953125,187414
2026-02-25 09:55:00,691.4000244140625,691.4949951171875,691.3200073242188,691.3436889648438,168600
2026-02-25 09:56:00,691.3599853515625,691.4099731445312,690.9949951171875,691.1749877929688,263542
2026-02-25 09:57:00,691.1900024414062,691.2000122070312,690.8400268554688,691.0098876953125,241538
2026-02-25 09:58:00,691.010009765625,691.3200073242188,690.989990234375,691.260009765625,165602
2026-02-25 09:59:00,691.260009765625,691.4299926757812,691.0800170898438,691.3200073242188,168382
2026-02-25 10:00:00,691.3200073242188,691.5800170898438,691.239990234375,691.3200073242188,182746
2026-02-25 10:01:00,691.3150024414062,691.5,691.239990234375,691.239990234375,113105
2026-02-25 10:02:00,691.25,691.3800048828125,690.969970703125,691.0750122070312,159672
2026-02-25 10:03:00,691.0800170898438,691.219970703125,690.9600219726562,691.0999755859375,126097
2026-02-25 10:04:00,691.1099853515625,691.1500244140625,690.9199829101562,690.9400024414062,85633
2026-02-25 10:05:00,690.9600219726562,691.04248046875,690.8200073242188,690.875,120287
2026-02-25 10:06:00,690.8701171875,690.969970703125,690.5800170898438,690.5800170898438,185858
2026-02-25 10:07:00,690.5701293945312,690.6500244140625,690.3699951171875,690.47998046875,172299
2026-02-25 10:08:00,690.489990234375,690.8200073242188,690.4600219726562,690.6400146484375,196375
2026-02-25 10:09:00,690.6400146484375,690.7899169921875,690.5499877929688,690.5999755859375,383149
2026-02-25 10:10:00,690.5900268554688,690.6519775390625,690.3900146484375,690.4000244140625,123190
2026-02-25 10:11:00,690.4099731445312,690.6400146484375,690.3250122070312,690.5850219726562,147861
2026-02-25 10:12:00,690.5700073242188,690.8499755859375,690.5,690.6400146484375,159247
2026-02-25 10:13:00,690.6500244140625,690.77001953125,690.52001953125,690.6300048828125,101494
2026-02-25 10:14:00,690.6300048828125,690.6998901367188,690.4099731445312,690.4998779296875,122421
2026-02-25 10:15:00,690.489990234375,690.75,690.4299926757812,690.6898803710938,66629
2026-02-25 10:16:00,690.6900024414062,690.7000122070312,690.25,690.3499755859375,154462
2026-02-25 10:17:00,690.3499755859375,690.6900024414062,690.3200073242188,690.6199951171875,90616
2026-02-25 10:18:00,690.6099853515625,690.7100219726562,690.5599975585938,690.6334228515625,87460
2026-02-25 10:19:00,690.6500244140625,690.7880249023438,690.47998046875,690.613525390625,73813
2026-02-25 10:20:00,690.614990234375,690.6900024414062,690.3300170898438,690.5150146484375,113916
2026-02-25 10:21:00,690.530029296875,690.5800170898438,690.260009765625,690.4600219726562,119515
2026-02-25 10:22:00,690.4600219726562,690.7203979492188,690.280029296875,690.6699829101562,106989
2026-02-25 10:23:00,690.6699829101562,690.70947265625,690.489990234375,690.5900268554688,100170
2026-02-25 10:24:00,690.5800170898438,690.9199829101562,690.5800170898438,690.7114868164062,169955
2026-02-25 10:25:00,690.7100219726562,690.9299926757812,690.6799926757812,690.7750244140625,131838
2026-02-25 10:26:00,690.780029296875,690.8599853515625,690.60498046875,690.7100219726562,90183
2026-02-25 10:27:00,690.7100219726562,690.97998046875,690.6799926757812,690.9550170898438,115033
2026-02-25 10:28:00,690.9600219726562,691.219970703125,690.9600219726562,691.1599731445312,111164
2026-02-25 10:29:00,691.1506958007812,691.219970703125,691.0449829101562,691.1500244140625,91463
2026-02-25 10:30:00,691.14501953125,691.1599731445312,690.8900146484375,691.0900268554688,116256
2026-02-25 10:31:00,691.0999755859375,691.3400268554688,691.0700073242188,691.25,97364
2026-02-25 10:32:00,691.2550048828125,691.3499755859375,691.219970703125,691.3200073242188,89638
2026-02-25 10:33:00,691.3099975585938,691.3300170898438,690.9400024414062,691.030029296875,109246
2026-02-25 10:34:00,691.02001953125,691.0399780273438,690.3599853515625,690.4099731445312,160192
2026-02-25 10:35:00,690.4199829101562,690.52001953125,690.2100219726562,690.3599853515625,142346
2026-02-25 10:36:00,690.3900146484375,690.5349731445312,690.3400268554688,690.4600219726562,81463
2026-02-25 10:37:00,690.4500122070312,690.52001953125,690.3099975585938,690.4799194335938,76355
2026-02-25 10:38:00,690.47998046875,690.5349731445312,690.3200073242188,690.4849853515625,97336
2026-02-25 10:39:00,690.4849853515625,690.5399780273438,690.3400268554688,690.3699951171875,72040
2026-02-25 10:40:00,690.3699951171875,690.6099853515625,690.3499755859375,690.3699951171875,82342
2026-02-25 10:41:00,690.3701171875,690.5900268554688,690.3400268554688,690.5800170898438,72502
2026-02-25 10:42:00,690.5700073242188,690.75,690.5499877929688,690.719970703125,147051
2026-02-25 10:43:00,690.7299194335938,690.72998046875,690.5,690.6463012695312,58384
2026-02-25 10:44:00,690.6599731445312,690.760009765625,690.47998046875,690.5399780273438,67500
2026-02-25 10:45:00,690.5499877929688,690.719970703125,690.5499877929688,690.6900024414062,77366
2026-02-25 10:46:00,690.7000122070312,690.8499755859375,690.6699829101562,690.77001953125,109754
2026-02-25 10:47:00,690.760009765625,690.760009765625,690.5399780273438,690.6500244140625,67486
2026-02-25 10:48:00,690.6400146484375,690.6599731445312,690.489990234375,690.6300048828125,70625
2026-02-25 10:49:00,690.6300048828125,690.635009765625,690.4299926757812,690.489990234375,49488
2026-02-25 10:50:00,690.510009765625,690.6400146484375,690.3900146484375,690.5050048828125,68600
2026-02-25 10:51:00,690.5,690.780029296875,690.4299926757812,690.6799926757812,91569
2026-02-25 10:52:00,690.7000122070312,690.72998046875,690.4400024414062,690.47998046875,63341
2026-02-25 10:53:00,690.47998046875,690.530029296875,690.3599853515625,690.4600219726562,46667
2026-02-25 10:54:00,690.47998046875,690.5700073242188,690.3699951171875,690.4849853515625,83968
2026-02-25 10:55:00,690.47998046875,690.489990234375,690.1701049804688,690.280029296875,81887
2026-02-25 10:56:00,690.280029296875,690.469970703125,690.25,690.3200073242188,68531
2026-02-25 10:57:00,690.3400268554688,690.5599975585938,690.2999877929688,690.5499877929688,48673
2026-02-25 10:58:00,690.5399780273438,690.760009765625,690.4299926757812,690.72998046875,83682
2026-02-25 10:59:00,690.72998046875,690.8800048828125,690.7249755859375,690.8400268554688,66311
2026-02-25 11:00:00,690.8300170898438,691.1699829101562,690.7999877929688,691.1400146484375,92672
2026-02-25 11:01:00,691.1699829101562,691.1900024414062,690.780029296875,691.0900268554688,133532
2026-02-25 11:02:00,691.0999755859375,691.1900024414062,690.989990234375,691.010009765625,77003
2026-02-25 11:03:00,691.030029296875,691.1400146484375,690.9199829101562,690.9500122070312,61419
2026-02-25 11:04:00,690.9600219726562,690.969970703125,690.827392578125,690.9400024414062,61143
2026-02-25 11:05:00,690.9199829101562,691.0,690.7899780273438,690.97998046875,59643
2026-02-25 11:06:00,691.0,691.1400146484375,690.9600219726562,691.0700073242188,55071
2026-02-25 11:07:00,691.0599975585938,691.22998046875,690.989990234375,691.1719970703125,131396
2026-02-25 11:08:00,691.1799926757812,691.219970703125,691.1099853515625,691.1900024414062,88258
2026-02-25 11:09:00,691.1799926757812,691.280029296875,691.1400146484375,691.27001953125,84848
2026-02-25 11:10:00,691.280029296875,691.3599853515625,691.2100219726562,691.3499755859375,122356
2026-02-25 11:11:00,691.3599853515625,691.4099731445312,691.1400146484375,691.22998046875,162010
2026-02-25 11:12:00,691.219970703125,691.25,691.0999755859375,691.1199951171875,53632
2026-02-25 11:13:00,691.1400146484375,691.1900024414062,691.0700073242188,691.1599731445312,53662
2026-02-25 11:14:00,691.1500244140625,691.1900024414062,691.0800170898438,691.1458740234375,64508
2026-02-25 11:15:00,691.1300048828125,691.1500244140625,690.9199829101562,690.9400024414062,87557
2026-02-25 11:16:00,690.9500122070312,691.051025390625,690.9199829101562,690.9400024414062,61693
2026-02-25 11:17:00,690.9400024414062,690.9417724609375,690.7899780273438,690.844970703125,88196
2026-02-25 11:18:00,690.8499755859375,690.9400024414062,690.72998046875,690.739990234375,72358
2026-02-25 11:19:00,690.7598876953125,690.8248901367188,690.6900024414062,690.8200073242188,72671
2026-02-25 11:20:00,690.8262939453125,691.099609375,690.6900024414062,690.989990234375,99660
2026-02-25 11:21:00,690.989990234375,690.9949951171875,690.7999877929688,690.8499755859375,67797
2026-02-25 11:22:00,690.8499755859375,690.9400024414062,690.8200073242188,690.8800048828125,58104
2026-02-25 11:23:00,690.8800048828125,691.0,690.8599853515625,690.9598999023438,60688
2026-02-25 11:24:00,690.9600219726562,691.1500244140625,690.9099731445312,691.0999755859375,84619
2026-02-25 11:25:00,691.0900268554688,691.280029296875,691.0800170898438,691.22998046875,110284
2026-02-25 11:26:00,691.22998046875,691.3699951171875,691.1099853515625,691.3300170898438,121151
2026-02-25 11:27:00,691.3250122070312,691.4949951171875,691.2999877929688,691.47998046875,164030
2026-02-25 11:28:00,691.469970703125,691.52001953125,691.3800048828125,691.4400024414062,84832
2026-02-25 11:29:00,691.4498291015625,691.5800170898438,691.4199829101562,691.469970703125,110518
2026-02-25 11:30:00,691.47998046875,691.6400146484375,691.4400024414062,691.6300048828125,103993
2026-02-25 11:31:00,691.6199951171875,691.8200073242188,691.6099853515625,691.81982421875,92597
2026-02-25 11:32:00,691.8300170898438,691.8400268554688,691.6400146484375,691.6950073242188,98817
2026-02-25 11:33:00,691.6900024414062,691.780029296875,691.6599731445312,691.7100219726562,134559
2026-02-25 11:34:00,691.7150268554688,691.7349853515625,691.489990234375,691.5,194907
2026-02-25 11:35:00,691.47998046875,691.6599731445312,691.469970703125,691.5399780273438,214082
2026-02-25 11:36:00,691.5399780273438,691.594970703125,691.4000244140625,691.4299926757812,122712
2026-02-25 11:37:00,691.4201049804688,691.5900268554688,691.4000244140625,691.530029296875,72917
2026-02-25 11:38:00,691.5285034179688,691.5800170898438,691.4450073242188,691.5800170898438,59772
2026-02-25 11:39:00,691.5800170898438,691.7000122070312,691.5399780273438,691.6599731445312,91702
2026-02-25 11:40:00,691.6599731445312,691.8099975585938,691.6300048828125,691.7100219726562,115679
2026-02-25 11:41:00,691.7000122070312,691.8200073242188,691.6849975585938,691.8109130859375,115503
2026-02-25 11:42:00,691.8099975585938,691.9749755859375,691.760009765625,691.9400024414062,112446
2026-02-25 11:43:00,691.9299926757812,691.9650268554688,691.8699951171875,691.9299926757812,84309
2026-02-25 11:44:00,691.9199829101562,691.97998046875,691.8699951171875,691.89501953125,82095
2026-02-25 11:45:00,691.9099731445312,692.010009765625,691.8900146484375,691.97998046875,116793
2026-02-25 11:46:00,691.97998046875,692.0999755859375,691.97998046875,692.0800170898438,95170
2026-02-25 11:47:00,692.0900268554688,692.260009765625,692.0,692.1900024414062,103295
2026-02-25 11:48:00,692.2000122070312,692.3900146484375,692.1900024414062,692.2249755859375,163469
2026-02-25 11:49:00,692.2249755859375,692.25,692.1300048828125,692.2100219726562,109549
2026-02-25 11:50:00,692.2100219726562,692.3079833984375,692.1900024414062,692.2100219726562,87782
2026-02-25 11:51:00,692.219970703125,692.25,692.0599975585938,692.2100219726562,201812
2026-02-25 11:52:00,692.2100219726562,692.35498046875,692.1799926757812,692.260009765625,82143
2026-02-25 11:53:00,692.260009765625,692.27001953125,692.1599731445312,692.22998046875,90528
2026-02-25 11:54:00,692.2357788085938,692.2899780273438,692.0900268554688,692.0900268554688,96600
2026-02-25 11:55:00,692.094970703125,692.1599731445312,692.0,692.010009765625,121584
2026-02-25 11:56:00,692.02001953125,692.1099853515625,691.9849853515625,692.1096801757812,95614
2026-02-25 11:57:00,692.1099243164062,692.1199951171875,691.989990234375,692.0,75063
2026-02-25 11:58:00,692.010009765625,692.0698852539062,691.969970703125,692.0499877929688,50772
2026-02-25 11:59:00,692.0499877929688,692.1099853515625,692.02001953125,692.0399780273438,77417
2026-02-25 12:00:00,692.0399780273438,692.0700073242188,691.969970703125,691.9910278320312,73937
2026-02-25 12:01:00,692.0,692.260009765625,691.97998046875,692.2520141601562,83775
2026-02-25 12:02:00,692.260009765625,692.3099975585938,692.1799926757812,692.22998046875,59825
2026-02-25 12:03:00,692.260009765625,692.27001953125,692.1099853515625,692.2000122070312,79135
2026-02-25 12:04:00,692.2100219726562,692.219970703125,692.10498046875,692.1900024414062,64530
2026-02-25 12:05:00,692.1900024414062,692.260009765625,692.1300048828125,692.239990234375,45699
2026-02-25 12:06:00,692.25,692.2999877929688,692.2050170898438,692.25,35828
2026-02-25 12:07:00,692.2650146484375,692.280029296875,692.1599731445312,692.2000122070312,43063
2026-02-25 12:08:00,692.2100219726562,692.2100830078125,691.7999877929688,692.1699829101562,250268
2026-02-25 12:09:00,692.1699829101562,692.1699829101562,692.0599975585938,692.0900268554688,50856
2026-02-25 12:10:00,692.0897827148438,692.2100219726562,692.0599975585938,692.2000122070312,73568
2026-02-25 12:11:00,692.2000122070312,692.260009765625,692.1749877929688,692.25,49396
2026-02-25 12:12:00,692.260009765625,692.3250122070312,692.219970703125,692.2750244140625,71307
2026-02-25 12:13:00,692.27001953125,692.3300170898438,692.239990234375,692.260009765625,45617
2026-02-25 12:14:00,692.260009765625,692.3300170898438,692.239990234375,692.2999877929688,47876
2026-02-25 12:15:00,692.2999877929688,692.3400268554688,692.219970703125,692.280029296875,76569
2026-02-25 12:16:00,692.280029296875,692.3400268554688,692.2100219726562,692.260009765625,62678
2026-02-25 12:17:00,692.280029296875,692.3200073242188,692.219970703125,692.2899780273438,82469
2026-02-25 12:18:00,692.2949829101562,692.3099975585938,692.260009765625,692.2899780273438,44463
2026-02-25 12:19:00,692.280029296875,692.3499755859375,692.25,692.2901000976562,54420
2026-02-25 12:20:00,692.2899780273438,692.2899780273438,692.1799926757812,692.1815795898438,90355
2026-02-25 12:21:00,692.1900024414062,692.2999877929688,692.1900024414062,692.25,48839
2026-02-25 12:22:00,692.239990234375,692.3200073242188,692.2050170898438,692.280029296875,62550
2026-02-25 12:23:00,692.27001953125,692.3099975585938,692.219970703125,692.2349853515625,67276
2026-02-25 12:24:00,692.22998046875,692.2899780273438,692.1799926757812,692.2650146484375,81150
2026-02-25 12:25:00,692.260009765625,692.2999877929688,692.1699829101562,692.27001953125,74668
2026-02-25 12:26:00,692.27001953125,692.2855224609375,692.1799926757812,692.260009765625,65350
2026-02-25 12:27:00,692.260009765625,692.27001953125,692.0999755859375,692.1099853515625,58178
2026-02-25 12:28:00,692.1099853515625,692.1799926757812,692.0399780273438,692.0399780273438,170599
2026-02-25 12:29:00,692.0399780273438,692.0499877929688,691.9400024414062,691.969970703125,100200
2026-02-25 12:30:00,691.969970703125,692.010009765625,691.8400268554688,691.9849853515625,145661
2026-02-25 12:31:00,691.9949951171875,692.155029296875,691.9849853515625,692.0449829101562,52738
2026-02-25 12:32:00,692.0499877929688,692.1195068359375,691.9600219726562,692.0900268554688,74595
2026-02-25 12:33:00,692.094970703125,692.1599731445312,692.0399780273438,692.0549926757812,50659
2026-02-25 12:34:00,692.0549926757812,692.0753173828125,692.010009765625,692.0482788085938,58528
2026-02-25 12:35:00,692.0449829101562,692.1699829101562,692.0349731445312,692.0999755859375,64427
2026-02-25 12:36:00,692.1099853515625,692.1199951171875,692.0200805664062,692.0800170898438,42057
2026-02-25 12:37:00,692.0800170898438,692.2899780273438,692.0399780273438,692.2783203125,54211
2026-02-25 12:38:00,692.27001953125,692.2949829101562,692.2119750976562,692.219970703125,54538
2026-02-25 12:39:00,692.2150268554688,692.3049926757812,692.2000122070312,692.219970703125,62445
2026-02-25 12:40:00,692.22998046875,692.3200073242188,692.219970703125,692.239990234375,62465
2026-02-25 12:41:00,692.25,692.4299926757812,692.2100219726562,692.3701171875,92308
2026-02-25 12:42:00,692.3800048828125,692.4299926757812,692.344970703125,692.4249877929688,122779
2026-02-25 12:43:00,692.4299926757812,692.4600219726562,692.3599853515625,692.4100952148438,69913
2026-02-25 12:44:00,692.4199829101562,692.4199829101562,692.3099975585938,692.3200073242188,113868
2026-02-25 12:45:00,692.3400268554688,692.4299926757812,692.25,692.3673706054688,102001
2026-02-25 12:46:00,692.3599853515625,692.4550170898438,692.3499755859375,692.4299926757812,57562
2026-02-25 12:47:00,692.4199829101562,692.52001953125,692.4199829101562,692.4400024414062,207966
2026-02-25 12:48:00,692.4400024414062,692.4400024414062,692.260009765625,692.27001953125,70993
2026-02-25 12:49:00,692.260009765625,692.3099975585938,692.239990234375,692.3099975585938,66188
2026-02-25 12:50:00,692.2999877929688,692.3499755859375,692.25,692.3099975585938,68634
2026-02-25 12:51:00,692.3099975585938,692.5,692.2999877929688,692.4000244140625,122975
2026-02-25 12:52:00,692.4000244140625,692.4199829101562,692.3200073242188,692.4099731445312,48724
2026-02-25 12:53:00,692.4299926757812,692.5700073242188,692.3912963867188,692.5349731445312,50851
2026-02-25 12:54:00,692.5399780273438,692.5700073242188,692.4749755859375,692.4801025390625,66002
2026-02-25 12:55:00,692.489990234375,692.5349731445312,692.4299926757812,692.4550170898438,55186
2026-02-25 12:56:00,692.4500122070312,692.5360107421875,692.4400024414062,692.5,39428
2026-02-25 12:57:00,692.5,692.530029296875,692.469970703125,692.489990234375,42458
2026-02-25 12:58:00,692.4849853515625,692.510009765625,692.4299926757812,692.4600830078125,45621
2026-02-25 12:59:00,692.469970703125,692.5499877929688,692.4600219726562,692.5499877929688,52946
2026-02-25 13:00:00,692.5499877929688,692.5999755859375,692.52001953125,692.5800170898438,181328
2026-02-25 13:01:00,692.5899047851562,692.6900024414062,692.5700073242188,692.6599731445312,81833
2026-02-25 13:02:00,692.669921875,692.669921875,692.530029296875,692.5399780273438,61164
2026-02-25 13:03:00,692.5399780273438,692.5850219726562,692.510009765625,692.5399780273438,71106
2026-02-25 13:04:00,692.5499877929688,692.5549926757812,692.4600219726562,692.5,69970
2026-02-25 13:05:00,692.5,692.5,692.4199829101562,692.469970703125,36085
2026-02-25 13:06:00,692.469970703125,692.5,692.4299926757812,692.4674072265625,58263
2026-02-25 13:07:00,692.4600219726562,692.510009765625,692.4500122070312,692.4849853515625,40372
2026-02-25 13:08:00,692.489990234375,692.5399780273438,692.4600219726562,692.469970703125,57598
2026-02-25 13:09:00,692.469970703125,692.52001953125,692.4400024414062,692.47998046875,175166
2026-02-25 13:10:00,692.5,692.5800170898438,692.4749755859375,692.5700073242188,238767
2026-02-25 13:11:00,692.5700073242188,692.6400146484375,692.5599975585938,692.5900268554688,78585
2026-02-25 13:12:00,692.5900268554688,692.594970703125,692.4580078125,692.5299072265625,79003
2026-02-25 13:13:00,692.5250244140625,692.530029296875,692.4500122070312,692.489990234375,67672
2026-02-25 13:14:00,692.5,692.510009765625,692.4600219726562,692.489990234375,48926
2026-02-25 13:15:00,692.489990234375,692.489990234375,692.3599853515625,692.4199829101562,82591
2026-02-25 13:16:00,692.4299926757812,692.4400024414062,692.3099975585938,692.4249877929688,92265
2026-02-25 13:17:00,692.4099731445312,692.4299926757812,692.3200073242188,692.3699951171875,339966
2026-02-25 13:18:00,692.3699951171875,692.4000244140625,692.344970703125,692.3699951171875,48252
2026-02-25 13:19:00,692.3699951171875,692.4000244140625,692.3499755859375,692.3800048828125,60421
2026-02-25 13:20:00,692.3800048828125,692.405029296875,692.3300170898438,692.3599853515625,69971
2026-02-25 13:21:00,692.3699951171875,692.4099731445312,692.3099975585938,692.35498046875,134300
2026-02-25 13:22:00,692.3499755859375,692.3800048828125,692.3099975585938,692.3499755859375,70501
2026-02-25 13:23:00,692.3499755859375,692.3900146484375,692.3200073242188,692.3300170898438,49689
2026-02-25 13:24:00,692.3400268554688,692.3599853515625,692.27001953125,692.2750244140625,100641
2026-02-25 13:25:00,692.280029296875,692.3300170898438,692.2650146484375,692.3300170898438,65837
2026-02-25 13:26:00,692.3200073242188,692.3499755859375,692.2899780273438,692.3499755859375,49000
2026-02-25 13:27:00,692.3400268554688,692.3599853515625,692.2999877929688,692.3049926757812,45957
2026-02-25 13:28:00,692.2999877929688,692.3098754882812,692.25,692.2750244140625,46929
2026-02-25 13:29:00,692.280029296875,692.3200073242188,692.2050170898438,692.3099975585938,92762
2026-02-25 13:30:00,692.3099975585938,692.4799194335938,692.2999877929688,692.4099731445312,81378
2026-02-25 13:31:00,692.4099731445312,692.4400024414062,692.3800048828125,692.389892578125,53579
2026-02-25 13:32:00,692.3900146484375,692.4000244140625,692.3300170898438,692.3599853515625,47420
2026-02-25 13:33:00,692.3599853515625,692.3699951171875,692.3001098632812,692.3699951171875,118226
2026-02-25 13:34:00,692.3699951171875,692.3699951171875,692.2899780273438,692.3099975585938,83277
2026-02-25 13:35:00,692.3150024414062,692.3499755859375,692.239990234375,692.2899780273438,66607
2026-02-25 13:36:00,692.2999877929688,692.3200073242188,692.25,692.2949829101562,62275
2026-02-25 13:37:00,692.2999877929688,692.2999877929688,692.219970703125,692.239990234375,95381
2026-02-25 13:38:00,692.239990234375,692.2880249023438,692.2100219726562,692.27001953125,43211
2026-02-25 13:39:00,692.27001953125,692.3099975585938,692.2650146484375,692.3099975585938,37412
2026-02-25 13:40:00,692.3099975585938,692.4099731445312,692.2899780273438,692.3900146484375,76411
2026-02-25 13:41:00,692.3800048828125,692.52001953125,692.3699951171875,692.52001953125,67924
2026-02-25 13:42:00,692.52001953125,692.5499877929688,692.5,692.5399780273438,71340
2026-02-25 13:43:00,692.52001953125,692.5599975585938,692.469970703125,692.5599975585938,62465
2026-02-25 13:44:00,692.5599975585938,692.6199951171875,692.5499877929688,692.5499877929688,114865
2026-02-25 13:45:00,692.5499877929688,692.5900268554688,692.5399780273438,692.5449829101562,75017
2026-02-25 13:46:00,692.5499877929688,692.5599975585938,692.486328125,692.5250244140625,70887
2026-02-25 13:47:00,692.530029296875,692.5449829101562,692.489990234375,692.5,41297
2026-02-25 13:48:00,692.510009765625,692.5650024414062,692.469970703125,692.5,34284
2026-02-25 13:49:00,692.510009765625,692.5449829101562,692.4949951171875,692.5399780273438,28529
2026-02-25 13:50:00,692.5499877929688,692.6500244140625,692.5399780273438,692.5599975585938,80675
2026-02-25 13:51:00,692.5549926757812,692.6199951171875,692.530029296875,692.594970703125,47639
2026-02-25 13:52:00,692.594970703125,692.6300048828125,692.5601196289062,692.6099853515625,41100
2026-02-25 13:53:00,692.6099853515625,692.6900024414062,692.5999755859375,692.6298828125,53100
2026-02-25 13:54:00,692.6199951171875,692.625,692.5599975585938,692.5900268554688,58074
2026-02-25 13:55:00,692.5900268554688,692.6099853515625,692.510009765625,692.52001953125,207273
2026-02-25 13:56:00,692.52001953125,692.5700073242188,692.4400024414062,692.4401245117188,47793
2026-02-25 13:57:00,692.4450073242188,692.52001953125,692.4400024414062,692.489990234375,47477
2026-02-25 13:58:00,692.489990234375,692.4949951171875,692.4500122070312,692.47998046875,40696
2026-02-25 13:59:00,692.4801025390625,692.54931640625,692.4600219726562,692.489990234375,52320
2026-02-25 14:00:00,692.489990234375,692.6400146484375,692.47998046875,692.6099853515625,93506
2026-02-25 14:01:00,692.5999755859375,692.6900024414062,692.5709228515625,692.6699829101562,102256
2026-02-25 14:02:00,692.6649780273438,692.8699951171875,692.6649780273438,692.8099975585938,214784
2026-02-25 14:03:00,692.8099975585938,692.8150024414062,692.739990234375,692.788818359375,88177
2026-02-25 14:04:00,692.7899780273438,692.7899780273438,692.7100219726562,692.760009765625,74925
2026-02-25 14:05:00,692.77001953125,692.864990234375,692.6699829101562,692.8499755859375,216726
2026-02-25 14:06:00,692.8499755859375,692.9000244140625,692.830078125,692.8900146484375,119774
2026-02-25 14:07:00,692.885009765625,692.97998046875,692.8599853515625,692.9199829101562,309869
2026-02-25 14:08:00,692.9099731445312,692.969970703125,692.8900146484375,692.9450073242188,105593
2026-02-25 14:09:00,692.9400024414062,692.9749755859375,692.89501953125,692.9299926757812,97362
2026-02-25 14:10:00,692.9299926757812,693.0050048828125,692.9099731445312,692.9400024414062,86816
2026-02-25 14:11:00,692.9450073242188,692.9600219726562,692.8499755859375,692.8800048828125,146258
2026-02-25 14:12:00,692.8800048828125,692.9600219726562,692.8699951171875,692.9000244140625,57454
2026-02-25 14:13:00,692.9000244140625,692.9500122070312,692.8599853515625,692.8900146484375,105145
2026-02-25 14:14:00,692.8900146484375,692.9199829101562,692.8499755859375,692.8499755859375,72778
2026-02-25 14:15:00,692.8599853515625,692.89501953125,692.8400268554688,692.8701171875,77989
2026-02-25 14:16:00,692.8599853515625,692.9199829101562,692.7650146484375,692.9000244140625,95159
2026-02-25 14:17:00,692.9000244140625,692.9199829101562,692.8496704101562,692.9099731445312,76168
2026-02-25 14:18:00,692.9099731445312,693.0700073242188,692.905029296875,693.0150146484375,136532
2026-02-25 14:19:00,693.0100708007812,693.0499877929688,692.989990234375,693.02001953125,73822
2026-02-25 14:20:00,693.02001953125,693.0599975585938,692.989990234375,693.0250244140625,76168
2026-02-25 14:21:00,693.0250244140625,693.0800170898438,692.989990234375,693.0399780273438,83081
2026-02-25 14:22:00,693.0399780273438,693.0399780273438,692.8699951171875,692.8900146484375,108859
2026-02-25 14:23:00,692.9000244140625,692.9199829101562,692.8699951171875,692.9000244140625,130430
2026-02-25 14:24:00,692.9000244140625,692.9299926757812,692.864990234375,692.9000244140625,73356
2026-02-25 14:25:00,692.9099731445312,692.9299926757812,692.8699951171875,692.8925170898438,61145
2026-02-25 14:26:00,692.8900146484375,692.9099731445312,692.8599853515625,692.8599853515625,68835
2026-02-25 14:27:00,692.869873046875,692.89501953125,692.8400268554688,692.8900146484375,102301
2026-02-25 14:28:00,692.8800048828125,692.9500122070312,692.8699951171875,692.9299926757812,80465
2026-02-25 14:29:00,692.9199829101562,692.9500122070312,692.85009765625,692.8699951171875,70563
2026-02-25 14:30:00,692.8599853515625,693.02001953125,692.8499755859375,693.010009765625,75027
2026-02-25 14:31:00,693.02001953125,693.0599975585938,692.9849853515625,692.9949951171875,67057
2026-02-25 14:32:00,693.0,693.0449829101562,692.969970703125,693.0349731445312,82414
2026-02-25 14:33:00,693.030029296875,693.0549926757812,693.0106811523438,693.0399780273438,40321
2026-02-25 14:34:00,693.0499877929688,693.2199096679688,693.0250244140625,693.2000122070312,154278
2026-02-25 14:35:00,693.2000122070312,693.2150268554688,693.1599731445312,693.2050170898438,129366
2026-02-25 14:36:00,693.2000122070312,693.2623901367188,693.1799926757812,693.1950073242188,93999
2026-02-25 14:37:00,693.2100219726562,693.3200073242188,693.1900024414062,693.2899780273438,178167
2026-02-25 14:38:00,693.2899780273438,693.3167114257812,693.27001953125,693.2999877929688,81714
2026-02-25 14:39:00,693.3099975585938,693.3099975585938,693.2050170898438,693.239990234375,79471
2026-02-25 14:40:00,693.22998046875,693.3049926757812,693.2249755859375,693.2750244140625,65469
2026-02-25 14:41:00,693.280029296875,693.2849731445312,693.1300048828125,693.1599731445312,94351
2026-02-25 14:42:00,693.1699829101562,693.260009765625,693.1555786132812,693.1799926757812,94926
2026-02-25 14:43:00,693.1849975585938,693.2100219726562,693.1500244140625,693.1699829101562,58198
2026-02-25 14:44:00,693.1799926757812,693.1799926757812,693.0700073242188,693.0800170898438,76831
2026-02-25 14:45:00,693.0850219726562,693.1099853515625,693.0499877929688,693.0999755859375,79346
2026-02-25 14:46:00,693.0999755859375,693.1900024414062,693.0900268554688,693.1600952148438,67302
2026-02-25 14:47:00,693.1599731445312,693.239990234375,693.1599731445312,693.2000122070312,63805
2026-02-25 14:48:00,693.1900024414062,693.2490234375,693.1749877929688,693.22998046875,58294
2026-02-25 14:49:00,693.22998046875,693.280029296875,693.1649780273438,693.2000122070312,104817
2026-02-25 14:50:00,693.2050170898438,693.239990234375,693.1699829101562,693.1799926757812,81477
2026-02-25 14:51:00,693.1799926757812,693.1900024414062,693.1199951171875,693.1199951171875,85389
2026-02-25 14:52:00,693.1199951171875,693.1699829101562,693.1099853515625,693.155029296875,72461
2026-02-25 14:53:00,693.1500244140625,693.2050170898438,693.1300048828125,693.1500244140625,85686
2026-02-25 14:54:00,693.1500244140625,693.1950073242188,693.1199951171875,693.14501953125,116485
2026-02-25 14:55:00,693.1500244140625,693.1950073242188,693.1300048828125,693.1699829101562,93143
2026-02-25 14:56:00,693.1749877929688,693.22998046875,693.1500244140625,693.2100219726562,55287
2026-02-25 14:57:00,693.2100219726562,693.2150268554688,693.125,693.1500244140625,81852
2026-02-25 14:58:00,693.1500244140625,693.1599731445312,693.110595703125,693.135009765625,107315
2026-02-25 14:59:00,693.1400146484375,693.1500244140625,693.0599975585938,693.0850219726562,88710
2026-02-25 15:00:00,693.0850219726562,693.1849975585938,693.0700073242188,693.1749877929688,93227
2026-02-25 15:01:00,693.1799926757812,693.280029296875,693.1699829101562,693.239990234375,82363
2026-02-25 15:02:00,693.239990234375,693.3300170898438,693.2000122070312,693.2249755859375,245416
2026-02-25 15:03:00,693.22998046875,693.239990234375,693.0700073242188,693.1400756835938,149347
2026-02-25 15:04:00,693.149169921875,693.149169921875,693.0750122070312,693.10498046875,97068
2026-02-25 15:05:00,693.10498046875,693.2000122070312,693.10498046875,693.1599731445312,83077
2026-02-25 15:06:00,693.1599731445312,693.1599731445312,693.0900268554688,693.1300048828125,103946
2026-02-25 15:07:00,693.1300048828125,693.2050170898438,693.094970703125,693.2050170898438,110867
2026-02-25 15:08:00,693.2100219726562,693.2100219726562,693.14501953125,693.1599731445312,105487
2026-02-25 15:09:00,693.1691284179688,693.1799926757812,693.114990234375,693.125,122115
2026-02-25 15:10:00,693.1300048828125,693.1500244140625,693.0700073242188,693.10009765625,83890
2026-02-25 15:11:00,693.10498046875,693.1099853515625,693.0399780273438,693.0549926757812,86621
2026-02-25 15:12:00,693.0599975585938,693.0800170898438,692.97998046875,692.989990234375,110023
2026-02-25 15:13:00,693.0,693.0999755859375,692.9700927734375,693.094970703125,85090
2026-02-25 15:14:00,693.094970703125,693.0999755859375,693.030029296875,693.0750122070312,77578
2026-02-25 15:15:00,693.0800170898438,693.0900268554688,693.02001953125,693.0349731445312,186246
2026-02-25 15:16:00,693.0349731445312,693.1199951171875,693.0250244140625,693.0999755859375,222028
2026-02-25 15:17:00,693.0999755859375,693.1900024414062,693.0750122070312,693.1599731445312,415848
2026-02-25 15:18:00,693.1699829101562,693.1799926757812,693.0999755859375,693.1300048828125,143175
2026-02-25 15:19:00,693.1199951171875,693.1400146484375,693.0650024414062,693.1099853515625,132461
2026-02-25 15:20:00,693.10498046875,693.1199951171875,692.989990234375,693.0150146484375,141822
2026-02-25 15:21:00,693.02001953125,693.02001953125,692.9400024414062,692.97998046875,186265
2026-02-25 15:22:00,692.97998046875,693.0050048828125,692.8900146484375,692.8900146484375,116718
2026-02-25 15:23:00,692.8900146484375,692.969970703125,692.8099975585938,692.9400024414062,115094
2026-02-25 15:24:00,692.9400024414062,692.969970703125,692.9000244140625,692.9500122070312,93527
2026-02-25 15:25:00,692.9600219726562,693.0798950195312,692.9500122070312,693.02001953125,121261
2026-02-25 15:26:00,693.0150146484375,693.02001953125,692.9199829101562,692.9600219726562,95522
2026-02-25 15:27:00,692.9600219726562,692.9949951171875,692.9299926757812,692.9949951171875,116565
2026-02-25 15:28:00,692.989990234375,693.0499877929688,692.969970703125,692.9949951171875,110008
2026-02-25 15:29:00,692.9949951171875,693.0050048828125,692.9099731445312,692.9199829101562,115158
2026-02-25 15:30:00,692.9199829101562,692.9299926757812,692.780029296875,692.840087890625,258893
2026-02-25 15:31:00,692.8499755859375,692.8900146484375,692.739990234375,692.7750244140625,161527
2026-02-25 15:32:00,692.7650146484375,692.9099731445312,692.7650146484375,692.8800048828125,147785
2026-02-25 15:33:00,692.8699951171875,692.97998046875,692.8499755859375,692.9099731445312,133785
2026-02-25 15:34:00,692.9199829101562,692.969970703125,692.8499755859375,692.8599853515625,138045
2026-02-25 15:35:00,692.8599853515625,692.8800048828125,692.7999877929688,692.8800048828125,159056
2026-02-25 15:36:00,692.8699951171875,692.9000244140625,692.8200073242188,692.8699951171875,112259
2026-02-25 15:37:00,692.875,692.969970703125,692.8599853515625,692.969970703125,92418
2026-02-25 15:38:00,692.9600219726562,693.1400146484375,692.9400024414062,693.1199951171875,186410
2026-02-25 15:39:00,693.1300048828125,693.1900024414062,693.0899047851562,693.1500244140625,187605
2026-02-25 15:40:00,693.1486206054688,693.1500244140625,693.0399780273438,693.1199951171875,245179
2026-02-25 15:41:00,693.1199951171875,693.27001953125,693.1099853515625,693.260009765625,151476
2026-02-25 15:42:00,693.25,693.25,693.1094970703125,693.1599731445312,159428
2026-02-25 15:43:00,693.1599731445312,693.1900024414062,693.125,693.1599731445312,135659
2026-02-25 15:44:00,693.1500244140625,693.1599731445312,693.0700073242188,693.0900268554688,149085
2026-02-25 15:45:00,693.0800170898438,693.2000122070312,693.0549926757812,693.1900024414062,312144
2026-02-25 15:46:00,693.1900024414062,693.22998046875,693.1400146484375,693.2000122070312,181925
2026-02-25 15:47:00,693.2000122070312,693.3300170898438,693.1900024414062,693.3200073242188,226327
2026-02-25 15:48:00,693.3099975585938,693.39501953125,693.2999877929688,693.3400268554688,234855
2026-02-25 15:49:00,693.344970703125,693.344970703125,693.2249755859375,693.239990234375,256113
2026-02-25 15:50:00,693.239990234375,693.6799926757812,693.0499877929688,693.4600219726562,1768105
2026-02-25 15:51:00,693.4600219726562,693.510009765625,693.3800048828125,693.489990234375,361946
2026-02-25 15:52:00,693.489990234375,693.530029296875,693.39501953125,693.4000244140625,502355
2026-02-25 15:53:00,693.4099731445312,693.4199829101562,693.2650146484375,693.35498046875,296206
2026-02-25 15:54:00,693.3599853515625,693.469970703125,693.3049926757812,693.4400024414062,662843
2026-02-25 15:55:00,693.4500122070312,693.4500122070312,693.1799926757812,693.344970703125,532553
2026-02-25 15:56:00,693.3400268554688,693.39501953125,693.1699829101562,693.2650146484375,355102
2026-02-25 15:57:00,693.27001953125,693.3067016601562,693.22998046875,693.260009765625,330663
2026-02-25 15:58:00,693.25,693.2650146484375,693.02001953125,693.0599975585938,609815
2026-02-25 15:59:00,693.0599975585938,693.3200073242188,692.9400024414062,693.0999755859375,1446308
2026-02-26 09:30:00,693.280029296875,693.2999877929688,692.25,692.3090209960938,1595512
2026-02-26 09:31:00,692.3300170898438,692.8300170898438,692.1900024414062,692.6199951171875,211562
2026-02-26 09:32:00,692.630126953125,692.8400268554688,692.22998046875,692.27001953125,227127
2026-02-26 09:33:00,692.2899780273438,692.52001953125,692.1300048828125,692.2000122070312,202619
2026-02-26 09:34:00,692.1699829101562,692.4199829101562,692.02001953125,692.260009765625,240410
2026-02-26 09:35:00,692.27001953125,692.5700073242188,692.114990234375,692.27001953125,387657
2026-02-26 09:36:00,692.260009765625,692.3099975585938,691.6699829101562,691.72998046875,511129
2026-02-26 09:37:00,691.72998046875,692.110107421875,691.72998046875,691.9500122070312,232873
2026-02-26 09:38:00,691.9400024414062,692.2999877929688,691.780029296875,692.0,250524
2026-02-26 09:39:00,692.0499877929688,692.4600219726562,692.0499877929688,692.176513671875,271421
2026-02-26 09:40:00,692.1900024414062,692.239990234375,691.5599975585938,691.5700073242188,299291
2026-02-26 09:41:00,691.5800170898438,691.85498046875,691.47998046875,691.5999755859375,200633
2026-02-26 09:42:00,691.6099853515625,691.7949829101562,691.3400268554688,691.4000244140625,202286
2026-02-26 09:43:00,691.4299926757812,691.510009765625,690.9000244140625,691.0900268554688,357455
2026-02-26 09:44:00,691.0700073242188,691.5800170898438,691.02001953125,691.4500122070312,301341
2026-02-26 09:45:00,691.4299926757812,691.469970703125,690.760009765625,690.9550170898438,369913
2026-02-26 09:46:00,690.9600219726562,691.3499755859375,690.9199829101562,691.2000122070312,231929
2026-02-26 09:47:00,691.2100219726562,691.219970703125,690.9000244140625,691.0800170898438,191336
2026-02-26 09:48:00,691.0599975585938,691.1199951171875,690.6699829101562,690.8499755859375,313394
2026-02-26 09:49:00,690.8499755859375,691.1199951171875,690.7100219726562,691.0449829101562,188397
2026-02-26 09:50:00,691.0449829101562,691.5800170898438,691.0399780273438,691.0800170898438,243792
2026-02-26 09:51:00,691.0800170898438,691.260009765625,690.8101196289062,690.989990234375,184779
2026-02-26 09:52:00,690.989990234375,691.030029296875,690.77001953125,690.780029296875,145457
2026-02-26 09:53:00,690.780029296875,691.0599975585938,690.5800170898438,690.97998046875,165250
2026-02-26 09:54:00,690.969970703125,691.0399780273438,690.6300048828125,690.969970703125,147795
2026-02-26 09:55:00,690.97998046875,691.4199829101562,690.9199829101562,691.2000122070312,240397
2026-02-26 09:56:00,691.2100219726562,691.4099731445312,690.97998046875,691.02001953125,218536
2026-02-26 09:57:00,691.010009765625,691.0900268554688,690.6900024414062,690.7100219726562,160825
2026-02-26 09:58:00,690.6900024414062,690.77001953125,690.4199829101562,690.7249755859375,305295
2026-02-26 09:59:00,690.719970703125,690.9299926757812,690.530029296875,690.6699829101562,215823
2026-02-26 10:00:00,690.6799926757812,691.030029296875,690.3499145507812,690.385009765625,323283
2026-02-26 10:01:00,690.3900146484375,690.530029296875,689.5750122070312,689.760009765625,417713
2026-02-26 10:02:00,689.7570190429688,689.989990234375,689.6799926757812,689.9600219726562,353050
2026-02-26 10:03:00,689.9500122070312,690.3936767578125,689.8900146484375,690.25,263696
2026-02-26 10:04:00,690.22998046875,690.5800170898438,690.0900268554688,690.3302001953125,260309
2026-02-26 10:05:00,690.3400268554688,690.4099731445312,690.010009765625,690.260009765625,150392
2026-02-26 10:06:00,690.239990234375,690.6389770507812,690.0499877929688,690.4199829101562,196862
2026-02-26 10:07:00,690.4000244140625,690.4771728515625,689.9500122070312,690.0750122070312,169026
2026-02-26 10:08:00,690.0700073242188,690.260009765625,689.9500122070312,690.1500244140625,99566
2026-02-26 10:09:00,690.1599731445312,690.3200073242188,689.8602294921875,689.97998046875,146322
2026-02-26 10:10:00,689.97998046875,690.4099731445312,689.9400024414062,690.3599853515625,286778
2026-02-26 10:11:00,690.3900146484375,690.530029296875,690.2000122070312,690.3400268554688,151957
2026-02-26 10:12:00,690.3099975585938,690.3599853515625,689.0700073242188,689.0900268554688,404431
2026-02-26 10:13:00,689.0850219726562,689.2899780273438,689.030029296875,689.0599975585938,211894
2026-02-26 10:14:00,689.0499877929688,689.0650024414062,688.5510864257812,688.5850219726562,339659
2026-02-26 10:15:00,688.5800170898438,688.5900268554688,687.8099975585938,688.02001953125,468331
2026-02-26 10:16:00,688.010009765625,688.0299072265625,687.1649780273438,687.2000122070312,331695
2026-02-26 10:17:00,687.2000122070312,687.6400146484375,687.0100708007812,687.1500244140625,450485
2026-02-26 10:18:00,687.155029296875,687.219970703125,686.5800170898438,686.739990234375,425175
2026-02-26 10:19:00,686.760009765625,686.8699951171875,686.3300170898438,686.4281005859375,400540
2026-02-26 10:20:00,686.5,686.97998046875,685.9400024414062,685.9749755859375,604841
2026-02-26 10:21:00,685.9600219726562,686.0599975585938,685.3099975585938,685.3200073242188,460593
2026-02-26 10:22:00,685.3300170898438,685.5,684.9310302734375,685.3900146484375,504433
2026-02-26 10:23:00,685.3900146484375,685.8599853515625,685.1199951171875,685.6099853515625,667395
2026-02-26 10:24:00,685.5999755859375,685.6900024414062,684.9400024414062,685.3200073242188,564433
2026-02-26 10:25:00,685.3200073242188,685.5999755859375,685.0800170898438,685.3400268554688,638632
2026-02-26 10:26:00,685.3599853515625,686.3599853515625,685.3599853515625,686.2100219726562,634592
2026-02-26 10:27:00,686.22998046875,686.27001953125,685.030029296875,685.1199951171875,388962
2026-02-26 10:28:00,685.1199951171875,685.4998168945312,684.739990234375,685.0499877929688,379101
2026-02-26 10:29:00,685.030029296875,685.8101196289062,685.02001953125,685.6900024414062,350410
2026-02-26 10:30:00,685.6699829101562,685.780029296875,684.97998046875,685.219970703125,419654
2026-02-26 10:31:00,685.2100219726562,685.7100219726562,684.989990234375,685.469970703125,292350
2026-02-26 10:32:00,685.489990234375,685.655029296875,684.9600219726562,684.97998046875,241628
2026-02-26 10:33:00,684.97998046875,685.2999877929688,684.8699951171875,685.0800170898438,228528
2026-02-26 10:34:00,685.1099853515625,685.1099853515625,684.3499755859375,684.5800170898438,539034
2026-02-26 10:35:00,684.6199951171875,685.469970703125,684.5900268554688,685.3499755859375,317131
2026-02-26 10:36:00,685.3300170898438,685.5999755859375,685.0,685.5050048828125,264170
2026-02-26 10:37:00,685.5,685.989990234375,685.3699951171875,685.9400024414062,257658
2026-02-26 10:38:00,685.9299926757812,686.5999755859375,685.8200073242188,686.5499877929688,319053
2026-02-26 10:39:00,686.5499877929688,686.6300048828125,686.2100219726562,686.5800170898438,277847
2026-02-26 10:40:00,686.5800170898438,686.9600219726562,686.469970703125,686.5599975585938,529085
2026-02-26 10:41:00,686.5499877929688,686.97998046875,686.3800048828125,686.8300170898438,257181
2026-02-26 10:42:00,686.8099975585938,687.010009765625,686.2899780273438,686.510009765625,276502
2026-02-26 10:43:00,686.510009765625,687.02001953125,686.510009765625,686.9400024414062,164218
2026-02-26 10:44:00,686.9199829101562,687.0900268554688,686.719970703125,686.9299926757812,109477
2026-02-26 10:45:00,686.9400024414062,687.489990234375,686.9400024414062,687.4199829101562,247223
2026-02-26 10:46:00,687.4298706054688,687.5598754882812,686.719970703125,686.8400268554688,198017
2026-02-26 10:47:00,686.8400268554688,687.260009765625,686.6500244140625,687.22998046875,121388
2026-02-26 10:48:00,687.22998046875,687.5599975585938,687.0999755859375,687.4299926757812,141442
2026-02-26 10:49:00,687.469970703125,687.7999877929688,687.2899780273438,687.5800170898438,278508
2026-02-26 10:50:00,687.5800170898438,687.5800170898438,687.2000122070312,687.3300170898438,352093
2026-02-26 10:51:00,687.3499755859375,687.3499755859375,686.9600219726562,687.1300048828125,202200
2026-02-26 10:52:00,687.1300048828125,687.9498901367188,687.0800170898438,687.7899780273438,272000
2026-02-26 10:53:00,687.7899169921875,687.8599853515625,687.2899780273438,687.5,143011
2026-02-26 10:54:00,687.52001953125,687.72998046875,687.3200073242188,687.6799926757812,104349
2026-02-26 10:55:00,687.6799926757812,687.8099975585938,687.4000244140625,687.5700073242188,171331
2026-02-26 10:56:00,687.5599975585938,687.6199951171875,687.280029296875,687.3900146484375,127547
2026-02-26 10:57:00,687.3900146484375,687.9500122070312,687.27001953125,687.9299926757812,306858
2026-02-26 10:58:00,687.9492797851562,688.1799926757812,687.8699951171875,688.0399780273438,193894
2026-02-26 10:59:00,688.0499877929688,688.0700073242188,687.5399780273438,687.7100219726562,128421
2026-02-26 11:00:00,687.719970703125,688.1300048828125,687.6599731445312,688.0999755859375,92138
2026-02-26 11:01:00,688.0800170898438,688.1699829101562,687.739990234375,687.8099975585938,114440
2026-02-26 11:02:00,687.8099975585938,687.97998046875,687.5700073242188,687.8800048828125,149845
2026-02-26 11:03:00,687.8800048828125,688.219970703125,687.7899780273438,687.8699951171875,175903
2026-02-26 11:04:00,687.8800048828125,688.030029296875,687.5999755859375,688.030029296875,188785
2026-02-26 11:05:00,688.010009765625,688.219970703125,687.8900146484375,687.9400024414062,157239
2026-02-26 11:06:00,687.9500122070312,688.0800170898438,687.4600219726562,687.7301025390625,157705
2026-02-26 11:07:00,687.739990234375,688.1599731445312,687.5700073242188,688.0,163204
2026-02-26 11:08:00,687.989990234375,688.1599731445312,687.8800048828125,688.0599975585938,80027
2026-02-26 11:09:00,688.0700073242188,688.280029296875,688.030029296875,688.0999755859375,99509
2026-02-26 11:10:00,688.100830078125,688.25,687.9199829101562,687.989990234375,104672
2026-02-26 11:11:00,688.010009765625,688.1500244140625,687.8200073242188,687.989990234375,80202
2026-02-26 11:12:00,688.010009765625,688.4755859375,688.010009765625,688.2999267578125,164266
2026-02-26 11:13:00,688.260009765625,688.3499755859375,688.1300048828125,688.3099975585938,106330
2026-02-26 11:14:00,688.3099975585938,688.5800170898438,688.1699829101562,688.5800170898438,93763
2026-02-26 11:15:00,688.5850219726562,688.9000244140625,688.5399780273438,688.8699951171875,223405
2026-02-26 11:16:00,688.8699951171875,688.989990234375,688.6799926757812,688.9749755859375,129614
2026-02-26 11:17:00,688.969970703125,688.97998046875,688.4400024414062,688.6199951171875,117184
2026-02-26 11:18:00,688.5900268554688,688.6090087890625,688.4099731445312,688.4600219726562,140375
2026-02-26 11:19:00,688.4500122070312,688.4824829101562,688.22998046875,688.280029296875,141629
2026-02-26 11:20:00,688.27001953125,688.4099731445312,688.135986328125,688.27001953125,100240
2026-02-26 11:21:00,688.280029296875,688.4949951171875,688.2498779296875,688.3900146484375,80678
2026-02-26 11:22:00,688.39501953125,688.739990234375,688.388916015625,688.6099853515625,105536
2026-02-26 11:23:00,688.6099853515625,688.739990234375,688.4099731445312,688.4400024414062,115875
2026-02-26 11:24:00,688.4749755859375,688.53369140625,688.302001953125,688.4500122070312,124610
2026-02-26 11:25:00,688.47998046875,688.8599853515625,688.4400024414062,688.8499755859375,112129
2026-02-26 11:26:00,688.8599853515625,689.0999755859375,688.6400146484375,688.760009765625,138342
2026-02-26 11:27:00,688.75,688.8099975585938,688.5800170898438,688.7999877929688,86085
2026-02-26 11:28:00,688.8099975585938,688.9000244140625,688.7100219726562,688.8800048828125,58408
2026-02-26 11:29:00,688.875,688.9400024414062,688.6900024414062,688.739990234375,91662
2026-02-26 11:30:00,688.739990234375,688.9099731445312,688.5599975585938,688.760009765625,117051
2026-02-26 11:31:00,688.780029296875,688.8200073242188,688.4400024414062,688.47998046875,77193
2026-02-26 11:32:00,688.489990234375,688.9199829101562,688.489990234375,688.7000122070312,102345
2026-02-26 11:33:00,688.7000122070312,688.7750244140625,688.469970703125,688.510009765625,73390
2026-02-26 11:34:00,688.530029296875,688.6699829101562,688.4000244140625,688.52001953125,110356
2026-02-26 11:35:00,688.530029296875,688.5900268554688,688.3300170898438,688.3699951171875,106352
2026-02-26 11:36:00,688.3499755859375,688.3699951171875,687.7800903320312,687.8074951171875,192695
2026-02-26 11:37:00,687.8074951171875,687.8400268554688,687.5900268554688,687.6599731445312,177625
2026-02-26 11:38:00,687.6599731445312,687.780029296875,687.3740234375,687.722900390625,136001
2026-02-26 11:39:00,687.719970703125,687.7899780273438,687.4650268554688,687.5050048828125,90406
2026-02-26 11:40:00,687.489990234375,687.5299072265625,687.219970703125,687.375,125822
2026-02-26 11:41:00,687.3699951171875,687.6799926757812,687.3599853515625,687.4299926757812,109052
2026-02-26 11:42:00,687.4249877929688,687.5700073242188,687.3099975585938,687.489990234375,63974
2026-02-26 11:43:00,687.5,687.5,687.0800170898438,687.1699829101562,147882
2026-02-26 11:44:00,687.1699829101562,687.239990234375,686.8400268554688,686.8400268554688,111571
2026-02-26 11:45:00,686.8400268554688,686.8699951171875,686.4600219726562,686.5399780273438,356767
2026-02-26 11:46:00,686.5449829101562,686.77001953125,686.2999877929688,686.47998046875,254155
2026-02-26 11:47:00,686.4899291992188,686.9000244140625,686.4099731445312,686.7899780273438,154116
2026-02-26 11:48:00,686.780029296875,687.1849975585938,686.7000122070312,687.1199951171875,156194
2026-02-26 11:49:00,687.1400146484375,687.3800048828125,687.0900268554688,687.3198852539062,167681
2026-02-26 11:50:00,687.3200073242188,687.510009765625,686.9400024414062,686.9400024414062,102589
2026-02-26 11:51:00,686.9500122070312,687.239990234375,686.9000854492188,686.9500122070312,73428
2026-02-26 11:52:00,686.9400024414062,687.0700073242188,686.77001953125,686.7999877929688,62698
2026-02-26 11:53:00,686.7999877929688,686.7999877929688,686.47998046875,686.5900268554688,144993
2026-02-26 11:54:00,686.5999755859375,686.6500244140625,686.3800048828125,686.4097900390625,77962
2026-02-26 11:55:00,686.4199829101562,686.510009765625,686.2105712890625,686.3400268554688,103392
2026-02-26 11:56:00,686.3300170898438,686.5700073242188,686.2100219726562,686.2100219726562,180605
2026-02-26 11:57:00,686.219970703125,686.280029296875,686.0349731445312,686.1799926757812,159970
2026-02-26 11:58:00,686.1799926757812,686.3900146484375,686.0999755859375,686.1500244140625,103263
2026-02-26 11:59:00,686.1199951171875,686.3599853515625,686.1199951171875,686.25,78036
2026-02-26 12:00:00,686.239990234375,686.5900268554688,686.1799926757812,686.5499877929688,177791
2026-02-26 12:01:00,686.5399780273438,686.5599975585938,686.22998046875,686.25,101993
2026-02-26 12:02:00,686.25,686.280029296875,686.0599975585938,686.0999755859375,116535
2026-02-26 12:03:00,686.0999755859375,686.4000244140625,686.0700073242188,686.3099975585938,127417
2026-02-26 12:04:00,686.2999877929688,686.5999755859375,686.2650146484375,686.5399780273438,80655
2026-02-26 12:05:00,686.530029296875,686.7899780273438,686.4600219726562,686.5999755859375,197969
2026-02-26 12:06:00,686.5800170898438,686.739990234375,686.5,686.5399780273438,90819
2026-02-26 12:07:00,686.5399780273438,686.8699951171875,686.489990234375,686.8200073242188,79074
2026-02-26 12:08:00,686.8099975585938,686.885009765625,686.6300048828125,686.6599731445312,155969
2026-02-26 12:09:00,686.6500244140625,686.77001953125,686.5399780273438,686.5700073242188,46197
2026-02-26 12:10:00,686.5700073242188,686.8900146484375,686.5700073242188,686.719970703125,66499
2026-02-26 12:11:00,686.7100219726562,686.9400024414062,686.6500244140625,686.8900146484375,68219
2026-02-26 12:12:00,686.8800048828125,687.0599975585938,686.8099975585938,687.0,124827
2026-02-26 12:13:00,686.989990234375,687.0,686.6599731445312,686.7100219726562,96773
2026-02-26 12:14:00,686.739990234375,686.739990234375,686.25,686.260009765625,92224
2026-02-26 12:15:00,686.260009765625,686.3099975585938,686.0700073242188,686.0800170898438,102353
2026-02-26 12:16:00,686.0700073242188,686.280029296875,686.030029296875,686.0999755859375,71786
2026-02-26 12:17:00,686.0900268554688,686.239990234375,686.0599975585938,686.1810302734375,53317
2026-02-26 12:18:00,686.1599731445312,686.4000244140625,686.0999755859375,686.3099975585938,88880
2026-02-26 12:19:00,686.2899780273438,686.52001953125,686.25,686.3099975585938,103858
2026-02-26 12:20:00,686.2949829101562,686.4400024414062,686.2899780273438,686.3400268554688,41229
2026-02-26 12:21:00,686.3599853515625,686.4400024414062,686.1400146484375,686.219970703125,64224
2026-02-26 12:22:00,686.219970703125,686.3699951171875,686.0900268554688,686.1300048828125,56250
2026-02-26 12:23:00,686.1400146484375,686.26318359375,686.0800170898438,686.0999755859375,61391
2026-02-26 12:24:00,686.1102905273438,686.4000854492188,686.1099853515625,686.3699951171875,47737
2026-02-26 12:25:00,686.3599853515625,686.5399780273438,686.280029296875,686.3699951171875,82723
2026-02-26 12:26:00,686.3900146484375,686.489990234375,686.3099975585938,686.3200073242188,55243
2026-02-26 12:27:00,686.3200073242188,686.4099731445312,686.239990234375,686.260009765625,47101
2026-02-26 12:28:00,686.27001953125,686.3800048828125,686.1500244140625,686.239990234375,40901
2026-02-26 12:29:00,686.239990234375,686.3300170898438,686.1699829101562,686.2849731445312,61189
2026-02-26 12:30:00,686.25,686.5599975585938,686.1699829101562,686.3099975585938,99275
2026-02-26 12:31:00,686.2999877929688,686.510009765625,686.27001953125,686.469970703125,76799
2026-02-26 12:32:00,686.469970703125,686.8200073242188,686.4500122070312,686.7999877929688,64954
2026-02-26 12:33:00,686.8200073242188,687.0900268554688,686.780029296875,686.9299926757812,107787
2026-02-26 12:34:00,686.9299926757812,687.02001953125,686.7899780273438,686.8200073242188,76242
2026-02-26 12:35:00,686.8200073242188,686.8200073242188,686.4293823242188,686.4500122070312,86508
2026-02-26 12:36:00,686.4819946289062,686.530029296875,686.1599731445312,686.1900024414062,187043
2026-02-26 12:37:00,686.1500244140625,686.1699829101562,685.739990234375,685.77001953125,175904
2026-02-26 12:38:00,685.760009765625,685.9500122070312,685.739990234375,685.8400268554688,66967
2026-02-26 12:39:00,685.8400268554688,686.010009765625,685.7999267578125,685.9299926757812,58851
2026-02-26 12:40:00,685.9349975585938,686.097412109375,685.8350219726562,685.9500122070312,70283
2026-02-26 12:41:00,685.9600219726562,685.989990234375,685.719970703125,685.72998046875,34670
2026-02-26 12:42:00,685.72998046875,685.8699951171875,685.6900024414062,685.739990234375,82128
2026-02-26 12:43:00,685.739990234375,685.8400268554688,685.6500244140625,685.8099975585938,62986
2026-02-26 12:44:00,685.8099975585938,685.8400268554688,685.5999755859375,685.6500244140625,114025
2026-02-26 12:45:00,685.6400146484375,685.739990234375,685.530029296875,685.6099853515625,59351
2026-02-26 12:46:00,685.6099853515625,685.6599731445312,685.52001953125,685.635009765625,67934
2026-02-26 12:47:00,685.635009765625,685.8200073242188,685.530029296875,685.5650024414062,105314
2026-02-26 12:48:00,685.5650024414062,685.6400146484375,685.52001953125,685.5599975585938,65041
2026-02-26 12:49:00,685.5499877929688,685.5499877929688,685.1599731445312,685.22998046875,105388
2026-02-26 12:50:00,685.22998046875,685.3280029296875,685.010009765625,685.22998046875,121927
2026-02-26 12:51:00,685.219970703125,685.530029296875,685.1798706054688,685.510009765625,124580
2026-02-26 12:52:00,685.52001953125,685.9199829101562,685.4500122070312,685.75,205699
2026-02-26 12:53:00,685.72998046875,685.8599853515625,685.6300048828125,685.6900024414062,109426
2026-02-26 12:54:00,685.6799926757812,685.8599853515625,685.5999755859375,685.8200073242188,59376
2026-02-26 12:55:00,685.8099975585938,685.81591796875,685.4299926757812,685.4600219726562,90273
2026-02-26 12:56:00,685.4550170898438,685.5499877929688,685.4199829101562,685.4819946289062,40522
2026-02-26 12:57:00,685.47998046875,685.5250244140625,685.3800048828125,685.3800048828125,43083
2026-02-26 12:58:00,685.3800048828125,685.4600219726562,685.280029296875,685.4500122070312,38608
2026-02-26 12:59:00,685.4349975585938,685.6300048828125,685.4299926757812,685.4600219726562,30087
2026-02-26 13:00:00,685.469970703125,685.5599975585938,685.4000244140625,685.4000244140625,40490
2026-02-26 13:01:00,685.3900146484375,685.5599975585938,685.3265991210938,685.3900146484375,54317
2026-02-26 13:02:00,685.3800048828125,685.5499877929688,685.239990234375,685.239990234375,87773
2026-02-26 13:03:00,685.239990234375,685.260009765625,684.9500122070312,685.0,103488
2026-02-26 13:04:00,684.989990234375,685.2100219726562,684.989990234375,685.1099853515625,56457
2026-02-26 13:05:00,685.1199951171875,685.4000244140625,685.1199951171875,685.1799926757812,106946
2026-02-26 13:06:00,685.1699829101562,685.2999877929688,685.0700073242188,685.0900268554688,103349
2026-02-26 13:07:00,685.0900268554688,685.25,685.0399780273438,685.10009765625,66414
2026-02-26 13:08:00,685.1099853515625,685.2100219726562,684.739990234375,685.02001953125,274424
2026-02-26 13:09:00,685.0499267578125,685.1300048828125,684.7899780273438,685.0800170898438,162326
2026-02-26 13:10:00,685.0599975585938,685.4600219726562,685.0399780273438,685.3699951171875,133247
2026-02-26 13:11:00,685.375,685.5399780273438,685.1599731445312,685.4600219726562,164686
2026-02-26 13:12:00,685.4500122070312,685.469970703125,685.1599731445312,685.1699829101562,85968
2026-02-26 13:13:00,685.1849975585938,685.3900146484375,685.1400146484375,685.260009765625,88341
2026-02-26 13:14:00,685.25,685.3900146484375,685.1801147460938,685.3300170898438,50684
2026-02-26 13:15:00,685.3099975585938,685.3200073242188,685.1099853515625,685.1599731445312,51632
2026-02-26 13:16:00,685.1400146484375,685.1898803710938,684.9299926757812,685.0900268554688,64578
2026-02-26 13:17:00,685.1099853515625,685.510009765625,685.1099853515625,685.4299926757812,48543
2026-02-26 13:18:00,685.4299926757812,685.6500244140625,685.3499755859375,685.6199951171875,67856
2026-02-26 13:19:00,685.6199951171875,685.7999877929688,685.5,685.72998046875,154302
2026-02-26 13:20:00,685.739990234375,685.7999877929688,685.6500244140625,685.77001953125,98294
2026-02-26 13:21:00,685.77001953125,685.85498046875,685.4298706054688,685.4949951171875,110060
2026-02-26 13:22:00,685.5,685.6699829101562,685.4932250976562,685.610107421875,204513
2026-02-26 13:23:00,685.6099853515625,685.6199951171875,685.2899780273438,685.469970703125,70799
2026-02-26 13:24:00,685.4600219726562,685.7899780273438,685.4132080078125,685.77001953125,65642
2026-02-26 13:25:00,685.760009765625,685.8300170898438,685.697998046875,685.77001953125,88036
2026-02-26 13:26:00,685.760009765625,685.9000244140625,685.6900024414062,685.8900146484375,57180
2026-02-26 13:27:00,685.9000244140625,685.9550170898438,685.6599731445312,685.7000122070312,96618
2026-02-26 13:28:00,685.6900024414062,685.7100219726562,685.5900268554688,685.6799926757812,55138
2026-02-26 13:29:00,685.6799926757812,685.8049926757812,685.5900268554688,685.6699829101562,73374
2026-02-26 13:30:00,685.6599731445312,685.85498046875,685.5700073242188,685.7899780273438,98937
2026-02-26 13:31:00,685.780029296875,685.8699951171875,685.4099731445312,685.75,158636
2026-02-26 13:32:00,685.72998046875,685.780029296875,685.6099853515625,685.6900024414062,65560
2026-02-26 13:33:00,685.6799926757812,686.47998046875,685.5850219726562,686.3800048828125,343452
2026-02-26 13:34:00,686.4199829101562,686.989990234375,686.2901000976562,686.9600219726562,550793
2026-02-26 13:35:00,686.969970703125,687.0399780273438,686.5599975585938,686.760009765625,242415
2026-02-26 13:36:00,686.75,687.5399780273438,686.6799926757812,687.52001953125,253865
2026-02-26 13:37:00,687.510009765625,687.6799926757812,687.3099975585938,687.5449829101562,306235
2026-02-26 13:38:00,687.5399780273438,687.5399780273438,687.1500244140625,687.2550048828125,227098
2026-02-26 13:39:00,687.260009765625,687.5399780273438,687.260009765625,687.469970703125,97516
2026-02-26 13:40:00,687.469970703125,687.52001953125,687.25,687.3499755859375,77617
2026-02-26 13:41:00,687.3400268554688,687.5999755859375,687.2999877929688,687.5,101081
2026-02-26 13:42:00,687.5,687.52001953125,687.27001953125,687.4450073242188,87698
2026-02-26 13:43:00,687.4500122070312,687.780029296875,687.4199829101562,687.6099853515625,151323
2026-02-26 13:44:00,687.5999755859375,687.6503295898438,687.4500122070312,687.5200805664062,82786
2026-02-26 13:45:00,687.530029296875,688.1900024414062,687.530029296875,688.0599975585938,200916
2026-02-26 13:46:00,688.0700073242188,688.0900268554688,687.72998046875,687.760009765625,123174
2026-02-26 13:47:00,687.75,687.8350219726562,687.489990234375,687.530029296875,81197
2026-02-26 13:48:00,687.52001953125,687.609619140625,687.2100219726562,687.27001953125,151043
2026-02-26 13:49:00,687.2750244140625,687.510009765625,687.1420288085938,687.5,147936
2026-02-26 13:50:00,687.4801025390625,687.510009765625,687.1300048828125,687.1849975585938,123451
2026-02-26 13:51:00,687.1900024414062,687.2899780273438,687.0800170898438,687.1300048828125,115950
2026-02-26 13:52:00,687.155029296875,687.3800048828125,687.0900268554688,687.2899780273438,218855
2026-02-26 13:53:00,687.2999877929688,687.4550170898438,687.25,687.3300170898438,71869
2026-02-26 13:54:00,687.3400268554688,687.3800048828125,687.2750244140625,687.3099975585938,56585
2026-02-26 13:55:00,687.3099975585938,687.3300170898438,687.135009765625,687.27001953125,54612
2026-02-26 13:56:00,687.2899780273438,687.6599731445312,687.219970703125,687.625,75106
2026-02-26 13:57:00,687.6199951171875,687.6300048828125,687.4500122070312,687.5599975585938,59850
2026-02-26 13:58:00,687.5800170898438,687.6500244140625,687.4349975585938,687.4400024414062,101803
2026-02-26 13:59:00,687.469970703125,687.489990234375,687.3499755859375,687.3900146484375,60829
2026-02-26 14:00:00,687.4099731445312,687.47998046875,687.1599731445312,687.3309936523438,147122
2026-02-26 14:01:00,687.3300170898438,687.5599975585938,687.3300170898438,687.4500122070312,61556
2026-02-26 14:02:00,687.4299926757812,687.6500244140625,687.4099731445312,687.5700073242188,64987
2026-02-26 14:03:00,687.5800170898438,687.9500122070312,687.5800170898438,687.9199829101562,94244
2026-02-26 14:04:00,687.9099731445312,687.97998046875,687.8200073242188,687.8800048828125,148226
2026-02-26 14:05:00,687.8800048828125,687.989990234375,687.8200073242188,687.969970703125,130885
2026-02-26 14:06:00,687.969970703125,688.0999755859375,687.885009765625,688.02001953125,96160
2026-02-26 14:07:00,688.010009765625,688.14501953125,687.9000244140625,688.1300048828125,86895
2026-02-26 14:08:00,688.1099853515625,688.3400268554688,688.0599975585938,688.3300170898438,126624
2026-02-26 14:09:00,688.3300170898438,688.489990234375,688.2750244140625,688.4299926757812,114555
2026-02-26 14:10:00,688.4299926757812,688.7899780273438,688.4099731445312,688.7100219726562,168100
2026-02-26 14:11:00,688.719970703125,688.7750244140625,688.3300170898438,688.3400268554688,179275
2026-02-26 14:12:00,688.3300170898438,688.5499877929688,688.2999877929688,688.530029296875,113919
2026-02-26 14:13:00,688.52001953125,688.6500244140625,688.4400024414062,688.530029296875,111799
2026-02-26 14:14:00,688.530029296875,688.6099853515625,688.4600219726562,688.52001953125,119321
2026-02-26 14:15:00,688.52001953125,688.8599853515625,688.510009765625,688.8250122070312,126683
2026-02-26 14:16:00,688.8300170898438,689.02001953125,688.77001953125,688.9500122070312,262603
2026-02-26 14:17:00,688.9500122070312,689.0599975585938,688.8800048828125,688.9199829101562,99724
2026-02-26 14:18:00,688.9199829101562,689.1900024414062,688.9199829101562,688.969970703125,150018
2026-02-26 14:19:00,688.9600219726562,689.0349731445312,688.8900146484375,688.969970703125,152385
2026-02-26 14:20:00,688.97998046875,689.22998046875,688.8800048828125,689.2000122070312,134348
2026-02-26 14:21:00,689.2000122070312,689.2349853515625,689.0800170898438,689.1599731445312,214763
2026-02-26 14:22:00,689.1500244140625,689.1500244140625,688.989990234375,689.0399780273438,122305
2026-02-26 14:23:00,689.0499877929688,689.2750244140625,689.0399780273438,689.239990234375,149640
2026-02-26 14:24:00,689.2449951171875,689.3200073242188,689.1599731445312,689.2050170898438,98902
2026-02-26 14:25:00,689.2050170898438,689.219970703125,688.85498046875,688.9000244140625,157653
2026-02-26 14:26:00,688.9099731445312,688.9896850585938,688.6599731445312,688.9550170898438,183615
2026-02-26 14:27:00,688.9600219726562,688.989990234375,688.7849731445312,688.7999877929688,82913
2026-02-26 14:28:00,688.8001098632812,688.8400268554688,688.6099853515625,688.6699829101562,102501
2026-02-26 14:29:00,688.6699829101562,688.760009765625,688.4500122070312,688.6099853515625,126058
2026-02-26 14:30:00,688.6199951171875,688.760009765625,688.469970703125,688.72998046875,161233
2026-02-26 14:31:00,688.75,688.989990234375,688.7000122070312,688.9099731445312,143626
2026-02-26 14:32:00,688.9099731445312,689.1199951171875,688.9099731445312,689.02001953125,97148
2026-02-26 14:33:00,689.030029296875,689.0800170898438,688.9749755859375,689.0499877929688,45541
2026-02-26 14:34:00,689.0399780273438,689.2899780273438,689.0399780273438,689.22998046875,118813
2026-02-26 14:35:00,689.22998046875,689.3099975585938,689.1900024414062,689.27001953125,99502
2026-02-26 14:36:00,689.27001953125,689.2750244140625,689.0700073242188,689.22998046875,98812
2026-02-26 14:37:00,689.22998046875,689.2449951171875,689.14501953125,689.1749877929688,95387
2026-02-26 14:38:00,689.1799926757812,689.25,689.030029296875,689.0850219726562,243228
2026-02-26 14:39:00,689.0900268554688,689.1099853515625,688.969970703125,689.0900268554688,74392
2026-02-26 14:40:00,689.0999755859375,689.2100219726562,689.010009765625,689.1849975585938,112610
2026-02-26 14:41:00,689.1900024414062,689.219970703125,689.0999755859375,689.0999755859375,69078
2026-02-26 14:42:00,689.10498046875,689.2000122070312,689.0399780273438,689.1300048828125,56847
2026-02-26 14:43:00,689.1300048828125,689.1300048828125,688.9600219726562,689.118408203125,117148
2026-02-26 14:44:00,689.1199951171875,689.260009765625,689.0700073242188,689.1500244140625,91450
2026-02-26 14:45:00,689.14501953125,689.3800048828125,689.1400146484375,689.3200073242188,138299
2026-02-26 14:46:00,689.3400268554688,689.3599853515625,689.219970703125,689.3499755859375,108810
2026-02-26 14:47:00,689.3599853515625,689.6599731445312,689.3099975585938,689.6199951171875,143286
2026-02-26 14:48:00,689.6300048828125,689.6599731445312,689.5,689.5150146484375,148100
2026-02-26 14:49:00,689.52001953125,689.5999755859375,689.47998046875,689.5750122070312,80148
2026-02-26 14:50:00,689.5800170898438,689.5800170898438,689.280029296875,689.3150024414062,200333
2026-02-26 14:51:00,689.3150024414062,689.510009765625,689.2949829101562,689.510009765625,127311
2026-02-26 14:52:00,689.510009765625,689.5900268554688,689.510009765625,689.539794921875,93709
2026-02-26 14:53:00,689.530029296875,689.5800170898438,689.4550170898438,689.4600219726562,73859
2026-02-26 14:54:00,689.4600219726562,689.52001953125,689.4000244140625,689.4949951171875,69073
2026-02-26 14:55:00,689.489990234375,689.6599731445312,689.4400024414062,689.5399780273438,88846
2026-02-26 14:56:00,689.5399780273438,689.5999755859375,689.4099731445312,689.4400024414062,104390
2026-02-26 14:57:00,689.4400024414062,689.530029296875,689.4000244140625,689.4600219726562,54643
2026-02-26 14:58:00,689.4600830078125,689.4600830078125,689.114990234375,689.114990234375,141169
2026-02-26 14:59:00,689.1199951171875,689.1900024414062,689.0050048828125,689.02001953125,136621
2026-02-26 15:00:00,689.010009765625,689.0800170898438,688.8400268554688,689.0399780273438,185941
2026-02-26 15:01:00,689.02001953125,689.1099853515625,688.9000244140625,689.0900268554688,89073
2026-02-26 15:02:00,689.0999755859375,689.280029296875,689.0999755859375,689.239990234375,231135
2026-02-26 15:03:00,689.22998046875,689.530029296875,689.1900024414062,689.469970703125,266758
2026-02-26 15:04:00,689.4600219726562,689.6099853515625,689.3800048828125,689.5700073242188,83326
2026-02-26 15:05:00,689.5700073242188,689.5800170898438,689.469970703125,689.5599975585938,88917
2026-02-26 15:06:00,689.5499877929688,689.8099975585938,689.52001953125,689.6500244140625,182039
2026-02-26 15:07:00,689.6500244140625,689.6699829101562,689.2899780273438,689.2999877929688,122182
2026-02-26 15:08:00,689.2999877929688,689.4400024414062,689.260009765625,689.27001953125,231019
2026-02-26 15:09:00,689.27001953125,689.3300170898438,689.1099853515625,689.1400146484375,94702
2026-02-26 15:10:00,689.1400146484375,689.25,689.0499877929688,689.1099853515625,68136
2026-02-26 15:11:00,689.1099853515625,689.219970703125,688.97998046875,689.030029296875,77814
2026-02-26 15:12:00,689.0302124023438,689.1699829101562,688.989990234375,689.0900268554688,85333
2026-02-26 15:13:00,689.0800170898438,689.0800170898438,688.89501953125,688.9600219726562,276293
2026-02-26 15:14:00,688.969970703125,689.0899047851562,688.8900146484375,688.9099731445312,99448
2026-02-26 15:15:00,688.9000244140625,688.9299926757812,688.7000122070312,688.760009765625,120813
2026-02-26 15:16:00,688.77001953125,688.97998046875,688.6799926757812,688.9000244140625,119517
2026-02-26 15:17:00,688.9099731445312,688.97998046875,688.8200073242188,688.8900146484375,76523
2026-02-26 15:18:00,688.8900146484375,689.1400146484375,688.8699951171875,689.1400146484375,95914
2026-02-26 15:19:00,689.125,689.239990234375,689.0700073242188,689.114990234375,140252
2026-02-26 15:20:00,689.1199951171875,689.1699829101562,688.969970703125,688.989990234375,88585
2026-02-26 15:21:00,688.97998046875,688.9896850585938,688.7999877929688,688.8699951171875,103272
2026-02-26 15:22:00,688.8599853515625,688.9901123046875,688.8400268554688,688.9000244140625,87685
2026-02-26 15:23:00,688.8900146484375,688.9000244140625,688.6871948242188,688.739990234375,97871
2026-02-26 15:24:00,688.72998046875,688.9000244140625,688.6950073242188,688.8400268554688,90095
2026-02-26 15:25:00,688.844970703125,689.0,688.844970703125,688.9000244140625,93374
2026-02-26 15:26:00,688.8900146484375,689.0399780273438,688.8900146484375,688.9600219726562,102928
2026-02-26 15:27:00,688.9600219726562,688.969970703125,688.7899780273438,688.8394165039062,97542
2026-02-26 15:28:00,688.8499755859375,688.8499755859375,688.6599731445312,688.6699829101562,109798
2026-02-26 15:29:00,688.6699829101562,688.72998046875,688.614990234375,688.6649780273438,111241
2026-02-26 15:30:00,688.6649780273438,688.8099975585938,688.635009765625,688.6900024414062,120294
2026-02-26 15:31:00,688.6900024414062,688.9000244140625,688.6199951171875,688.8599853515625,139960
2026-02-26 15:32:00,688.8599853515625,689.1599731445312,688.8599853515625,689.0800170898438,150095
2026-02-26 15:33:00,689.0800170898438,689.1500244140625,688.97998046875,689.1400146484375,145585
2026-02-26 15:34:00,689.1400146484375,689.4299926757812,689.0800170898438,689.4099731445312,265188
2026-02-26 15:35:00,689.4099731445312,689.4199829101562,689.2550048828125,689.369873046875,139886
2026-02-26 15:36:00,689.3699951171875,689.4099731445312,689.2100219726562,689.3499755859375,245403
2026-02-26 15:37:00,689.3499755859375,689.3599853515625,689.1199951171875,689.14501953125,258296
2026-02-26 15:38:00,689.1300048828125,689.5167236328125,689.1300048828125,689.4400024414062,228085
2026-02-26 15:39:00,689.4450073242188,689.5,689.3400268554688,689.3900146484375,208901
2026-02-26 15:40:00,689.3801879882812,689.4299926757812,689.2509765625,689.2509765625,162343
2026-02-26 15:41:00,689.25,689.3126220703125,689.0700073242188,689.1099853515625,147900
2026-02-26 15:42:00,689.0999755859375,689.2100219726562,689.010009765625,689.155029296875,376746
2026-02-26 15:43:00,689.1599731445312,689.219970703125,689.0700073242188,689.1400146484375,236361
2026-02-26 15:44:00,689.1400146484375,689.3599853515625,689.114990234375,689.3200073242188,173907
2026-02-26 15:45:00,689.3200073242188,689.3599853515625,689.1699829101562,689.2100219726562,186381
2026-02-26 15:46:00,689.2100219726562,689.2150268554688,688.9199829101562,689.0850219726562,321122
2026-02-26 15:47:00,689.0850219726562,689.25,688.9949951171875,689.02001953125,354582
2026-02-26 15:48:00,689.0250244140625,689.0599975585938,688.905029296875,689.030029296875,456224
2026-02-26 15:49:00,689.030029296875,689.1900024414062,689.02001953125,689.1199951171875,234526
2026-02-26 15:50:00,689.1199951171875,689.3200073242188,688.8200073242188,688.875,498769
2026-02-26 15:51:00,688.8800048828125,689.010009765625,688.7899780273438,688.9600219726562,225390
2026-02-26 15:52:00,688.9500122070312,688.9500122070312,688.6500244140625,688.9000244140625,258113
2026-02-26 15:53:00,688.8900146484375,688.9600219726562,688.75,688.830810546875,243031
2026-02-26 15:54:00,688.8300170898438,689.0800170898438,688.7849731445312,688.989990234375,368367
2026-02-26 15:55:00,688.97998046875,689.030029296875,688.8400268554688,688.9201049804688,305126
2026-02-26 15:56:00,688.9199829101562,689.0900268554688,688.9000244140625,689.0250244140625,478085
2026-02-26 15:57:00,689.030029296875,689.1099853515625,688.8699951171875,688.9199829101562,452883
2026-02-26 15:58:00,688.9299926757812,689.125,688.8599853515625,689.0599975585938,342314
2026-02-26 15:59:00,689.0499877929688,689.3699951171875,688.8900146484375,689.3200073242188,848281
2026-02-27 09:30:00,683.0900268554688,684.0999755859375,682.8900146484375,683.4099731445312,3218612
2026-02-27 09:31:00,683.4282836914062,683.5,682.7999877929688,683.0700073242188,476913
2026-02-27 09:32:00,683.0599975585938,683.9299926757812,683.0599975585938,683.9000244140625,389689
2026-02-27 09:33:00,683.9099731445312,684.1599731445312,683.6400146484375,683.969970703125,241134
2026-02-27 09:34:00,683.9500122070312,684.0,683.4099731445312,683.794189453125,229563
2026-02-27 09:35:00,683.8099975585938,683.9199829101562,683.3300170898438,683.5499877929688,286886
2026-02-27 09:36:00,683.5599975585938,683.77001953125,683.1099853515625,683.2800903320312,303834
2026-02-27 09:37:00,683.3300170898438,683.8099975585938,682.8699951171875,682.905029296875,264135
2026-02-27 09:38:00,682.9199829101562,683.719970703125,682.9199829101562,683.5999755859375,241874
2026-02-27 09:39:00,683.6099853515625,684.25,683.2100219726562,684.0650024414062,250312
2026-02-27 09:40:00,684.0650024414062,684.1199951171875,683.219970703125,683.239990234375,333251
2026-02-27 09:41:00,683.239990234375,683.3300170898438,682.9299926757812,682.97998046875,223388
2026-02-27 09:42:00,682.97998046875,683.0,682.25,682.3099975585938,351921
2026-02-27 09:43:00,682.3200073242188,682.3599853515625,681.6400146484375,681.780029296875,290818
2026-02-27 09:44:00,681.7899780273438,683.0850219726562,681.739990234375,682.6199951171875,484052
2026-02-27 09:45:00,682.614990234375,682.8499755859375,682.2100219726562,682.75,365414
2026-02-27 09:46:00,682.719970703125,683.739990234375,682.6799926757812,683.3701171875,523185
2026-02-27 09:47:00,683.405029296875,683.4249877929688,682.469970703125,682.6599731445312,223029
2026-02-27 09:48:00,682.6400146484375,683.6300048828125,682.6400146484375,683.531005859375,292603
2026-02-27 09:49:00,683.5800170898438,683.8499755859375,683.3699951171875,683.5499877929688,227806
2026-02-27 09:50:00,683.530029296875,683.6900024414062,682.760009765625,683.0650024414062,274720
2026-02-27 09:51:00,683.0700073242188,683.6500244140625,682.989990234375,683.3400268554688,203564
2026-02-27 09:52:00,683.2999877929688,683.3699951171875,682.8800048828125,683.0599975585938,176247
2026-02-27 09:53:00,683.0700073242188,683.2000122070312,682.739990234375,683.1099853515625,196636
2026-02-27 09:54:00,683.125,683.4000244140625,682.7100219726562,683.0800170898438,209578
2026-02-27 09:55:00,683.0599975585938,683.3800048828125,682.780029296875,682.8900146484375,247960
2026-02-27 09:56:00,682.8900146484375,683.1500244140625,682.5999755859375,682.8400268554688,255011
2026-02-27 09:57:00,682.8400268554688,683.3699951171875,682.739990234375,682.780029296875,240622
2026-02-27 09:58:00,682.77001953125,683.1400146484375,682.7000122070312,682.9450073242188,185665
2026-02-27 09:59:00,682.9498901367188,683.0250244140625,682.7000122070312,682.8663940429688,184291
2026-02-27 10:00:00,682.8599853515625,683.3101196289062,682.6599731445312,683.0900268554688,363266
2026-02-27 10:01:00,683.0800170898438,684.0800170898438,683.0800170898438,683.75,380874
2026-02-27 10:02:00,683.72998046875,684.4299926757812,683.6799926757812,684.030029296875,337283
2026-02-27 10:03:00,684.0700073242188,684.1799926757812,683.6400146484375,683.889892578125,245742
2026-02-27 10:04:00,683.8800048828125,684.0,683.3099975585938,683.9193725585938,291742
2026-02-27 10:05:00,683.9299926757812,684.4000244140625,683.8200073242188,684.3200073242188,190640
2026-02-27 10:06:00,684.3400268554688,684.7927856445312,684.260009765625,684.3300170898438,329728
2026-02-27 10:07:00,684.3400268554688,684.9600219726562,684.3099975585938,684.7899780273438,281782
2026-02-27 10:08:00,684.780029296875,685.4199829101562,684.7100219726562,685.1799926757812,412561
2026-02-27 10:09:00,685.1799926757812,685.22998046875,684.6619873046875,684.7100219726562,266096
2026-02-27 10:10:00,684.719970703125,685.1699829101562,684.6500244140625,685.030029296875,197664
2026-02-27 10:11:00,685.0399780273438,685.489990234375,684.7999877929688,685.4400024414062,248579
2026-02-27 10:12:00,685.4500122070312,685.489990234375,685.10009765625,685.1500244140625,247626
2026-02-27 10:13:00,685.1500244140625,685.2100219726562,684.8101196289062,684.9600219726562,190207
2026-02-27 10:14:00,684.9600219726562,685.0700073242188,684.510009765625,684.5800170898438,173131
2026-02-27 10:15:00,684.5850219726562,684.8499755859375,684.489990234375,684.5599975585938,183136
2026-02-27 10:16:00,684.5700073242188,684.6099853515625,684.0700073242188,684.1900024414062,160939
2026-02-27 10:17:00,684.1799926757812,684.3099975585938,684.0599975585938,684.1400146484375,99938
2026-02-27 10:18:00,684.1300048828125,684.239990234375,683.5999755859375,683.77001953125,190655
2026-02-27 10:19:00,683.780029296875,684.3300170898438,683.6900024414062,684.155029296875,168054
2026-02-27 10:20:00,684.1199951171875,684.719970703125,684.0,684.5599975585938,213172
2026-02-27 10:21:00,684.5499877929688,684.7000122070312,684.27001953125,684.3599853515625,136667
2026-02-27 10:22:00,684.3699951171875,684.6099853515625,684.1500244140625,684.1799926757812,113597
2026-02-27 10:23:00,684.1799926757812,684.6900024414062,684.1699829101562,684.4600219726562,162871
2026-02-27 10:24:00,684.4600219726562,684.989990234375,684.3699951171875,684.7003173828125,127319
2026-02-27 10:25:00,684.7000122070312,684.72998046875,684.2999877929688,684.3192138671875,136386
2026-02-27 10:26:00,684.3200073242188,684.3800048828125,684.0900268554688,684.22998046875,145049
2026-02-27 10:27:00,684.25,684.6072998046875,684.1799926757812,684.4099731445312,134853
2026-02-27 10:28:00,684.4000244140625,684.8150024414062,684.3400268554688,684.6799926757812,159515
2026-02-27 10:29:00,684.719970703125,684.8099975585938,684.3300170898438,684.5294189453125,90648
2026-02-27 10:30:00,684.510009765625,684.6099853515625,684.2899780273438,684.52001953125,138738
2026-02-27 10:31:00,684.5399780273438,684.5700073242188,684.1199951171875,684.27001953125,128494
2026-02-27 10:32:00,684.260009765625,684.3200073242188,683.739990234375,683.8099975585938,149759
2026-02-27 10:33:00,683.8099975585938,684.64990234375,683.780029296875,684.5,106430
2026-02-27 10:34:00,684.510009765625,684.6699829101562,684.260009765625,684.4401245117188,118171
2026-02-27 10:35:00,684.4500122070312,684.8499755859375,684.4299926757812,684.6400146484375,146341
2026-02-27 10:36:00,684.635009765625,685.0700073242188,684.5,685.030029296875,147862
2026-02-27 10:37:00,685.0499877929688,685.469970703125,685.0499877929688,685.0700073242188,153641
2026-02-27 10:38:00,685.0900268554688,685.4000244140625,685.02001953125,685.260009765625,68690
2026-02-27 10:39:00,685.2750244140625,685.3099975585938,685.0499877929688,685.0700073242188,83748
2026-02-27 10:40:00,685.0700073242188,685.1400146484375,684.8200073242188,685.0401000976562,82633
2026-02-27 10:41:00,685.0599975585938,685.1799926757812,684.75,685.159912109375,74233
2026-02-27 10:42:00,685.1400146484375,685.4199829101562,685.0800170898438,685.4000244140625,114653
2026-02-27 10:43:00,685.3900146484375,685.75,685.2899780273438,685.510009765625,157233
2026-02-27 10:44:00,685.5250244140625,685.75,685.47998046875,685.6599731445312,81338
2026-02-27 10:45:00,685.6799926757812,686.0499877929688,685.6300048828125,685.7097778320312,241174
2026-02-27 10:46:00,685.6900024414062,685.8300170898438,685.4949951171875,685.5900268554688,137259
2026-02-27 10:47:00,685.5800170898438,685.7000122070312,685.3800048828125,685.4400024414062,136369
2026-02-27 10:48:00,685.4299926757812,685.4849853515625,685.0399780273438,685.22998046875,115194
2026-02-27 10:49:00,685.2100219726562,685.3900146484375,685.0,685.0999755859375,77117
2026-02-27 10:50:00,685.0999755859375,685.1599731445312,684.8599853515625,684.9949951171875,112682
2026-02-27 10:51:00,685.0009765625,685.010009765625,684.47998046875,684.5399780273438,125383
2026-02-27 10:52:00,684.5200805664062,684.8599853515625,684.4199829101562,684.5999755859375,124235
2026-02-27 10:53:00,684.5900268554688,684.6400146484375,684.3699951171875,684.47998046875,88999
2026-02-27 10:54:00,684.469970703125,684.6400146484375,684.2951049804688,684.5399780273438,126814
2026-02-27 10:55:00,684.530029296875,684.6699829101562,684.22998046875,684.64501953125,87542
2026-02-27 10:56:00,684.6475219726562,685.1300048828125,684.5800170898438,684.9998779296875,119952
2026-02-27 10:57:00,684.989990234375,685.364990234375,684.8499755859375,685.3400268554688,87350
2026-02-27 10:58:00,685.3300170898438,685.3300170898438,685.0499877929688,685.0599975585938,142999
2026-02-27 10:59:00,685.0399780273438,685.2999877929688,684.989990234375,685.219970703125,81683
2026-02-27 11:00:00,685.239990234375,685.3300170898438,685.0800170898438,685.239990234375,107637
2026-02-27 11:01:00,685.260009765625,685.510009765625,685.2550048828125,685.2999877929688,99639
2026-02-27 11:02:00,685.3200073242188,685.6599731445312,685.239990234375,685.6124877929688,114146
2026-02-27 11:03:00,685.6300048828125,685.7999877929688,685.530029296875,685.7000122070312,139678
2026-02-27 11:04:00,685.7000122070312,685.9249877929688,685.6199951171875,685.6950073242188,142250
2026-02-27 11:05:00,685.7000122070312,685.77001953125,685.530029296875,685.6400146484375,187227
2026-02-27 11:06:00,685.6300048828125,685.6500244140625,685.3800048828125,685.3900146484375,93756
2026-02-27 11:07:00,685.3900146484375,685.5275268554688,685.27001953125,685.318115234375,136824
2026-02-27 11:08:00,685.2999877929688,685.3599853515625,685.0700073242188,685.0700073242188,132480
2026-02-27 11:09:00,685.0599975585938,685.0599975585938,684.6599731445312,684.8099975585938,107038
2026-02-27 11:10:00,684.8099975585938,685.1099853515625,684.7999877929688,684.9249877929688,174861
2026-02-27 11:11:00,684.9299926757812,685.22998046875,684.9299926757812,685.0599975585938,137530
2026-02-27 11:12:00,685.0499877929688,685.0999755859375,684.8099975585938,684.8800048828125,64382
2026-02-27 11:13:00,684.9000244140625,685.6300048828125,684.9000244140625,685.5700073242188,105696
2026-02-27 11:14:00,685.5499877929688,685.5999755859375,685.4099731445312,685.4993286132812,102273
2026-02-27 11:15:00,685.5,685.6900024414062,685.469970703125,685.6300048828125,183028
2026-02-27 11:16:00,685.6500244140625,685.6500244140625,685.25,685.4967041015625,94323
2026-02-27 11:17:00,685.5,685.969970703125,685.4500122070312,685.9299926757812,113476
2026-02-27 11:18:00,685.9299926757812,686.0499877929688,685.7899780273438,685.9000244140625,89824
2026-02-27 11:19:00,685.9000244140625,685.919921875,685.5499877929688,685.6300048828125,218043
2026-02-27 11:20:00,685.6099853515625,685.6199951171875,685.219970703125,685.2999877929688,126148
2026-02-27 11:21:00,685.2999877929688,685.489990234375,685.1900024414062,685.3200073242188,68017
2026-02-27 11:22:00,685.3300170898438,685.6199951171875,685.1500244140625,685.5,97656
2026-02-27 11:23:00,685.510009765625,685.5700073242188,685.2899780273438,685.5,73853
2026-02-27 11:24:00,685.517578125,685.8699951171875,685.3800048828125,685.8099975585938,71232
2026-02-27 11:25:00,685.8099975585938,685.9199829101562,685.6799926757812,685.8599853515625,93519
2026-02-27 11:26:00,685.8699951171875,686.010009765625,685.7000122070312,685.7650146484375,94103
2026-02-27 11:27:00,685.77001953125,685.8300170898438,685.4000244140625,685.47998046875,88159
2026-02-27 11:28:00,685.4849853515625,685.6599731445312,685.375,685.64501953125,95381
2026-02-27 11:29:00,685.6400146484375,685.8300170898438,685.3200073242188,685.385009765625,132004
2026-02-27 11:30:00,685.3900146484375,685.8198852539062,685.3400268554688,685.8099975585938,124937
2026-02-27 11:31:00,685.7999877929688,685.9299926757812,685.6099853515625,685.9299926757812,85656
2026-02-27 11:32:00,685.9199829101562,686.1500244140625,685.7999877929688,686.0800170898438,139552
2026-02-27 11:33:00,686.0800170898438,686.1199951171875,685.8300170898438,686.0999755859375,176555
2026-02-27 11:34:00,686.0999755859375,686.260009765625,685.97998046875,686.1900024414062,125061
2026-02-27 11:35:00,686.2000122070312,686.2899169921875,685.8800048828125,685.9199829101562,142028
2026-02-27 11:36:00,685.9199829101562,686.0599975585938,685.6699829101562,685.6900024414062,96912
2026-02-27 11:37:00,685.7000122070312,685.7899780273438,685.5499877929688,685.6500244140625,111803
2026-02-27 11:38:00,685.6400146484375,685.780029296875,685.52001953125,685.6500244140625,84014
2026-02-27 11:39:00,685.665283203125,685.7000122070312,685.4400024414062,685.510009765625,83068
2026-02-27 11:40:00,685.489990234375,685.52001953125,685.0830078125,685.1599731445312,148352
2026-02-27 11:41:00,685.1500244140625,685.3150024414062,685.0549926757812,685.2349853515625,91828
2026-02-27 11:42:00,685.2349853515625,685.260009765625,684.9099731445312,684.9600219726562,98621
2026-02-27 11:43:00,684.9600219726562,685.010009765625,684.739990234375,684.989990234375,137456
2026-02-27 11:44:00,685.0,685.0399780273438,684.6699829101562,684.72998046875,116553
2026-02-27 11:45:00,684.739990234375,685.0599975585938,684.6400146484375,684.8699951171875,129071
2026-02-27 11:46:00,684.8699951171875,685.0599975585938,684.7999877929688,684.9299926757812,89735
2026-02-27 11:47:00,684.9299926757812,685.0700073242188,684.7050170898438,684.77001953125,62857
2026-02-27 11:48:00,684.7672729492188,684.8499755859375,684.5999755859375,684.6400146484375,65728
2026-02-27 11:49:00,684.6400146484375,684.780029296875,684.5650024414062,684.614990234375,101118
2026-02-27 11:50:00,684.6300048828125,685.1199951171875,684.6199951171875,685.1199951171875,131137
2026-02-27 11:51:00,685.1199951171875,685.6199951171875,684.989990234375,685.5900268554688,151058
2026-02-27 11:52:00,685.5968017578125,685.5999755859375,685.3897705078125,685.5850219726562,93326
2026-02-27 11:53:00,685.5999755859375,685.6199951171875,685.2349853515625,685.4000244140625,150376
2026-02-27 11:54:00,685.3900146484375,685.6649780273438,685.3900146484375,685.5850219726562,73280
2026-02-27 11:55:00,685.5800170898438,685.9199829101562,685.5399780273438,685.6099853515625,100876
2026-02-27 11:56:00,685.5999145507812,685.780029296875,685.4299926757812,685.5650024414062,103184
2026-02-27 11:57:00,685.5549926757812,685.6900024414062,685.4498901367188,685.510009765625,48252
2026-02-27 11:58:00,685.5,685.52001953125,685.1500244140625,685.2045288085938,81605
2026-02-27 11:59:00,685.2000122070312,685.2020263671875,684.7800903320312,684.8699951171875,146522
2026-02-27 12:00:00,684.8599853515625,685.4500122070312,684.8400268554688,685.41259765625,142140
2026-02-27 12:01:00,685.4400024414062,685.469970703125,685.27001953125,685.469970703125,85197
2026-02-27 12:02:00,685.4500122070312,685.6500244140625,685.3499755859375,685.4600219726562,67352
2026-02-27 12:03:00,685.4749755859375,685.7899780273438,685.4600219726562,685.6900024414062,83120
2026-02-27 12:04:00,685.6799926757812,685.77001953125,685.5250244140625,685.5999755859375,76277
2026-02-27 12:05:00,685.5999755859375,685.7999877929688,685.47998046875,685.7012939453125,103086
2026-02-27 12:06:00,685.7000122070312,685.9299926757812,685.6699829101562,685.7449951171875,102346
2026-02-27 12:07:00,685.75,686.1400146484375,685.72998046875,686.0449829101562,135383
2026-02-27 12:08:00,686.0549926757812,686.280029296875,685.97998046875,686.1699829101562,106353
2026-02-27 12:09:00,686.1799926757812,686.2100219726562,686.0700073242188,686.125,71339
2026-02-27 12:10:00,686.1300048828125,686.1500244140625,685.5700073242188,685.5750122070312,136717
2026-02-27 12:11:00,685.5850219726562,685.6300048828125,685.260009765625,685.3099975585938,119856
2026-02-27 12:12:00,685.3099975585938,685.4000244140625,685.1500244140625,685.1500244140625,103645
2026-02-27 12:13:00,685.1599731445312,685.2899780273438,684.989990234375,685.030029296875,128454
2026-02-27 12:14:00,685.0399780273438,685.0999755859375,684.7899780273438,684.8646850585938,147678
2026-02-27 12:15:00,684.8800048828125,684.905029296875,684.6900024414062,684.8099975585938,102492
2026-02-27 12:16:00,684.8099975585938,684.8099975585938,684.489990234375,684.5750122070312,155167
2026-02-27 12:17:00,684.5800170898438,684.5900268554688,684.3699951171875,684.3900146484375,211989
2026-02-27 12:18:00,684.4000244140625,684.489990234375,684.25,684.3049926757812,84576
2026-02-27 12:19:00,684.2999877929688,684.3499755859375,684.1599731445312,684.239990234375,96855
2026-02-27 12:20:00,684.239990234375,684.3099975585938,683.9400024414062,684.0449829101562,125364
2026-02-27 12:21:00,684.02001953125,684.1300048828125,683.8699951171875,683.885009765625,137558
2026-02-27 12:22:00,683.9000244140625,683.9301147460938,683.2899780273438,683.3300170898438,178394
2026-02-27 12:23:00,683.3300170898438,683.8900146484375,683.2899780273438,683.8200073242188,252779
2026-02-27 12:24:00,683.7999877929688,684.0900268554688,683.72998046875,684.0499877929688,204727
2026-02-27 12:25:00,684.0399780273438,684.3400268554688,683.9099731445312,684.0650024414062,192106
2026-02-27 12:26:00,684.0499877929688,684.4299926757812,683.9500122070312,684.2999877929688,160198
2026-02-27 12:27:00,684.3099975585938,684.5050048828125,684.0999755859375,684.27001953125,114821
2026-02-27 12:28:00,684.280029296875,684.4749755859375,684.2100219726562,684.4000244140625,492816
2026-02-27 12:29:00,684.4199829101562,684.4199829101562,684.0499877929688,684.1400146484375,91342
2026-02-27 12:30:00,684.1300048828125,684.8099975585938,683.969970703125,684.280029296875,383895
2026-02-27 12:31:00,684.280029296875,684.4000244140625,683.739990234375,684.2100219726562,296987
2026-02-27 12:32:00,684.2000122070312,684.739990234375,684.0900268554688,684.5299072265625,216213
2026-02-27 12:33:00,684.530029296875,684.72998046875,684.219970703125,684.6300048828125,241112
2026-02-27 12:34:00,684.6500244140625,684.989990234375,684.6400146484375,684.8699951171875,107705
2026-02-27 12:35:00,684.8775024414062,684.969970703125,684.6400146484375,684.8499755859375,131021
2026-02-27 12:36:00,684.8800048828125,685.1199951171875,684.7100219726562,684.72998046875,115318
2026-02-27 12:37:00,684.739990234375,684.75,684.47998046875,684.7100219726562,251346
2026-02-27 12:38:00,684.719970703125,684.739990234375,684.4299926757812,684.4600219726562,103046
2026-02-27 12:39:00,684.4799194335938,684.6500244140625,684.260009765625,684.27001953125,66481
2026-02-27 12:40:00,684.2899780273438,684.4199829101562,684.1300048828125,684.16259765625,56241
2026-02-27 12:41:00,684.1500244140625,684.219970703125,683.9099731445312,684.0,124813
2026-02-27 12:42:00,684.0484008789062,684.0599975585938,683.6900024414062,683.719970703125,109708
2026-02-27 12:43:00,683.72998046875,684.0800170898438,683.6500244140625,683.969970703125,236143
2026-02-27 12:44:00,683.97998046875,684.1300048828125,683.8200073242188,683.9349975585938,86763
2026-02-27 12:45:00,683.9400024414062,683.97998046875,683.6799926757812,683.72998046875,102349
2026-02-27 12:46:00,683.7225952148438,683.8599853515625,683.4755249023438,683.719970703125,108793
2026-02-27 12:47:00,683.760009765625,683.8400268554688,683.5499877929688,683.719970703125,198226
2026-02-27 12:48:00,683.7100219726562,683.8099975585938,683.5650024414062,683.6099243164062,81794
2026-02-27 12:49:00,683.5999755859375,683.9697875976562,683.5700073242188,683.8300170898438,124900
2026-02-27 12:50:00,683.8599853515625,684.02001953125,683.6799926757812,683.8099975585938,246987
2026-02-27 12:51:00,683.7999877929688,683.9299926757812,683.6099853515625,683.780029296875,173698
2026-02-27 12:52:00,683.780029296875,683.9099731445312,683.5900268554688,683.8300170898438,108722
2026-02-27 12:53:00,683.8300170898438,684.2432250976562,683.8300170898438,684.010009765625,136829
2026-02-27 12:54:00,684.0399780273438,684.27001953125,684.0,684.010009765625,66632
2026-02-27 12:55:00,684.010009765625,684.3200073242188,684.010009765625,684.2349853515625,135237
2026-02-27 12:56:00,684.260009765625,684.3200073242188,684.0549926757812,684.2858276367188,93124
2026-02-27 12:57:00,684.3099975585938,684.3526000976562,684.1699829101562,684.2999877929688,73938
2026-02-27 12:58:00,684.2999877929688,684.4500122070312,684.0999755859375,684.4500122070312,88691
2026-02-27 12:59:00,684.4500122070312,684.469970703125,684.2800903320312,684.375,225012
2026-02-27 13:00:00,684.3699951171875,684.6799926757812,684.3499755859375,684.4299926757812,97177
2026-02-27 13:01:00,684.4400024414062,684.4500122070312,684.1400146484375,684.2199096679688,78708
2026-02-27 13:02:00,684.219970703125,684.3400268554688,684.030029296875,684.3200073242188,84924
2026-02-27 13:03:00,684.3250122070312,684.39501953125,684.0964965820312,684.2899780273438,55248
2026-02-27 13:04:00,684.27001953125,684.4699096679688,684.1614990234375,684.1614990234375,188617
2026-02-27 13:05:00,684.1599731445312,684.2000122070312,683.9600219726562,684.0399780273438,110766
2026-02-27 13:06:00,684.0399780273438,684.2899780273438,684.0399780273438,684.22998046875,76505
2026-02-27 13:07:00,684.22998046875,684.4650268554688,684.14990234375,684.4301147460938,75023
2026-02-27 13:08:00,684.4400024414062,684.4500122070312,684.0700073242188,684.1400146484375,50926
2026-02-27 13:09:00,684.1400146484375,684.1799926757812,683.989990234375,683.989990234375,100675
2026-02-27 13:10:00,683.97998046875,684.1300048828125,683.8200073242188,684.0150146484375,120670
2026-02-27 13:11:00,684.02001953125,684.280029296875,683.989990234375,684.139892578125,78581
2026-02-27 13:12:00,684.1199951171875,684.1500244140625,683.9000244140625,683.9349975585938,102718
2026-02-27 13:13:00,683.9299926757812,684.010009765625,683.8499755859375,683.9349975585938,70221
2026-02-27 13:14:00,683.9299926757812,684.030029296875,683.864990234375,683.864990234375,62201
2026-02-27 13:15:00,683.875,684.0126953125,683.739990234375,683.77001953125,101696
2026-02-27 13:16:00,683.760009765625,683.9727172851562,683.72998046875,683.8800048828125,91513
2026-02-27 13:17:00,683.89501953125,683.9000244140625,683.72998046875,683.760009765625,78405
2026-02-27 13:18:00,683.77001953125,683.9299926757812,683.719970703125,683.760009765625,51541
2026-02-27 13:19:00,683.75,683.8298950195312,683.5,683.5999755859375,76760
2026-02-27 13:20:00,683.5900268554688,683.7349853515625,683.4400024414062,683.6849975585938,109259
2026-02-27 13:21:00,683.6799926757812,683.6849975585938,683.1749877929688,683.1799926757812,156338
2026-02-27 13:22:00,683.1799926757812,683.5650024414062,683.1699829101562,683.5499877929688,140945
2026-02-27 13:23:00,683.530029296875,683.6099853515625,683.3499755859375,683.4000244140625,104842
2026-02-27 13:24:00,683.4099731445312,683.5700073242188,683.3900146484375,683.489990234375,88430
2026-02-27 13:25:00,683.510009765625,683.5499877929688,683.1649780273438,683.1849975585938,98828
2026-02-27 13:26:00,683.1900024414062,683.3049926757812,683.0999755859375,683.2150268554688,92537
2026-02-27 13:27:00,683.2150268554688,683.2899780273438,683.0599975585938,683.2100219726562,108526
2026-02-27 13:28:00,683.2100219726562,683.5900268554688,683.1900024414062,683.5665283203125,105661
2026-02-27 13:29:00,683.5700073242188,683.9099731445312,683.5,683.7999877929688,164517
2026-02-27 13:30:00,683.7999877929688,683.8599853515625,683.6699829101562,683.7100219726562,108029
2026-02-27 13:31:00,683.7100219726562,683.9600219726562,683.6599731445312,683.8499755859375,76671
2026-02-27 13:32:00,683.8400268554688,683.8499755859375,683.530029296875,683.5800170898438,96219
2026-02-27 13:33:00,683.5599975585938,683.8200073242188,683.4849853515625,683.6599731445312,72135
2026-02-27 13:34:00,683.6300048828125,683.8900146484375,683.6199951171875,683.6300048828125,117154
2026-02-27 13:35:00,683.6500244140625,683.7899780273438,683.5700073242188,683.5700073242188,73929
2026-02-27 13:36:00,683.5700073242188,683.81982421875,683.5499877929688,683.6400146484375,58108
2026-02-27 13:37:00,683.64501953125,683.6500244140625,683.2999877929688,683.4299926757812,74874
2026-02-27 13:38:00,683.4299926757812,683.6799926757812,683.3599853515625,683.6799926757812,55045
2026-02-27 13:39:00,683.7000122070312,683.780029296875,683.5399780273438,683.7000122070312,111990
2026-02-27 13:40:00,683.6900024414062,684.0399780273438,683.6600952148438,683.9349975585938,95805
2026-02-27 13:41:00,683.9349975585938,684.1799926757812,683.8800048828125,684.0399780273438,97963
2026-02-27 13:42:00,684.0399780273438,684.239990234375,683.9849853515625,684.0399780273438,84009
2026-02-27 13:43:00,684.0499877929688,684.0800170898438,683.780029296875,683.9299926757812,96754
2026-02-27 13:44:00,683.9299926757812,684.02001953125,683.7999877929688,683.8499755859375,58786
2026-02-27 13:45:00,683.8300170898438,683.89501953125,683.6799926757812,683.82373046875,73598
2026-02-27 13:46:00,683.8250122070312,683.8599853515625,683.6199951171875,683.6500244140625,68790
2026-02-27 13:47:00,683.6500244140625,684.0,683.5349731445312,683.9525146484375,73526
2026-02-27 13:48:00,683.969970703125,684.0399780273438,683.7000122070312,683.72998046875,84032
2026-02-27 13:49:00,683.72998046875,683.739990234375,683.5999755859375,683.719970703125,81133
2026-02-27 13:50:00,683.7000122070312,683.780029296875,683.469970703125,683.4749755859375,98335
2026-02-27 13:51:00,683.47998046875,683.75,683.47998046875,683.702392578125,77379
2026-02-27 13:52:00,683.719970703125,684.0399780273438,683.6400146484375,684.010009765625,111481
2026-02-27 13:53:00,684.02001953125,684.0499877929688,683.905029296875,683.989990234375,62755
2026-02-27 13:54:00,683.969970703125,684.030029296875,683.7899780273438,683.844970703125,72587
2026-02-27 13:55:00,683.8599853515625,683.8699951171875,683.7100219726562,683.77001953125,58460
2026-02-27 13:56:00,683.760009765625,683.780029296875,683.5399780273438,683.5850219726562,80231
2026-02-27 13:57:00,683.5900268554688,683.739990234375,683.5800170898438,683.655029296875,56020
2026-02-27 13:58:00,683.6300048828125,683.8900146484375,683.5700073242188,683.8900146484375,85890
2026-02-27 13:59:00,683.8900146484375,684.0700073242188,683.8900146484375,683.9500122070312,118043
2026-02-27 14:00:00,683.9500122070312,684.114990234375,683.8800048828125,684.0499877929688,78753
2026-02-27 14:01:00,684.0499877929688,684.2849731445312,684.030029296875,684.25,85503
2026-02-27 14:02:00,684.25,684.4000244140625,684.1699829101562,684.2999877929688,115413
2026-02-27 14:03:00,684.3300170898438,684.5900268554688,684.2899780273438,684.5750122070312,153291
2026-02-27 14:04:00,684.5999755859375,684.7249755859375,684.5399780273438,684.6599731445312,123630
2026-02-27 14:05:00,684.6649780273438,684.7050170898438,684.469970703125,684.6749877929688,246896
2026-02-27 14:06:00,684.6699829101562,684.97998046875,684.655029296875,684.7550048828125,214963
2026-02-27 14:07:00,684.75,684.7550048828125,684.4400024414062,684.4600219726562,136716
2026-02-27 14:08:00,684.4600219726562,684.47998046875,684.010009765625,684.010009765625,154332
2026-02-27 14:09:00,684.0,684.0599975585938,683.7150268554688,683.9000244140625,132194
2026-02-27 14:10:00,683.8900146484375,683.989990234375,683.72998046875,683.72998046875,104792
2026-02-27 14:11:00,683.739990234375,683.8499755859375,683.5900268554688,683.77001953125,109053
2026-02-27 14:12:00,683.8099975585938,683.9400024414062,683.8099975585938,683.8400268554688,75556
2026-02-27 14:13:00,683.8499755859375,684.2100219726562,683.8400268554688,684.1300048828125,106739
2026-02-27 14:14:00,684.1400146484375,684.219970703125,683.8800048828125,683.8900146484375,74001
2026-02-27 14:15:00,683.8939819335938,684.0050048828125,683.75,683.8800048828125,77515
2026-02-27 14:16:00,683.8800048828125,684.0,683.8200073242188,683.8350219726562,35961
2026-02-27 14:17:00,683.8599243164062,684.0800170898438,683.8200073242188,683.989990234375,92716
2026-02-27 14:18:00,683.9949951171875,684.0999755859375,683.8499755859375,683.9400024414062,68920
2026-02-27 14:19:00,683.9500122070312,684.1199951171875,683.9099731445312,683.9199829101562,98120
2026-02-27 14:20:00,683.9400024414062,684.0599975585938,683.885009765625,683.9299926757812,70302
2026-02-27 14:21:00,683.9400024414062,683.97998046875,683.7899780273438,683.8099975585938,94813
2026-02-27 14:22:00,683.8300170898438,683.9600219726562,683.6799926757812,683.72998046875,133707
2026-02-27 14:23:00,683.739990234375,683.8350219726562,683.6599731445312,683.6900024414062,61792
2026-02-27 14:24:00,683.6900024414062,683.7899780273438,683.6300048828125,683.6849975585938,90771
2026-02-27 14:25:00,683.6799926757812,683.7550048828125,683.5142822265625,683.5142822265625,102337
2026-02-27 14:26:00,683.52001953125,683.75,683.47998046875,683.7000122070312,110676
2026-02-27 14:27:00,683.719970703125,684.030029296875,683.7100219726562,683.8599853515625,98019
2026-02-27 14:28:00,683.8599853515625,683.8800048828125,683.7000122070312,683.8049926757812,84986
2026-02-27 14:29:00,683.8049926757812,683.8099975585938,683.52001953125,683.5999755859375,61789
2026-02-27 14:30:00,683.5999755859375,683.6099853515625,683.2650146484375,683.2899780273438,217369
2026-02-27 14:31:00,683.2849731445312,683.3499755859375,683.1801147460938,683.27001953125,105691
2026-02-27 14:32:00,683.280029296875,683.4299926757812,683.27001953125,683.3499755859375,89997
2026-02-27 14:33:00,683.3400268554688,683.47998046875,683.239990234375,683.4298706054688,72704
2026-02-27 14:34:00,683.4299926757812,683.5700073242188,683.3900146484375,683.4199829101562,168283
2026-02-27 14:35:00,683.4299926757812,683.760009765625,683.4199829101562,683.719970703125,107753
2026-02-27 14:36:00,683.72998046875,683.780029296875,683.5800170898438,683.72998046875,56091
2026-02-27 14:37:00,683.75,683.97998046875,683.6900024414062,683.8099975585938,90601
2026-02-27 14:38:00,683.7999877929688,683.8499755859375,683.7000122070312,683.780029296875,46626
2026-02-27 14:39:00,683.7999877929688,684.030029296875,683.7899780273438,683.8300170898438,67641
2026-02-27 14:40:00,683.8400268554688,683.9199829101562,683.5750122070312,683.6099853515625,104929
2026-02-27 14:41:00,683.6099853515625,683.7000122070312,683.52001953125,683.5900268554688,89779
2026-02-27 14:42:00,683.5800170898438,683.5900268554688,683.3099975585938,683.3499755859375,121984
2026-02-27 14:43:00,683.35498046875,683.35498046875,683.1599731445312,683.1599731445312,101749
2026-02-27 14:44:00,683.1599731445312,683.3800048828125,682.989990234375,683.3800048828125,324247
2026-02-27 14:45:00,683.3699951171875,683.6500244140625,683.3200073242188,683.5599975585938,165870
2026-02-27 14:46:00,683.5599975585938,683.5700073242188,683.3200073242188,683.4600219726562,342598
2026-02-27 14:47:00,683.469970703125,683.5499877929688,683.3900146484375,683.4249877929688,58305
2026-02-27 14:48:00,683.4199829101562,683.4299926757812,683.2603759765625,683.27001953125,54360
2026-02-27 14:49:00,683.280029296875,683.3250122070312,683.1699829101562,683.25,82012
2026-02-27 14:50:00,683.219970703125,683.3099975585938,683.1599731445312,683.1699829101562,64741
2026-02-27 14:51:00,683.1799926757812,683.239990234375,683.114990234375,683.1699829101562,46990
2026-02-27 14:52:00,683.1749877929688,683.3499755859375,683.1599731445312,683.2750244140625,96026
2026-02-27 14:53:00,683.2750244140625,683.3599853515625,683.239990234375,683.2949829101562,78039
2026-02-27 14:54:00,683.2899780273438,683.47998046875,683.239990234375,683.25,78165
2026-02-27 14:55:00,683.25,683.5,683.22998046875,683.4700927734375,79339
2026-02-27 14:56:00,683.47998046875,683.6300048828125,683.4600219726562,683.47119140625,225685
2026-02-27 14:57:00,683.469970703125,683.5599975585938,683.4199829101562,683.5050048828125,93936
2026-02-27 14:58:00,683.5050048828125,683.52001953125,683.3200073242188,683.3800048828125,106842
2026-02-27 14:59:00,683.3800048828125,683.4299926757812,683.239990234375,683.3499755859375,65765
2026-02-27 15:00:00,683.3400268554688,683.6400146484375,683.3200073242188,683.510009765625,119343
2026-02-27 15:01:00,683.530029296875,683.72998046875,683.4949951171875,683.6950073242188,86688
2026-02-27 15:02:00,683.698974609375,683.9099731445312,683.6699829101562,683.8699951171875,136960
2026-02-27 15:03:00,683.864990234375,683.9183959960938,683.719970703125,683.780029296875,100302
2026-02-27 15:04:00,683.780029296875,683.947998046875,683.6500244140625,683.6500244140625,115175
2026-02-27 15:05:00,683.6500854492188,683.8699951171875,683.6199951171875,683.8300170898438,116820
2026-02-27 15:06:00,683.8200073242188,683.8250122070312,683.60498046875,683.7100219726562,102951
2026-02-27 15:07:00,683.7100219726562,683.969970703125,683.6900024414062,683.969970703125,87627
2026-02-27 15:08:00,683.969970703125,684.0449829101562,683.9088134765625,684.030029296875,199433
2026-02-27 15:09:00,684.0399780273438,684.1300048828125,683.9199829101562,683.9600219726562,138065
2026-02-27 15:10:00,683.9600219726562,684.5,683.9450073242188,684.469970703125,334123
2026-02-27 15:11:00,684.47998046875,684.5599975585938,684.2999877929688,684.5349731445312,320810
2026-02-27 15:12:00,684.5399780273438,684.9500122070312,684.489990234375,684.9249877929688,289561
2026-02-27 15:13:00,684.9299926757812,684.9400024414062,684.7650146484375,684.780029296875,308885
2026-02-27 15:14:00,684.780029296875,685.219970703125,684.7750244140625,685.219970703125,267933
2026-02-27 15:15:00,685.219970703125,685.3400268554688,685.1400146484375,685.1849975585938,222267
2026-02-27 15:16:00,685.1950073242188,685.3150024414062,685.1199951171875,685.25,204458
2026-02-27 15:17:00,685.260009765625,685.5750122070312,685.2000122070312,685.5599975585938,298845
2026-02-27 15:18:00,685.5599975585938,685.5999755859375,685.3499755859375,685.5399780273438,298833
2026-02-27 15:19:00,685.5499877929688,685.7050170898438,685.4299926757812,685.5900268554688,271998
2026-02-27 15:20:00,685.5800170898438,685.5999755859375,685.2100219726562,685.239990234375,323413
2026-02-27 15:21:00,685.2449951171875,685.6649780273438,685.1799926757812,685.6300048828125,299610
2026-02-27 15:22:00,685.6300048828125,685.6900024414062,685.52001953125,685.6599731445312,210599
2026-02-27 15:23:00,685.6649780273438,685.9099731445312,685.6599731445312,685.905029296875,195889
2026-02-27 15:24:00,685.9099731445312,686.0999755859375,685.8099975585938,685.8499145507812,206235
2026-02-27 15:25:00,685.8400268554688,685.8800048828125,685.6900024414062,685.7949829101562,465147
2026-02-27 15:26:00,685.7999877929688,685.969970703125,685.7100219726562,685.8406982421875,234407
2026-02-27 15:27:00,685.8400268554688,685.9199829101562,685.6599731445312,685.6900024414062,324316
2026-02-27 15:28:00,685.6799926757812,685.905029296875,685.6400146484375,685.760009765625,202619
2026-02-27 15:29:00,685.7600708007812,685.77001953125,685.5399780273438,685.590087890625,203170
2026-02-27 15:30:00,685.5800170898438,685.7550048828125,685.530029296875,685.6599731445312,273494
2026-02-27 15:31:00,685.6699829101562,685.8150024414062,685.5,685.7100219726562,262741
2026-02-27 15:32:00,685.719970703125,685.7849731445312,685.5599975585938,685.6699829101562,311743
2026-02-27 15:33:00,685.6400146484375,685.7650146484375,685.6199951171875,685.7050170898438,400167
2026-02-27 15:34:00,685.7050170898438,685.719970703125,685.2949829101562,685.3900146484375,321302
2026-02-27 15:35:00,685.3900146484375,685.4099731445312,685.0850219726562,685.1849975585938,508421
2026-02-27 15:36:00,685.1849975585938,685.239990234375,685.1099853515625,685.1199951171875,247568
2026-02-27 15:37:00,685.1680297851562,685.2000122070312,684.7899780273438,684.7999877929688,326759
2026-02-27 15:38:00,684.7949829101562,684.8400268554688,684.489990234375,684.5499877929688,301583
2026-02-27 15:39:00,684.5599975585938,684.75,684.52001953125,684.625,371585
2026-02-27 15:40:00,684.6300048828125,684.9199829101562,684.5800170898438,684.8350219726562,492506
2026-02-27 15:41:00,684.8300170898438,684.9299926757812,684.6500244140625,684.739990234375,384541
2026-02-27 15:42:00,684.739990234375,685.030029296875,684.6799926757812,685.030029296875,524606
2026-02-27 15:43:00,685.030029296875,685.405029296875,685.030029296875,685.3405151367188,392641
2026-02-27 15:44:00,685.3499755859375,685.489990234375,684.9299926757812,685.030029296875,380442
2026-02-27 15:45:00,685.030029296875,685.3099975585938,684.969970703125,685.2999877929688,317656
2026-02-27 15:46:00,685.2899780273438,685.4400024414062,685.1699829101562,685.2449951171875,462521
2026-02-27 15:47:00,685.2349853515625,685.3099975585938,685.02001953125,685.0499877929688,313789
2026-02-27 15:48:00,685.0499877929688,685.4000244140625,684.9299926757812,685.4000244140625,267620
2026-02-27 15:49:00,685.3900146484375,685.5700073242188,685.280029296875,685.4500122070312,302219
2026-02-27 15:50:00,685.4600219726562,686.1500244140625,685.22998046875,685.4949951171875,794592
2026-02-27 15:51:00,685.489990234375,685.4974975585938,685.1599731445312,685.3499755859375,402896
2026-02-27 15:52:00,685.3400268554688,685.4400024414062,685.1500244140625,685.22998046875,477964
2026-02-27 15:53:00,685.239990234375,685.7100219726562,685.0800170898438,685.5601196289062,465549
2026-02-27 15:54:00,685.5700073242188,685.760009765625,685.4199829101562,685.5800170898438,544077
2026-02-27 15:55:00,685.5900268554688,685.7899780273438,685.3200073242188,685.4099731445312,632813
2026-02-27 15:56:00,685.3900146484375,685.739990234375,685.2849731445312,685.7100219726562,542734
2026-02-27 15:57:00,685.7100219726562,685.9299926757812,685.6599731445312,685.9099731445312,745850
2026-02-27 15:58:00,685.905029296875,686.0750122070312,685.6900024414062,685.8599853515625,1237446
2026-02-27 15:59:00,685.8599853515625,686.8499755859375,685.510009765625,686.280029296875,2970807
2026-03-02 09:30:00,678.7000122070312,679.2899780273438,678.02001953125,679.1900024414062,3702084
2026-03-02 09:31:00,679.1799926757812,680.219970703125,679.1119995117188,680.0,455467
2026-03-02 09:32:00,680.02001953125,680.7000122070312,679.7000122070312,680.4099731445312,477977
2026-03-02 09:33:00,680.4199829101562,680.8099975585938,680.3400268554688,680.4901123046875,516001
2026-03-02 09:34:00,680.489990234375,681.47998046875,680.3338012695312,681.2000122070312,451725
2026-03-02 09:35:00,681.2100219726562,681.6300048828125,680.97998046875,681.5399780273438,347277
2026-03-02 09:36:00,681.5399780273438,682.010009765625,681.510009765625,681.75,491255
2026-03-02 09:37:00,681.739990234375,682.4600219726562,681.739990234375,681.8599853515625,501820
2026-03-02 09:38:00,681.8400268554688,682.0,681.25,681.5999755859375,411524
2026-03-02 09:39:00,681.5999755859375,681.8099975585938,680.8300170898438,681.0087890625,543243
2026-03-02 09:40:00,680.9949951171875,681.7999877929688,680.97998046875,681.0900268554688,285963
2026-03-02 09:41:00,681.1400146484375,681.77001953125,681.0599975585938,681.4000244140625,162369
2026-03-02 09:42:00,681.3699951171875,681.9600219726562,681.3599853515625,681.7899780273438,235118
2026-03-02 09:43:00,681.7899780273438,682.1199951171875,681.280029296875,681.4600219726562,291622
2026-03-02 09:44:00,681.469970703125,682.338623046875,681.3800048828125,682.0800170898438,282160
2026-03-02 09:45:00,682.0700073242188,682.8300170898438,681.760009765625,682.510009765625,289754
2026-03-02 09:46:00,682.530029296875,682.955078125,682.219970703125,682.5999755859375,347953
2026-03-02 09:47:00,682.5900268554688,682.8599853515625,682.3187255859375,682.7589111328125,238846
2026-03-02 09:48:00,682.7899780273438,683.22998046875,682.6500244140625,682.9199829101562,485671
2026-03-02 09:49:00,682.9033203125,683.3699951171875,682.7999877929688,683.219970703125,344087
2026-03-02 09:50:00,683.239990234375,683.3099975585938,682.75,682.8599853515625,418682
2026-03-02 09:51:00,682.8800048828125,683.1099853515625,682.5390014648438,682.5900268554688,282229
2026-03-02 09:52:00,682.5800170898438,682.6799926757812,681.9099731445312,682.139892578125,418180
2026-03-02 09:53:00,682.1400146484375,682.4199829101562,681.8800048828125,682.0900268554688,281203
2026-03-02 09:54:00,682.0900268554688,682.6900024414062,682.0526123046875,682.510009765625,233322
2026-03-02 09:55:00,682.510009765625,682.7899780273438,682.4400024414062,682.530029296875,191162
2026-03-02 09:56:00,682.5599975585938,682.5999755859375,681.969970703125,682.47998046875,228184
2026-03-02 09:57:00,682.5,682.719970703125,682.3300170898438,682.6599731445312,210000
2026-03-02 09:58:00,682.6199951171875,683.1099853515625,682.3900146484375,682.8599853515625,201773
2026-03-02 09:59:00,682.8599853515625,683.0900268554688,682.5800170898438,683.0,190979
2026-03-02 10:00:00,682.9500122070312,683.010009765625,681.9600219726562,682.02001953125,292925
2026-03-02 10:01:00,682.030029296875,683.489990234375,682.030029296875,683.4000244140625,303258
2026-03-02 10:02:00,683.4199829101562,683.8181762695312,683.3699951171875,683.5700073242188,282143
2026-03-02 10:03:00,683.60498046875,684.3099975585938,683.5399780273438,684.280029296875,480953
2026-03-02 10:04:00,684.3200073242188,684.4600219726562,683.8699951171875,684.239990234375,256536
2026-03-02 10:05:00,684.260009765625,684.489990234375,683.8900146484375,684.3200073242188,250507
2026-03-02 10:06:00,684.3099975585938,684.4949951171875,684.030029296875,684.3350219726562,296749
2026-03-02 10:07:00,684.3350219726562,684.8699951171875,684.3300170898438,684.7999877929688,349341
2026-03-02 10:08:00,684.7899780273438,684.9400024414062,684.3400268554688,684.6699829101562,359693
2026-03-02 10:09:00,684.6699829101562,684.719970703125,684.1199951171875,684.2100219726562,371778
2026-03-02 10:10:00,684.219970703125,684.6099853515625,684.2100219726562,684.5900268554688,263130
2026-03-02 10:11:00,684.5399780273438,685.0900268554688,684.52001953125,684.9500122070312,405739
2026-03-02 10:12:00,684.9500122070312,685.0900268554688,684.8200073242188,684.9849853515625,264257
2026-03-02 10:13:00,684.9849853515625,685.3250122070312,684.9299926757812,685.030029296875,353534
2026-03-02 10:14:00,685.030029296875,685.1199951171875,684.780029296875,684.919677734375,325675
2026-03-02 10:15:00,684.9349975585938,685.0900268554688,684.6099853515625,684.739990234375,291198
2026-03-02 10:16:00,684.739990234375,685.25,684.6900024414062,684.969970703125,262209
2026-03-02 10:17:00,684.969970703125,685.3599853515625,684.7899780273438,684.7899780273438,263407
2026-03-02 10:18:00,684.7999877929688,685.0250244140625,684.4520263671875,684.510009765625,292273
2026-03-02 10:19:00,684.510009765625,684.77001953125,684.3200073242188,684.6500244140625,315212
2026-03-02 10:20:00,684.614990234375,684.8300170898438,684.4400024414062,684.6500244140625,242431
2026-03-02 10:21:00,684.6500244140625,684.6900024414062,683.9000244140625,683.9149780273438,289805
2026-03-02 10:22:00,683.9199829101562,684.1099853515625,683.489990234375,683.6199951171875,302315
2026-03-02 10:23:00,683.6500244140625,684.6300048828125,683.6099853515625,684.4400024414062,253504
2026-03-02 10:24:00,684.3900146484375,684.4451293945312,683.8200073242188,684.1400146484375,209220
2026-03-02 10:25:00,684.1400146484375,684.4199829101562,683.8599853515625,683.9099731445312,212474
2026-03-02 10:26:00,683.9099731445312,684.27001953125,683.75,683.8599853515625,147627
2026-03-02 10:27:00,683.8300170898438,684.094970703125,683.4500122070312,683.47998046875,306986
2026-03-02 10:28:00,683.469970703125,683.7598876953125,683.3300170898438,683.52001953125,174754
2026-03-02 10:29:00,683.469970703125,683.5700073242188,683.0700073242188,683.4299926757812,180010
2026-03-02 10:30:00,683.4199829101562,683.8699951171875,683.3300170898438,683.4299926757812,185152
2026-03-02 10:31:00,683.4199829101562,683.47998046875,683.0399780273438,683.2901000976562,156005
2026-03-02 10:32:00,683.3099975585938,683.3798828125,682.6370849609375,682.6400146484375,160809
2026-03-02 10:33:00,682.5700073242188,682.8900146484375,682.5499877929688,682.6599731445312,239931
2026-03-02 10:34:00,682.6599731445312,683.239990234375,682.6300048828125,682.969970703125,241602
2026-03-02 10:35:00,682.989990234375,683.0800170898438,682.75,682.9099731445312,107550
2026-03-02 10:36:00,682.9000244140625,682.9500122070312,682.4199829101562,682.8599853515625,191701
2026-03-02 10:37:00,682.8499755859375,683.2100219726562,682.780029296875,683.1300048828125,308175
2026-03-02 10:38:00,683.135009765625,683.6599731445312,683.0999755859375,683.5900268554688,211679
2026-03-02 10:39:00,683.530029296875,683.97900390625,683.52001953125,683.9299926757812,193778
2026-03-02 10:40:00,683.9199829101562,683.9199829101562,683.4500122070312,683.5900268554688,176828
2026-03-02 10:41:00,683.5399780273438,684.1500244140625,683.5399780273438,683.9400024414062,132312
2026-03-02 10:42:00,683.97998046875,684.1400146484375,683.7999877929688,683.9000244140625,181102
2026-03-02 10:43:00,683.9199829101562,684.1699829101562,683.77001953125,684.0900268554688,114004
2026-03-02 10:44:00,684.0399780273438,684.3300170898438,683.9500122070312,684.2999877929688,138237
2026-03-02 10:45:00,684.3300170898438,684.4299926757812,684.1799926757812,684.3699951171875,164440
2026-03-02 10:46:00,684.3599853515625,684.5,684.2100219726562,684.4450073242188,129790
2026-03-02 10:47:00,684.4400024414062,684.8400268554688,684.2899780273438,684.2899780273438,269866
2026-03-02 10:48:00,684.2899780273438,684.2999877929688,683.8599853515625,683.9199829101562,210821
2026-03-02 10:49:00,683.9099731445312,684.280029296875,683.760009765625,684.1199951171875,268534
2026-03-02 10:50:00,684.1300048828125,684.52001953125,683.9998779296875,684.3800048828125,119537
2026-03-02 10:51:00,684.3900146484375,684.4099731445312,684.1400146484375,684.1900024414062,131918
2026-03-02 10:52:00,684.219970703125,684.3350219726562,684.0700073242188,684.0700073242188,125246
2026-03-02 10:53:00,684.0700073242188,684.0700073242188,683.7100219726562,683.739990234375,167690
2026-03-02 10:54:00,683.739990234375,683.780029296875,683.27001953125,683.3599853515625,184728
2026-03-02 10:55:00,683.3599853515625,683.6900024414062,683.1599731445312,683.6699829101562,128263
2026-03-02 10:56:00,683.6799926757812,684.1500244140625,683.6500244140625,684.1099853515625,346712
2026-03-02 10:57:00,684.0999755859375,684.1699829101562,683.9400024414062,684.0599975585938,109845
2026-03-02 10:58:00,684.0399780273438,684.27001953125,683.97998046875,684.1400146484375,104464
2026-03-02 10:59:00,684.1300048828125,684.2999877929688,684.0800170898438,684.2100219726562,86307
2026-03-02 11:00:00,684.1900024414062,684.22998046875,683.77001953125,683.8800048828125,190778
2026-03-02 11:01:00,683.8599853515625,684.1799926757812,683.6300048828125,684.0499877929688,156751
2026-03-02 11:02:00,684.0499877929688,684.1099853515625,683.8900146484375,684.0599975585938,219744
2026-03-02 11:03:00,684.0499877929688,684.2899780273438,683.97998046875,684.1300048828125,92370
2026-03-02 11:04:00,684.114990234375,684.7000122070312,684.0900268554688,684.6799926757812,186826
2026-03-02 11:05:00,684.6699829101562,684.7949829101562,684.4199829101562,684.72998046875,148272
2026-03-02 11:06:00,684.719970703125,684.9199829101562,684.6199951171875,684.77001953125,130430
2026-03-02 11:07:00,684.77001953125,685.1199951171875,684.6900024414062,685.02001953125,197696
2026-03-02 11:08:00,685.0,685.22998046875,684.989990234375,685.1950073242188,133421
2026-03-02 11:09:00,685.1898803710938,685.5800170898438,685.1799926757812,685.5,239017
2026-03-02 11:10:00,685.510009765625,685.6699829101562,685.2100219726562,685.260009765625,419858
2026-03-02 11:11:00,685.25,685.6699829101562,685.1599731445312,685.5,270134
2026-03-02 11:12:00,685.5,685.52001953125,685.35009765625,685.4600219726562,155856
2026-03-02 11:13:00,685.4500122070312,685.5599975585938,685.3599853515625,685.4099731445312,138314
2026-03-02 11:14:00,685.4199829101562,685.5098876953125,685.280029296875,685.2999877929688,197849
2026-03-02 11:15:00,685.2999877929688,685.3400268554688,684.9299926757812,685.02001953125,189728
2026-03-02 11:16:00,685.0150146484375,685.0499877929688,684.8201293945312,684.9000244140625,103169
2026-03-02 11:17:00,684.9099731445312,685.0800170898438,684.73291015625,684.739990234375,97401
2026-03-02 11:18:00,684.75,685.2349853515625,684.6749877929688,685.1199951171875,89964
2026-03-02 11:19:00,685.1199951171875,685.1400146484375,684.6624755859375,684.72998046875,68895
2026-03-02 11:20:00,684.7000122070312,684.8200073242188,684.4000244140625,684.6599731445312,155757
2026-03-02 11:21:00,684.6799926757812,684.9299926757812,684.5900268554688,684.6799926757812,166197
2026-03-02 11:22:00,684.6900024414062,684.8200073242188,684.6300048828125,684.7000122070312,101668
2026-03-02 11:23:00,684.719970703125,684.9099731445312,684.6500244140625,684.7899780273438,72864
2026-03-02 11:24:00,684.780029296875,684.8400268554688,684.5599975585938,684.6500244140625,72484
2026-03-02 11:25:00,684.64501953125,684.739990234375,684.3099975585938,684.3499755859375,161593
2026-03-02 11:26:00,684.3499755859375,684.4099731445312,683.72998046875,683.8200073242188,167586
2026-03-02 11:27:00,683.8200073242188,683.8800048828125,683.030029296875,683.0700073242188,644033
2026-03-02 11:28:00,683.0499877929688,683.3300170898438,682.9500122070312,683.14501953125,291035
2026-03-02 11:29:00,683.1199951171875,683.3599853515625,683.1099853515625,683.219970703125,277227
2026-03-02 11:30:00,683.219970703125,683.719970703125,683.1400146484375,683.5399780273438,206672
2026-03-02 11:31:00,683.530029296875,683.5700073242188,683.02001953125,683.0399780273438,124715
2026-03-02 11:32:00,683.030029296875,683.2999877929688,682.969970703125,683.2100219726562,123158
2026-03-02 11:33:00,683.22998046875,683.22998046875,682.9199829101562,683.1400146484375,114384
2026-03-02 11:34:00,683.1400146484375,683.9600219726562,683.0,683.8300170898438,334709
2026-03-02 11:35:00,683.8599853515625,684.0599975585938,683.52001953125,684.030029296875,182724
2026-03-02 11:36:00,684.0100708007812,684.3900146484375,683.97998046875,684.2493896484375,136435
2026-03-02 11:37:00,684.2783203125,684.7999877929688,684.25,684.5601196289062,148769
2026-03-02 11:38:00,684.5700073242188,685.0800170898438,684.5700073242188,685.0399780273438,128266
2026-03-02 11:39:00,685.02001953125,685.1799926757812,684.8499755859375,685.1400146484375,168680
2026-03-02 11:40:00,685.1500244140625,685.7000122070312,685.1199951171875,685.5499877929688,178506
2026-03-02 11:41:00,685.5599975585938,686.1799926757812,685.530029296875,686.1500244140625,202034
2026-03-02 11:42:00,686.1500244140625,686.2999877929688,685.6099853515625,686.1400146484375,443393
2026-03-02 11:43:00,686.1400146484375,686.3599853515625,686.010009765625,686.239990234375,344386
2026-03-02 11:44:00,686.25,686.5250244140625,686.1849975585938,686.4400024414062,188589
2026-03-02 11:45:00,686.4500122070312,686.6900024414062,686.4000244140625,686.5999755859375,203802
2026-03-02 11:46:00,686.5999755859375,686.72998046875,686.469970703125,686.6199951171875,158979
2026-03-02 11:47:00,686.6199951171875,686.9500122070312,686.4199829101562,686.9099731445312,275567
2026-03-02 11:48:00,686.9000244140625,686.969970703125,686.3099975585938,686.4849853515625,280088
2026-03-02 11:49:00,686.4749755859375,686.6699829101562,686.4000244140625,686.4749755859375,140150
2026-03-02 11:50:00,686.4749755859375,686.5565185546875,686.1889038085938,686.2799072265625,192140
2026-03-02 11:51:00,686.280029296875,686.3400268554688,685.989990234375,686.1599731445312,217233
2026-03-02 11:52:00,686.1599731445312,686.5349731445312,685.989990234375,686.3900146484375,169668
2026-03-02 11:53:00,686.4099731445312,686.5,686.2750244140625,686.4400024414062,187993
2026-03-02 11:54:00,686.4400024414062,686.4400024414062,686.0800170898438,686.1199951171875,157474
2026-03-02 11:55:00,686.1199951171875,686.52001953125,685.9099731445312,686.4500122070312,155076
2026-03-02 11:56:00,686.4500122070312,686.4600219726562,686.3001098632812,686.3599853515625,70414
2026-03-02 11:57:00,686.3634033203125,686.4600219726562,686.2100219726562,686.2100219726562,104647
2026-03-02 11:58:00,686.2100219726562,686.469970703125,686.1300048828125,686.4199829101562,143711
2026-03-02 11:59:00,686.4149780273438,686.4199829101562,686.1950073242188,686.2349853515625,77972
2026-03-02 12:00:00,686.2349853515625,686.3300170898438,686.0999755859375,686.260009765625,119388
2026-03-02 12:01:00,686.280029296875,686.2949829101562,686.02001953125,686.0599975585938,60152
2026-03-02 12:02:00,686.0700073242188,686.27001953125,686.0,686.0399780273438,95200
2026-03-02 12:03:00,686.0399780273438,686.1099853515625,685.8499755859375,686.0700073242188,141411
2026-03-02 12:04:00,686.0599975585938,686.4000244140625,686.030029296875,686.3200073242188,105946
2026-03-02 12:05:00,686.2999877929688,686.5,686.2835083007812,686.3499755859375,61870
2026-03-02 12:06:00,686.3400268554688,686.6199951171875,686.3400268554688,686.4400024414062,90101
2026-03-02 12:07:00,686.4299926757812,686.4600219726562,685.97998046875,686.0,138246
2026-03-02 12:08:00,686.0,686.1199951171875,685.9299926757812,686.0,95057
2026-03-02 12:09:00,686.0,686.1799926757812,685.8800048828125,686.1099853515625,118768
2026-03-02 12:10:00,686.1099853515625,686.1400146484375,685.7999877929688,685.9000244140625,148027
2026-03-02 12:11:00,685.9000244140625,685.969970703125,685.7100219726562,685.9550170898438,127334
2026-03-02 12:12:00,685.9600219726562,685.9600219726562,685.75,685.905029296875,130700
2026-03-02 12:13:00,685.9199829101562,686.25,685.7999877929688,686.22998046875,93340
2026-03-02 12:14:00,686.219970703125,686.4099731445312,686.1799926757812,686.364990234375,88166
2026-03-02 12:15:00,686.3699951171875,686.952880859375,686.3250122070312,686.9299926757812,152672
2026-03-02 12:16:00,686.9299926757812,687.0499877929688,686.739990234375,686.9299926757812,110061
2026-03-02 12:17:00,686.9400024414062,687.02001953125,686.8400268554688,686.9949951171875,78631
2026-03-02 12:18:00,687.010009765625,687.0599975585938,686.8400268554688,686.864990234375,97650
2026-03-02 12:19:00,686.8699951171875,687.0900268554688,686.8699951171875,687.0399780273438,116917
2026-03-02 12:20:00,687.0399780273438,687.1400146484375,686.97998046875,687.030029296875,78045
2026-03-02 12:21:00,687.030029296875,687.0601196289062,686.8800048828125,686.989990234375,124286
2026-03-02 12:22:00,686.989990234375,687.1699829101562,686.6900024414062,686.8958129882812,247537
2026-03-02 12:23:00,686.9000244140625,687.0499877929688,686.8400268554688,687.0,68153
2026-03-02 12:24:00,687.0,687.1900024414062,686.969970703125,687.030029296875,93712
2026-03-02 12:25:00,687.0399780273438,687.0499877929688,686.72998046875,686.8300170898438,140903
2026-03-02 12:26:00,686.8099975585938,686.8300170898438,686.5604248046875,686.6599731445312,69139
2026-03-02 12:27:00,686.6400146484375,686.6400146484375,686.4539794921875,686.5599975585938,80282
2026-03-02 12:28:00,686.5650024414062,686.760009765625,686.5,686.6799926757812,66226
2026-03-02 12:29:00,686.6799926757812,686.75,686.47998046875,686.4837036132812,135633
2026-03-02 12:30:00,686.47998046875,686.6099853515625,686.3800048828125,686.5299072265625,100683
2026-03-02 12:31:00,686.5499877929688,686.6500244140625,686.2150268554688,686.4199829101562,85680
2026-03-02 12:32:00,686.4500122070312,686.72998046875,686.2999877929688,686.2999877929688,96953
2026-03-02 12:33:00,686.2999877929688,686.4099731445312,686.1400756835938,686.3400268554688,73807
2026-03-02 12:34:00,686.3400268554688,686.3699951171875,686.0900268554688,686.1099853515625,74971
2026-03-02 12:35:00,686.1099853515625,686.280029296875,686.0800170898438,686.260009765625,61276
2026-03-02 12:36:00,686.25,686.6699829101562,686.22998046875,686.6699829101562,75629
2026-03-02 12:37:00,686.6799926757812,686.6900024414062,686.510498046875,686.510498046875,65106
2026-03-02 12:38:00,686.52001953125,686.6099853515625,686.1099853515625,686.14501953125,73586
2026-03-02 12:39:00,686.155029296875,686.3099975585938,686.1300048828125,686.2650146484375,39193
2026-03-02 12:40:00,686.27001953125,686.4600219726562,686.1500244140625,686.3099975585938,82147
2026-03-02 12:41:00,686.3099975585938,686.8800048828125,686.3099975585938,686.72998046875,79150
2026-03-02 12:42:00,686.739990234375,686.8099975585938,686.6799926757812,686.8098754882812,79000
2026-03-02 12:43:00,686.7999877929688,686.8599853515625,686.5700073242188,686.614990234375,82388
2026-03-02 12:44:00,686.6199951171875,686.760009765625,686.489990234375,686.6900024414062,110711
2026-03-02 12:45:00,686.7000122070312,686.7899780273438,686.6500244140625,686.6900024414062,73043
2026-03-02 12:46:00,686.6900024414062,686.875,686.6799926757812,686.8300170898438,53610
2026-03-02 12:47:00,686.8499755859375,687.0,686.8099975585938,686.8599853515625,83488
2026-03-02 12:48:00,686.8599853515625,686.8800048828125,686.6599731445312,686.7100219726562,135050
2026-03-02 12:49:00,686.719970703125,686.8699951171875,686.5549926757812,686.8200073242188,85120
2026-03-02 12:50:00,686.8200073242188,686.8471069335938,686.6500244140625,686.7899780273438,103745
2026-03-02 12:51:00,686.7899780273438,687.3099975585938,686.780029296875,687.1699829101562,175564
2026-03-02 12:52:00,687.1699829101562,687.219970703125,687.0629272460938,687.1900024414062,76096
2026-03-02 12:53:00,687.1900024414062,687.1900024414062,687.02001953125,687.1099853515625,82381
2026-03-02 12:54:00,687.1099853515625,687.25,687.0599975585938,687.14501953125,52454
2026-03-02 12:55:00,687.1309814453125,687.1400146484375,686.989990234375,687.0399780273438,75707
2026-03-02 12:56:00,687.0399780273438,687.0700073242188,686.77001953125,686.77001953125,100810
2026-03-02 12:57:00,686.780029296875,686.8250122070312,686.7100219726562,686.8250122070312,79545
2026-03-02 12:58:00,686.8250122070312,687.0349731445312,686.7899780273438,687.0333862304688,79917
2026-03-02 12:59:00,687.0399780273438,687.3099975585938,687.0399780273438,687.2199096679688,82288
2026-03-02 13:00:00,687.219970703125,687.3499755859375,687.2000122070312,687.2899780273438,100585
2026-03-02 13:01:00,687.2899780273438,687.3800048828125,687.2000122070312,687.280029296875,62311
2026-03-02 13:02:00,687.27001953125,687.4199829101562,687.2598266601562,687.2598266601562,79012
2026-03-02 13:03:00,687.260009765625,687.2650146484375,687.0900268554688,687.1500244140625,69277
2026-03-02 13:04:00,687.1500244140625,687.260009765625,687.1099853515625,687.219970703125,52563
2026-03-02 13:05:00,687.25,687.4099731445312,687.239990234375,687.260009765625,39188
2026-03-02 13:06:00,687.239990234375,687.2899780273438,687.0599975585938,687.125,103345
2026-03-02 13:07:00,687.1300048828125,687.2650146484375,687.0701293945312,687.239990234375,33426
2026-03-02 13:08:00,687.27001953125,687.27001953125,687.02001953125,687.0499877929688,81862
2026-03-02 13:09:00,687.0399780273438,687.0900268554688,686.9299926757812,686.9299926757812,39573
2026-03-02 13:10:00,686.9249877929688,687.0399780273438,686.91357421875,686.97998046875,45695
2026-03-02 13:11:00,686.97998046875,687.096923828125,686.8599853515625,687.0499877929688,92194
2026-03-02 13:12:00,687.0499877929688,687.0800170898438,686.8400268554688,686.8499755859375,76063
2026-03-02 13:13:00,686.8300170898438,687.0700073242188,686.8300170898438,687.0050048828125,40215
2026-03-02 13:14:00,687.0050048828125,687.0800170898438,686.969970703125,687.010009765625,68431
2026-03-02 13:15:00,686.989990234375,687.02001953125,686.8300170898438,686.8400268554688,66244
2026-03-02 13:16:00,686.8499755859375,686.8800048828125,686.7249755859375,686.7313842773438,61858
2026-03-02 13:17:00,686.760009765625,686.8800048828125,686.72998046875,686.8099975585938,38356
2026-03-02 13:18:00,686.8300170898438,686.8800048828125,686.7150268554688,686.7698974609375,77376
2026-03-02 13:19:00,686.77001953125,686.8099975585938,686.5399780273438,686.5599975585938,52762
2026-03-02 13:20:00,686.5700073242188,686.5999755859375,686.3800048828125,686.4099731445312,110666
2026-03-02 13:21:00,686.4099731445312,686.5499877929688,686.3267822265625,686.3699951171875,53664
2026-03-02 13:22:00,686.3800048828125,686.4799194335938,686.1002197265625,686.3699951171875,116180
2026-03-02 13:23:00,686.3699951171875,686.4099731445312,686.3099975585938,686.3499755859375,50960
2026-03-02 13:24:00,686.3699951171875,686.5700073242188,686.2999877929688,686.4299926757812,86946
2026-03-02 13:25:00,686.4199829101562,686.4600219726562,686.239990234375,686.2899780273438,68360
2026-03-02 13:26:00,686.280029296875,686.6900024414062,686.2650146484375,686.6900024414062,85139
2026-03-02 13:27:00,686.7000122070312,686.8286743164062,686.64501953125,686.6699829101562,78764
2026-03-02 13:28:00,686.6749877929688,686.8699951171875,686.6243896484375,686.7999877929688,62452
2026-03-02 13:29:00,686.7999877929688,686.8300170898438,686.6400146484375,686.719970703125,36525
2026-03-02 13:30:00,686.75,686.7999877929688,686.510009765625,686.5399780273438,54336
2026-03-02 13:31:00,686.5399780273438,686.6199951171875,686.440185546875,686.530029296875,83643
2026-03-02 13:32:00,686.5399780273438,686.7750244140625,686.4349975585938,686.760009765625,85655
2026-03-02 13:33:00,686.75,686.8400268554688,686.594970703125,686.6199951171875,59407
2026-03-02 13:34:00,686.6199951171875,686.6400146484375,686.5399780273438,686.5599975585938,78389
2026-03-02 13:35:00,686.5599975585938,686.5650024414062,686.3699951171875,686.510009765625,59364
2026-03-02 13:36:00,686.510009765625,686.52001953125,686.3800048828125,686.4099731445312,69209
2026-03-02 13:37:00,686.4099731445312,686.4149780273438,686.1699829101562,686.27001953125,116445
2026-03-02 13:38:00,686.2899780273438,686.3499755859375,686.0700073242188,686.260009765625,126096
2026-03-02 13:39:00,686.25,686.2750244140625,686.1400146484375,686.2000122070312,32073
2026-03-02 13:40:00,686.2000122070312,686.2000122070312,686.0599975585938,686.1199951171875,72365
2026-03-02 13:41:00,686.0999755859375,686.135009765625,685.9299926757812,685.97998046875,102691
2026-03-02 13:42:00,685.969970703125,685.989990234375,685.7849731445312,685.8900146484375,190481
2026-03-02 13:43:00,685.8900146484375,686.3350219726562,685.8800048828125,686.201171875,96487
2026-03-02 13:44:00,686.2100219726562,686.27001953125,686.1400146484375,686.25,35551
2026-03-02 13:45:00,686.219970703125,686.2349853515625,685.9810180664062,686.0399780273438,62231
2026-03-02 13:46:00,686.0599975585938,686.1199951171875,685.719970703125,685.72998046875,75631
2026-03-02 13:47:00,685.72998046875,685.72998046875,685.3098754882812,685.4550170898438,210164
2026-03-02 13:48:00,685.4600219726562,685.8699951171875,685.3800048828125,685.8399047851562,97403
2026-03-02 13:49:00,685.8300170898438,685.9600219726562,685.719970703125,685.8300170898438,90885
2026-03-02 13:50:00,685.8200073242188,686.010009765625,685.8200073242188,685.8800048828125,72982
2026-03-02 13:51:00,685.8800048828125,686.010009765625,685.5999755859375,685.6500244140625,82278
2026-03-02 13:52:00,685.6400146484375,685.7000122070312,685.5299072265625,685.5900268554688,73159
2026-03-02 13:53:00,685.5900268554688,685.8099975585938,685.530029296875,685.739990234375,66727
2026-03-02 13:54:00,685.72998046875,685.7999877929688,685.6900024414062,685.719970703125,48538
2026-03-02 13:55:00,685.72998046875,685.75,685.4000244140625,685.4199829101562,90188
2026-03-02 13:56:00,685.4199829101562,685.6599731445312,685.4099731445312,685.6500244140625,70669
2026-03-02 13:57:00,685.6699829101562,685.6699829101562,685.4849853515625,685.510009765625,58723
2026-03-02 13:58:00,685.5100708007812,685.5800170898438,685.2249755859375,685.3599853515625,300217
2026-03-02 13:59:00,685.3599853515625,685.52001953125,685.2449951171875,685.280029296875,139110
2026-03-02 14:00:00,685.27001953125,685.3980102539062,685.1900024414062,685.280029296875,159685
2026-03-02 14:01:00,685.2899780273438,685.5819702148438,685.239990234375,685.3599853515625,145334
2026-03-02 14:02:00,685.3499755859375,685.4000244140625,685.2000122070312,685.4000244140625,112617
2026-03-02 14:03:00,685.4099731445312,685.5800170898438,685.3400268554688,685.47998046875,89072
2026-03-02 14:04:00,685.47998046875,685.739990234375,685.4299926757812,685.6599731445312,114065
2026-03-02 14:05:00,685.6599731445312,685.72998046875,685.52001953125,685.6500244140625,88070
2026-03-02 14:06:00,685.6400146484375,685.9450073242188,685.5800170898438,685.8599853515625,93929
2026-03-02 14:07:00,685.8599853515625,685.8800048828125,685.7100219726562,685.7750244140625,71875
2026-03-02 14:08:00,685.780029296875,686.030029296875,685.7650146484375,685.9400024414062,107364
2026-03-02 14:09:00,685.9400024414062,686.47998046875,685.7899780273438,686.4400024414062,151359
2026-03-02 14:10:00,686.4500122070312,686.5800170898438,686.405029296875,686.5750122070312,105418
2026-03-02 14:11:00,686.5750122070312,686.7899780273438,686.3900146484375,686.760009765625,175010
2026-03-02 14:12:00,686.760009765625,686.8400268554688,686.6500244140625,686.8300170898438,175674
2026-03-02 14:13:00,686.8200073242188,686.8900146484375,686.77001953125,686.8099975585938,95108
2026-03-02 14:14:00,686.7999877929688,686.989990234375,686.739990234375,686.9299926757812,114807
2026-03-02 14:15:00,686.9299926757812,687.530029296875,686.9299926757812,687.3300170898438,304545
2026-03-02 14:16:00,687.3300170898438,687.6099853515625,687.3200073242188,687.5999755859375,252969
2026-03-02 14:17:00,687.594970703125,687.7697143554688,687.54248046875,687.6099853515625,128460
2026-03-02 14:18:00,687.6099853515625,687.7249755859375,687.5700073242188,687.719970703125,171106
2026-03-02 14:19:00,687.719970703125,687.7899780273438,687.5,687.6799926757812,164844
2026-03-02 14:20:00,687.6749877929688,688.0900268554688,687.625,687.9099731445312,224389
2026-03-02 14:21:00,687.9000244140625,688.2100219726562,687.8599853515625,688.0700073242188,190817
2026-03-02 14:22:00,688.0800170898438,688.1900024414062,687.97998046875,688.0499877929688,184924
2026-03-02 14:23:00,688.0399780273438,688.1099853515625,687.8699951171875,687.9600219726562,127505
2026-03-02 14:24:00,687.9500122070312,687.9500122070312,687.6900024414062,687.7000122070312,116469
2026-03-02 14:25:00,687.6923217773438,687.780029296875,687.5499877929688,687.6099853515625,134448
2026-03-02 14:26:00,687.5900268554688,687.9199829101562,687.5700073242188,687.8699951171875,70916
2026-03-02 14:27:00,687.8599853515625,688.030029296875,687.77001953125,688.010009765625,84965
2026-03-02 14:28:00,688.0,688.1099853515625,687.9600219726562,688.030029296875,85836
2026-03-02 14:29:00,688.0399780273438,688.280029296875,688.0,688.2000122070312,187825
2026-03-02 14:30:00,688.2100219726562,688.5499267578125,688.1900024414062,688.39501953125,202458
2026-03-02 14:31:00,688.4000244140625,688.4099731445312,688.1300048828125,688.1900024414062,227392
2026-03-02 14:32:00,688.1950073242188,688.4000244140625,688.14501953125,688.260009765625,167426
2026-03-02 14:33:00,688.239990234375,688.4099731445312,688.1500244140625,688.3049926757812,139591
2026-03-02 14:34:00,688.3099975585938,688.510009765625,688.3099975585938,688.3699951171875,109475
2026-03-02 14:35:00,688.3599853515625,688.4500122070312,688.3099975585938,688.3499755859375,87681
2026-03-02 14:36:00,688.3300170898438,688.5285034179688,688.2999877929688,688.47998046875,144250
2026-03-02 14:37:00,688.47998046875,688.6199951171875,688.47998046875,688.5499877929688,80624
2026-03-02 14:38:00,688.5499877929688,688.5599975585938,688.3499755859375,688.3900146484375,206040
2026-03-02 14:39:00,688.4000244140625,688.4500122070312,688.239990234375,688.2550048828125,130259
2026-03-02 14:40:00,688.25,688.4500122070312,688.25,688.3599853515625,114491
2026-03-02 14:41:00,688.3599853515625,688.4334106445312,688.280029296875,688.2899780273438,81936
2026-03-02 14:42:00,688.27001953125,688.280029296875,688.1300048828125,688.1699829101562,116758
2026-03-02 14:43:00,688.1699829101562,688.2100219726562,687.989990234375,688.010009765625,97221
2026-03-02 14:44:00,688.010009765625,688.0999755859375,687.969970703125,688.0599975585938,89165
2026-03-02 14:45:00,688.0599975585938,688.1599731445312,688.0449829101562,688.0750122070312,62783
2026-03-02 14:46:00,688.0700073242188,688.3049926757812,688.0399780273438,688.1400146484375,111088
2026-03-02 14:47:00,688.156005859375,688.3400268554688,688.1400146484375,688.2999877929688,33800
2026-03-02 14:48:00,688.3699951171875,688.3699951171875,688.2949829101562,688.3200073242188,92958
2026-03-02 14:49:00,688.3200073242188,688.3300170898438,688.239990234375,688.260009765625,57734
2026-03-02 14:50:00,688.260009765625,688.2899780273438,688.0999755859375,688.2449951171875,89978
2026-03-02 14:51:00,688.2449951171875,688.4199829101562,688.239990234375,688.3200073242188,80903
2026-03-02 14:52:00,688.3300170898438,688.3900146484375,688.260009765625,688.385009765625,48195
2026-03-02 14:53:00,688.3800048828125,688.469970703125,688.3499755859375,688.3699951171875,59783
2026-03-02 14:54:00,688.3699951171875,688.530029296875,688.3699951171875,688.4600830078125,64060
2026-03-02 14:55:00,688.4600219726562,688.52001953125,688.375,688.47998046875,99417
2026-03-02 14:56:00,688.456298828125,688.4650268554688,688.3400268554688,688.4099731445312,51511
2026-03-02 14:57:00,688.4199829101562,688.469970703125,688.280029296875,688.3800048828125,102273
2026-03-02 14:58:00,688.3800048828125,688.4349975585938,688.2703247070312,688.3084716796875,105293
2026-03-02 14:59:00,688.2899780273438,688.3099975585938,688.1400146484375,688.1950073242188,90057
2026-03-02 15:00:00,688.1900024414062,688.3300170898438,688.0050048828125,688.0050048828125,90810
2026-03-02 15:01:00,688.010009765625,688.0599975585938,687.9099731445312,687.9349975585938,142193
2026-03-02 15:02:00,687.9400024414062,688.010009765625,687.875,687.969970703125,113197
2026-03-02 15:03:00,687.97998046875,688.1199951171875,687.9199829101562,688.030029296875,102671
2026-03-02 15:04:00,688.0250244140625,688.0499877929688,687.9099731445312,688.0250244140625,122618
2026-03-02 15:05:00,688.0399780273438,688.1599731445312,687.9849853515625,688.0650024414062,104145
2026-03-02 15:06:00,688.0700073242188,688.1199951171875,687.0599975585938,687.4299926757812,851806
2026-03-02 15:07:00,687.4199829101562,687.4749755859375,686.7901000976562,686.8099975585938,420307
2026-03-02 15:08:00,686.7899780273438,686.8099975585938,686.0900268554688,686.1799926757812,586114
2026-03-02 15:09:00,686.1799926757812,686.4299926757812,685.9600219726562,686.18798828125,596955
2026-03-02 15:10:00,686.1900024414062,686.219970703125,685.4099731445312,685.6099853515625,545359
2026-03-02 15:11:00,685.6099853515625,685.9600219726562,685.2050170898438,685.9299926757812,477929
2026-03-02 15:12:00,685.9400024414062,685.9400024414062,685.3499755859375,685.7100219726562,737194
2026-03-02 15:13:00,685.739990234375,685.969970703125,685.4500122070312,685.6694946289062,291856
2026-03-02 15:14:00,685.6699829101562,685.8400268554688,685.1199951171875,685.260009765625,520465
2026-03-02 15:15:00,685.260009765625,685.3800048828125,684.8900146484375,685.239990234375,435034
2026-03-02 15:16:00,685.27001953125,686.4299926757812,685.27001953125,686.0,795163
2026-03-02 15:17:00,686.030029296875,686.5399780273438,685.9299926757812,686.22998046875,297786
2026-03-02 15:18:00,686.25,686.5800170898438,686.0999755859375,686.4600219726562,333295
2026-03-02 15:19:00,686.47998046875,686.5700073242188,685.9299926757812,686.0399780273438,254968
2026-03-02 15:20:00,686.0700073242188,686.2999877929688,685.4500122070312,686.1199951171875,444110
2026-03-02 15:21:00,686.0999755859375,686.1699829101562,685.6799926757812,685.7000122070312,174943
2026-03-02 15:22:00,685.719970703125,686.1400146484375,685.719970703125,685.8400268554688,236489
2026-03-02 15:23:00,685.8499755859375,686.0399780273438,685.6300048828125,686.0,161832
2026-03-02 15:24:00,686.0,686.1099853515625,685.6099853515625,685.6300048828125,111100
2026-03-02 15:25:00,685.6300048828125,685.8499755859375,685.4600219726562,685.7136840820312,270857
2026-03-02 15:26:00,685.7098999023438,685.77001953125,685.2999877929688,685.3900146484375,171701
2026-03-02 15:27:00,685.4099731445312,685.5599975585938,685.239990234375,685.405029296875,188532
2026-03-02 15:28:00,685.4400024414062,686.0499877929688,685.3900146484375,685.7100219726562,300737
2026-03-02 15:29:00,685.6900024414062,685.8099975585938,685.3099975585938,685.3499755859375,138595
2026-03-02 15:30:00,685.3499755859375,685.8099975585938,685.2999877929688,685.5399780273438,231351
2026-03-02 15:31:00,685.5499877929688,685.6900024414062,685.2000122070312,685.4199829101562,144922
2026-03-02 15:32:00,685.4299926757812,685.9500122070312,685.3403930664062,685.8400268554688,140097
2026-03-02 15:33:00,685.8300170898438,685.8499755859375,685.5750122070312,685.8049926757812,107060
2026-03-02 15:34:00,685.8200073242188,686.0900268554688,685.780029296875,686.02001953125,130572
2026-03-02 15:35:00,686.02001953125,686.0552978515625,685.6699829101562,685.6900024414062,103777
2026-03-02 15:36:00,685.7000122070312,685.9199829101562,685.6199951171875,685.77001953125,141980
2026-03-02 15:37:00,685.77001953125,686.3099975585938,685.77001953125,686.010009765625,220623
2026-03-02 15:38:00,686.02001953125,686.4099731445312,685.969970703125,686.3800048828125,176604
2026-03-02 15:39:00,686.3800048828125,686.4097290039062,685.9199829101562,686.0900268554688,223913
2026-03-02 15:40:00,686.0900268554688,686.2949829101562,685.9099731445312,685.9500122070312,156361
2026-03-02 15:41:00,685.9600219726562,686.0,685.6300048828125,685.6500244140625,123410
2026-03-02 15:42:00,685.6799926757812,686.030029296875,685.5599975585938,685.97998046875,169984
2026-03-02 15:43:00,685.969970703125,685.989990234375,685.77001953125,685.9099731445312,114583
2026-03-02 15:44:00,685.9099731445312,686.27001953125,685.8300170898438,686.22998046875,195805
2026-03-02 15:45:00,686.219970703125,686.3099975585938,685.9650268554688,686.280029296875,276618
2026-03-02 15:46:00,686.2899780273438,686.6799926757812,686.2899780273438,686.3400268554688,395773
2026-03-02 15:47:00,686.3599853515625,686.5399780273438,686.2899780273438,686.3731079101562,199535
2026-03-02 15:48:00,686.3798828125,686.6199951171875,686.2899780273438,686.3200073242188,216646
2026-03-02 15:49:00,686.3099975585938,686.489990234375,686.22998046875,686.3300170898438,236122
2026-03-02 15:50:00,686.3300170898438,686.7100219726562,686.1199951171875,686.3699951171875,552802
2026-03-02 15:51:00,686.3599853515625,686.5599975585938,685.97998046875,686.3900146484375,310589
2026-03-02 15:52:00,686.3699951171875,686.5,686.330810546875,686.4600219726562,252639
2026-03-02 15:53:00,686.469970703125,686.5399780273438,686.1799926757812,686.2849731445312,345464
2026-03-02 15:54:00,686.280029296875,686.760009765625,686.219970703125,686.739990234375,491001
2026-03-02 15:55:00,686.760009765625,687.1099853515625,686.5800170898438,687.010009765625,773754
2026-03-02 15:56:00,687.0150146484375,687.1199951171875,686.6500854492188,686.8900146484375,501942
2026-03-02 15:57:00,686.8900146484375,687.3099975585938,686.7999877929688,687.1099853515625,453728
2026-03-02 15:58:00,687.1099853515625,687.219970703125,686.9299926757812,686.969970703125,782878
2026-03-02 15:59:00,686.9650268554688,686.97998046875,686.3300170898438,686.3699951171875,4520738
2026-03-03 09:30:00,675.0599975585938,676.260009765625,674.8499755859375,676.1699829101562,6115309
2026-03-03 09:31:00,676.1799926757812,676.4099731445312,675.719970703125,676.280029296875,937429
2026-03-03 09:32:00,676.260009765625,676.4400024414062,675.6599731445312,675.8049926757812,555895
2026-03-03 09:33:00,675.7999877929688,676.0399780273438,675.4600219726562,675.77001953125,642496
2026-03-03 09:34:00,675.75,675.9500122070312,674.4400024414062,674.5399780273438,662827
2026-03-03 09:35:00,674.5499877929688,675.3099975585938,674.125,674.9099731445312,673231
2026-03-03 09:36:00,674.989990234375,676.6199951171875,674.8599853515625,676.0700073242188,664280
2026-03-03 09:37:00,676.0900268554688,676.6400146484375,675.8599853515625,676.5999755859375,483002
2026-03-03 09:38:00,676.5499877929688,676.8900146484375,676.3699951171875,676.7999877929688,393633
2026-03-03 09:39:00,676.8200073242188,677.0999755859375,675.75,675.760009765625,489659
2026-03-03 09:40:00,675.760009765625,675.9949951171875,675.1599731445312,675.6400146484375,353894
2026-03-03 09:41:00,675.6699829101562,675.698974609375,674.5999755859375,674.6300048828125,364763
2026-03-03 09:42:00,674.6199951171875,674.7999877929688,674.22998046875,674.3800048828125,348223
2026-03-03 09:43:00,674.3699951171875,674.4749755859375,673.7100219726562,673.980712890625,346637
2026-03-03 09:44:00,673.989990234375,674.1099853515625,673.219970703125,673.4400024414062,438366
2026-03-03 09:45:00,673.4400024414062,674.1799926757812,672.97998046875,674.1199951171875,640061
2026-03-03 09:46:00,674.1300048828125,674.7999877929688,674.010009765625,674.52001953125,744118
2026-03-03 09:47:00,674.530029296875,674.7000122070312,673.3800048828125,673.7000122070312,406227
2026-03-03 09:48:00,673.6699829101562,673.7000122070312,673.0499877929688,673.1300048828125,402468
2026-03-03 09:49:00,673.1199951171875,673.3400268554688,672.4600219726562,672.469970703125,479324
2026-03-03 09:50:00,672.489990234375,673.1199951171875,672.25,672.8800048828125,785491
2026-03-03 09:51:00,672.9000244140625,673.9290771484375,672.8400268554688,673.19873046875,723560
2026-03-03 09:52:00,673.219970703125,673.7000122070312,672.8699951171875,673.1099853515625,297525
2026-03-03 09:53:00,673.0700073242188,673.614990234375,672.89501953125,673.4600219726562,261291
2026-03-03 09:54:00,673.469970703125,673.52001953125,672.6400146484375,673.280029296875,382761
2026-03-03 09:55:00,673.260009765625,673.47998046875,672.6799926757812,673.2000122070312,291410
2026-03-03 09:56:00,673.2100219726562,673.27001953125,672.6400146484375,672.739990234375,240989
2026-03-03 09:57:00,672.7598876953125,672.989990234375,672.4099731445312,672.7550048828125,258761
2026-03-03 09:58:00,672.7349853515625,672.7349853515625,671.9500122070312,672.1400146484375,381728
2026-03-03 09:59:00,672.1400146484375,672.6300048828125,672.02001953125,672.3800048828125,335813
2026-03-03 10:00:00,672.3599853515625,673.9299926757812,672.219970703125,672.9000244140625,652591
2026-03-03 10:01:00,672.9000244140625,673.4000244140625,672.3300170898438,672.3400268554688,356470
2026-03-03 10:02:00,672.3300170898438,672.9099731445312,672.2100219726562,672.239990234375,222018
2026-03-03 10:03:00,672.25,672.72998046875,672.0499877929688,672.3400268554688,611889
2026-03-03 10:04:00,672.3599853515625,672.5700073242188,671.780029296875,672.1799926757812,560307
2026-03-03 10:05:00,672.1599731445312,672.4400024414062,671.6300048828125,672.3300170898438,752420
2026-03-03 10:06:00,672.3300170898438,673.239990234375,672.030029296875,672.77001953125,453313
2026-03-03 10:07:00,672.760009765625,673.010009765625,672.0800170898438,672.0900268554688,186427
2026-03-03 10:08:00,672.1099853515625,672.1900024414062,671.719970703125,671.9099731445312,273470
2026-03-03 10:09:00,671.9119873046875,672.760009765625,671.8400268554688,672.3499755859375,293252
2026-03-03 10:10:00,672.3499755859375,672.5399780273438,671.6900024414062,672.0050048828125,427579
2026-03-03 10:11:00,672.02001953125,673.0501098632812,672.0,672.5,361191
2026-03-03 10:12:00,672.510009765625,673.5599975585938,672.3699951171875,672.8300170898438,579884
2026-03-03 10:13:00,672.8400268554688,672.9500122070312,672.3599853515625,672.469970703125,273743
2026-03-03 10:14:00,672.469970703125,673.030029296875,672.3599853515625,672.6400146484375,279444
2026-03-03 10:15:00,672.6199951171875,672.9500122070312,672.3800048828125,672.4400024414062,556823
2026-03-03 10:16:00,672.4299926757812,672.52001953125,671.5999755859375,671.77001953125,422398
2026-03-03 10:17:00,671.7849731445312,671.8599853515625,671.3499755859375,671.47998046875,617953
2026-03-03 10:18:00,671.47998046875,671.5800170898438,670.8800048828125,670.989990234375,770898
2026-03-03 10:19:00,671.02001953125,671.2550048828125,670.9450073242188,671.0599975585938,373024
2026-03-03 10:20:00,671.0599975585938,671.1099853515625,670.6099853515625,670.6400146484375,415140
2026-03-03 10:21:00,670.6409912109375,670.7598876953125,670.3200073242188,670.3300170898438,404630
2026-03-03 10:22:00,670.3300170898438,670.4099731445312,669.9099731445312,669.9500122070312,485959
2026-03-03 10:23:00,669.9500122070312,670.8099975585938,669.8699951171875,670.719970703125,471336
2026-03-03 10:24:00,670.719970703125,670.7399291992188,670.2700805664062,670.4500122070312,304120
2026-03-03 10:25:00,670.4500122070312,670.6199951171875,669.8400268554688,669.97998046875,293949
2026-03-03 10:26:00,669.989990234375,670.3400268554688,669.739990234375,669.8499755859375,518277
2026-03-03 10:27:00,669.8499755859375,670.1400146484375,669.6599731445312,670.0700073242188,432032
2026-03-03 10:28:00,670.0800170898438,670.1849975585938,669.760009765625,669.7999877929688,406094
2026-03-03 10:29:00,669.8049926757812,670.080078125,669.6699829101562,669.8499755859375,265129
2026-03-03 10:30:00,669.8499755859375,670.52001953125,669.780029296875,670.2100219726562,432766
2026-03-03 10:31:00,670.2000122070312,671.7999877929688,670.1099853515625,671.572509765625,612944
2026-03-03 10:32:00,671.5800170898438,671.8743896484375,671.0900268554688,671.1500244140625,474982
2026-03-03 10:33:00,671.1699829101562,671.2100219726562,670.7899780273438,671.010009765625,219149
2026-03-03 10:34:00,671.0,671.260009765625,670.719970703125,671.030029296875,303829
2026-03-03 10:35:00,671.02001953125,671.5499877929688,671.0,671.1300048828125,284471
2026-03-03 10:36:00,671.1300048828125,672.22998046875,670.8200073242188,671.8200073242188,225844
2026-03-03 10:37:00,671.8300170898438,672.2100219726562,671.5800170898438,671.739990234375,252501
2026-03-03 10:38:00,671.719970703125,671.8699951171875,671.469970703125,671.5999755859375,222116
2026-03-03 10:39:00,671.6300048828125,672.0900268554688,671.4600219726562,671.7000122070312,259937
2026-03-03 10:40:00,671.6799926757812,672.489990234375,671.2999877929688,672.0900268554688,343818
2026-03-03 10:41:00,672.0900268554688,672.5,671.9400024414062,671.969970703125,700970
2026-03-03 10:42:00,671.9299926757812,672.4199829101562,671.760009765625,672.0399780273438,602834
2026-03-03 10:43:00,672.0499877929688,672.0599975585938,671.0599975585938,671.1599731445312,263593
2026-03-03 10:44:00,671.1599731445312,671.4000244140625,670.9600219726562,671.22998046875,270262
2026-03-03 10:45:00,671.22998046875,671.9000244140625,671.2000122070312,671.4199829101562,345721
2026-03-03 10:46:00,671.4199829101562,672.1699829101562,671.22998046875,671.489990234375,195545
2026-03-03 10:47:00,671.47998046875,671.8800048828125,671.2778930664062,671.719970703125,221792
2026-03-03 10:48:00,671.7100219726562,671.8499755859375,671.0900268554688,671.219970703125,215421
2026-03-03 10:49:00,671.22998046875,671.3699951171875,670.72998046875,671.3200073242188,245329
2026-03-03 10:50:00,671.3098754882812,671.3098754882812,670.3400268554688,670.7899780273438,284179
2026-03-03 10:51:00,670.7999877929688,671.1599731445312,670.530029296875,670.9000244140625,209846
2026-03-03 10:52:00,670.8599853515625,671.5999755859375,670.77001953125,671.02001953125,289784
2026-03-03 10:53:00,671.0399780273438,671.1500244140625,670.5800170898438,670.6699829101562,208847
2026-03-03 10:54:00,670.6500244140625,670.780029296875,670.4199829101562,670.6099853515625,107441
2026-03-03 10:55:00,670.5999755859375,670.9400024414062,670.530029296875,670.6500244140625,168874
2026-03-03 10:56:00,670.6649780273438,671.5999755859375,670.6400146484375,671.0700073242188,440159
2026-03-03 10:57:00,671.0999755859375,671.530029296875,670.8400268554688,671.4699096679688,289928
2026-03-03 10:58:00,671.4500122070312,671.989990234375,671.4500122070312,671.9299926757812,237716
2026-03-03 10:59:00,671.9199829101562,672.1099853515625,671.719970703125,671.97998046875,276993
2026-03-03 11:00:00,671.9600219726562,672.3099975585938,671.77001953125,671.8800048828125,339308
2026-03-03 11:01:00,671.8599853515625,672.27001953125,671.75,671.9299926757812,181907
2026-03-03 11:02:00,671.9099731445312,672.2100219726562,671.7899780273438,671.8599853515625,129102
2026-03-03 11:03:00,671.8900146484375,672.719970703125,671.8699951171875,672.5900268554688,286064
2026-03-03 11:04:00,672.5800170898438,673.5499877929688,672.4000244140625,673.4600219726562,626446
2026-03-03 11:05:00,673.469970703125,674.2349853515625,673.4199829101562,674.1900024414062,394047
2026-03-03 11:06:00,674.1799926757812,674.6199951171875,673.9099731445312,674.260009765625,355262
2026-03-03 11:07:00,674.2999877929688,674.4600219726562,674.030029296875,674.25,277665
2026-03-03 11:08:00,674.22998046875,674.9199829101562,674.0800170898438,674.7899780273438,364232
2026-03-03 11:09:00,674.794189453125,674.8690795898438,674.2999877929688,674.5399780273438,288958
2026-03-03 11:10:00,674.5700073242188,674.77001953125,674.4199829101562,674.6099853515625,149119
2026-03-03 11:11:00,674.6400146484375,674.6599731445312,674.239990234375,674.5800170898438,179740
2026-03-03 11:12:00,674.5800170898438,674.760009765625,674.3800048828125,674.4849853515625,209347
2026-03-03 11:13:00,674.5399780273438,675.219970703125,674.3800048828125,675.1300048828125,328007
2026-03-03 11:14:00,675.1199951171875,675.280029296875,674.75,675.030029296875,198320
2026-03-03 11:15:00,675.030029296875,675.7100219726562,675.0,675.6300048828125,303725
2026-03-03 11:16:00,675.6500244140625,675.6699829101562,675.2999877929688,675.5549926757812,219903
2026-03-03 11:17:00,675.5599975585938,675.9000244140625,675.4550170898438,675.77001953125,193294
2026-03-03 11:18:00,675.77001953125,676.1699829101562,675.5999755859375,675.6199951171875,248341
2026-03-03 11:19:00,675.6300048828125,675.75,675.1400146484375,675.280029296875,270079
2026-03-03 11:20:00,675.2899780273438,675.6400146484375,674.97998046875,675.5900268554688,292293
2026-03-03 11:21:00,675.5999755859375,675.6300048828125,675.010009765625,675.4099731445312,233932
2026-03-03 11:22:00,675.4000244140625,676.0399780273438,675.0999755859375,675.6400146484375,409991
2026-03-03 11:23:00,675.6400146484375,676.1900024414062,675.5599975585938,676.1099853515625,153869
2026-03-03 11:24:00,676.0900268554688,676.39501953125,675.77001953125,676.3499755859375,270208
2026-03-03 11:25:00,676.3300170898438,676.5800170898438,676.135009765625,676.52001953125,292764
2026-03-03 11:26:00,676.5499877929688,676.5499877929688,675.9099731445312,676.1599731445312,241327
2026-03-03 11:27:00,676.1699829101562,676.4799194335938,675.969970703125,676.0399780273438,210842
2026-03-03 11:28:00,676.030029296875,676.27001953125,675.7999877929688,676.0499877929688,223836
2026-03-03 11:29:00,676.0599975585938,676.2899780273438,675.9299926757812,676.02001953125,144931
2026-03-03 11:30:00,676.0,676.0800170898438,675.4400024414062,675.6500244140625,297793
2026-03-03 11:31:00,675.6500244140625,675.719970703125,675.0999755859375,675.1199951171875,183080
2026-03-03 11:32:00,675.1500244140625,675.2000122070312,674.6599731445312,674.9400024414062,260294
2026-03-03 11:33:00,674.9500122070312,675.3200073242188,674.7100219726562,674.989990234375,149510
2026-03-03 11:34:00,675.02001953125,675.969970703125,674.969970703125,675.7899780273438,175532
2026-03-03 11:35:00,675.780029296875,676.219970703125,675.760009765625,675.97998046875,465635
2026-03-03 11:36:00,675.969970703125,676.5700073242188,675.8800048828125,676.22998046875,146434
2026-03-03 11:37:00,676.239990234375,676.4199829101562,676.010009765625,676.0900268554688,99336
2026-03-03 11:38:00,676.0830078125,676.1099853515625,675.5499877929688,675.8900146484375,176691
2026-03-03 11:39:00,675.8800048828125,676.1099853515625,675.7100219726562,676.0800170898438,254434
2026-03-03 11:40:00,676.0552978515625,676.2000122070312,675.72998046875,676.1300048828125,90954
2026-03-03 11:41:00,676.1400146484375,676.3099975585938,676.0,676.0,104626
2026-03-03 11:42:00,675.9912109375,676.0800170898438,675.4199829101562,675.77001953125,132463
2026-03-03 11:43:00,675.780029296875,676.8499755859375,675.260009765625,676.5700073242188,485299
2026-03-03 11:44:00,676.5599975585938,676.7999877929688,676.1400146484375,676.6900024414062,288804
2026-03-03 11:45:00,676.6799926757812,677.4600219726562,676.630615234375,677.3400268554688,420821
2026-03-03 11:46:00,677.3599853515625,678.4500122070312,677.3200073242188,678.3300170898438,359714
2026-03-03 11:47:00,678.3200073242188,678.3599853515625,677.7999877929688,677.8599853515625,445121
2026-03-03 11:48:00,677.8499755859375,677.97998046875,677.3300170898438,677.760009765625,290409
2026-03-03 11:49:00,677.760009765625,677.7899780273438,676.989990234375,677.5999755859375,320733
2026-03-03 11:50:00,677.5999755859375,677.8099975585938,677.25,677.5,214286
2026-03-03 11:51:00,677.510009765625,677.739990234375,677.22998046875,677.280029296875,247605
2026-03-03 11:52:00,677.280029296875,677.7999877929688,677.22998046875,677.6199951171875,144791
2026-03-03 11:53:00,677.6500244140625,677.969970703125,677.5700073242188,677.8599853515625,123829
2026-03-03 11:54:00,677.8599853515625,677.9400024414062,677.5499877929688,677.9199829101562,117462
2026-03-03 11:55:00,677.9500122070312,678.1799926757812,677.6900024414062,678.1011962890625,167392
2026-03-03 11:56:00,678.0999755859375,678.2899780273438,677.75,678.2498779296875,150228
2026-03-03 11:57:00,678.239990234375,678.239990234375,677.780029296875,677.9600219726562,228264
2026-03-03 11:58:00,677.97998046875,678.1300048828125,677.6699829101562,677.739990234375,113454
2026-03-03 11:59:00,677.75,677.8599853515625,677.3599853515625,677.5599975585938,138627
2026-03-03 12:00:00,677.5700073242188,677.9199829101562,677.3499755859375,677.52001953125,160504
2026-03-03 12:01:00,677.5150146484375,677.5499877929688,676.9000244140625,677.0700073242188,227043
2026-03-03 12:02:00,677.0599975585938,677.4400024414062,676.8599853515625,677.4299926757812,191954
2026-03-03 12:03:00,677.4500122070312,677.489990234375,677.0599975585938,677.0999755859375,123176
2026-03-03 12:04:00,677.1300048828125,677.47998046875,676.7899780273438,677.4400024414062,134419
2026-03-03 12:05:00,677.4400024414062,677.739990234375,677.2100219726562,677.3900146484375,126385
2026-03-03 12:06:00,677.3800048828125,677.8200073242188,677.260009765625,677.7999877929688,66806
2026-03-03 12:07:00,677.780029296875,677.8300170898438,677.1199951171875,677.2899780273438,153752
2026-03-03 12:08:00,677.260009765625,677.4400024414062,676.9500122070312,676.969970703125,170459
2026-03-03 12:09:00,676.969970703125,677.0999755859375,676.6500244140625,676.7698974609375,183864
2026-03-03 12:10:00,676.7999877929688,677.0800170898438,676.6799926757812,676.8300170898438,113426
2026-03-03 12:11:00,676.8300170898438,677.0900268554688,676.5700073242188,676.760009765625,99663
2026-03-03 12:12:00,676.760009765625,677.0399780273438,676.3699951171875,676.7100219726562,171347
2026-03-03 12:13:00,676.7100219726562,676.9400024414062,676.5900268554688,676.6199951171875,87285
2026-03-03 12:14:00,676.6400146484375,677.1699829101562,676.5599975585938,677.1099853515625,90840
2026-03-03 12:15:00,677.1300048828125,677.2000122070312,676.7999877929688,677.1599731445312,87613
2026-03-03 12:16:00,677.1699829101562,677.3800048828125,676.6500244140625,676.719970703125,93571
2026-03-03 12:17:00,676.739990234375,677.1799926757812,676.739990234375,677.1599731445312,83490
2026-03-03 12:18:00,677.1199951171875,677.6900024414062,677.010009765625,677.5,117590
2026-03-03 12:19:00,677.5050048828125,677.7000122070312,677.4099731445312,677.5800170898438,67186
2026-03-03 12:20:00,677.5800170898438,677.7899780273438,676.9099731445312,677.2000122070312,106308
2026-03-03 12:21:00,677.2100219726562,677.5900268554688,677.0,677.5499877929688,77041
2026-03-03 12:22:00,677.530029296875,677.97998046875,677.3900146484375,677.9600219726562,119964
2026-03-03 12:23:00,677.9400024414062,678.25,677.9000244140625,677.969970703125,173957
2026-03-03 12:24:00,677.97998046875,678.280029296875,677.9000244140625,678.27001953125,148681
2026-03-03 12:25:00,678.280029296875,678.489990234375,678.0499877929688,678.239990234375,157703
2026-03-03 12:26:00,678.239990234375,678.260009765625,677.7650146484375,678.010009765625,163501
2026-03-03 12:27:00,677.969970703125,678.1599731445312,677.739990234375,677.9849853515625,94156
2026-03-03 12:28:00,677.969970703125,678.3300170898438,677.9299926757812,678.280029296875,100381
2026-03-03 12:29:00,678.2899780273438,678.489990234375,678.2750244140625,678.3200073242188,95570
2026-03-03 12:30:00,678.3200073242188,678.3599853515625,677.8200073242188,677.9099731445312,124832
2026-03-03 12:31:00,677.9089965820312,677.9089965820312,677.280029296875,677.3099975585938,199243
2026-03-03 12:32:00,677.2999877929688,677.4099731445312,676.97998046875,677.0399780273438,134523
2026-03-03 12:33:00,677.0499877929688,677.1199951171875,676.6699829101562,676.760009765625,148213
2026-03-03 12:34:00,676.760009765625,676.7899780273438,676.3150024414062,676.5,206233
2026-03-03 12:35:00,676.510009765625,676.5399780273438,676.1300048828125,676.47998046875,177955
2026-03-03 12:36:00,676.47998046875,677.0289916992188,676.0800170898438,676.989990234375,214840
2026-03-03 12:37:00,676.989990234375,677.1199951171875,676.6400146484375,676.8699951171875,75099
2026-03-03 12:38:00,676.8599853515625,677.010009765625,676.530029296875,676.5999755859375,87689
2026-03-03 12:39:00,676.5800170898438,676.8099975585938,676.5599975585938,676.780029296875,66719
2026-03-03 12:40:00,676.780029296875,677.3800048828125,676.739990234375,677.369873046875,99604
2026-03-03 12:41:00,677.3499755859375,677.489990234375,676.9400024414062,677.010009765625,55852
2026-03-03 12:42:00,677.0,677.530029296875,676.989990234375,677.5,114793
2026-03-03 12:43:00,677.52001953125,678.25,677.52001953125,678.1699829101562,177522
2026-03-03 12:44:00,678.1799926757812,678.4099731445312,678.051513671875,678.2899780273438,166064
2026-03-03 12:45:00,678.260009765625,678.3900146484375,678.0599975585938,678.090087890625,180042
2026-03-03 12:46:00,678.1099853515625,678.25,677.7100219726562,677.760009765625,149476
2026-03-03 12:47:00,677.75,677.969970703125,677.6799926757812,677.9400024414062,90354
2026-03-03 12:48:00,677.9400024414062,678.0900268554688,677.8099975585938,678.030029296875,98330
2026-03-03 12:49:00,678.0499877929688,678.4739990234375,678.02001953125,678.260009765625,98509
2026-03-03 12:50:00,678.27001953125,678.3099975585938,677.989990234375,678.1099853515625,141019
2026-03-03 12:51:00,678.0999755859375,678.2999877929688,678.0147094726562,678.2000122070312,90570
2026-03-03 12:52:00,678.219970703125,678.3099975585938,677.8099975585938,678.1599731445312,148179
2026-03-03 12:53:00,678.1500244140625,678.219970703125,677.22998046875,677.3599853515625,157443
2026-03-03 12:54:00,677.3800048828125,677.5700073242188,676.905029296875,677.0700073242188,136782
2026-03-03 12:55:00,677.0499877929688,677.4000244140625,676.8800048828125,677.3900146484375,140920
2026-03-03 12:56:00,677.3699951171875,677.5499877929688,677.25341796875,677.3099975585938,63927
2026-03-03 12:57:00,677.3499755859375,677.6799926757812,677.1799926757812,677.6104736328125,86972
2026-03-03 12:58:00,677.6400146484375,677.75,677.3900146484375,677.4249877929688,47538
2026-03-03 12:59:00,677.4000244140625,677.6500244140625,677.3300170898438,677.4199829101562,73077
2026-03-03 13:00:00,677.3900146484375,678.27001953125,677.3800048828125,678.260009765625,84507
2026-03-03 13:01:00,678.218017578125,678.7000122070312,678.110107421875,678.5999755859375,141425
2026-03-03 13:02:00,678.5949096679688,678.780029296875,678.5,678.510009765625,136220
2026-03-03 13:03:00,678.52001953125,678.530029296875,678.0900268554688,678.3499755859375,136697
2026-03-03 13:04:00,678.3599853515625,678.4600219726562,678.1199951171875,678.4199829101562,98320
2026-03-03 13:05:00,678.4500122070312,678.5399780273438,678.1699829101562,678.3200073242188,88008
2026-03-03 13:06:00,678.3200073242188,678.7100219726562,678.2899780273438,678.5599975585938,94260
2026-03-03 13:07:00,678.5499877929688,678.760009765625,678.3099975585938,678.6400146484375,96358
2026-03-03 13:08:00,678.6099853515625,678.9099731445312,678.6099853515625,678.8300170898438,58501
2026-03-03 13:09:00,678.8200073242188,678.8499755859375,678.4949951171875,678.8099975585938,61010
2026-03-03 13:10:00,678.8099975585938,678.8900146484375,678.4201049804688,678.5900268554688,93320
2026-03-03 13:11:00,678.5999755859375,678.8499755859375,678.219970703125,678.4000244140625,95428
2026-03-03 13:12:00,678.39501953125,678.594970703125,678.39501953125,678.5,99333
2026-03-03 13:13:00,678.5,678.52001953125,677.8300170898438,677.8599853515625,89954
2026-03-03 13:14:00,677.8499755859375,678.1199951171875,677.6199951171875,678.0700073242188,142138
2026-03-03 13:15:00,678.090087890625,678.4099731445312,678.0399780273438,678.3599853515625,87161
2026-03-03 13:16:00,678.3900146484375,678.5900268554688,678.2999877929688,678.4400024414062,89758
2026-03-03 13:17:00,678.4500122070312,678.8200073242188,678.4119262695312,678.75,57292
2026-03-03 13:18:00,678.75,678.75,678.4299926757812,678.6199951171875,59821
2026-03-03 13:19:00,678.6300048828125,678.8200073242188,678.4600219726562,678.6599731445312,83639
2026-03-03 13:20:00,678.6500244140625,679.4500122070312,678.6199951171875,679.1900024414062,265807
2026-03-03 13:21:00,679.1799926757812,679.4000244140625,679.0999755859375,679.3699951171875,122808
2026-03-03 13:22:00,679.3699951171875,679.9600219726562,679.3599853515625,679.75,227531
2026-03-03 13:23:00,679.77001953125,680.0360717773438,679.5999755859375,679.989990234375,224616
2026-03-03 13:24:00,679.969970703125,680.0800170898438,679.8699951171875,680.0399780273438,146142
2026-03-03 13:25:00,680.0399780273438,680.0399780273438,679.6699829101562,679.7899780273438,291609
2026-03-03 13:26:00,679.780029296875,680.2000122070312,679.75,680.1463012695312,194267
2026-03-03 13:27:00,680.1500244140625,680.2899780273438,680.0599975585938,680.1400146484375,117882
2026-03-03 13:28:00,680.125,680.4299926757812,680.0599975585938,680.0800170898438,183822
2026-03-03 13:29:00,680.0900268554688,680.1699829101562,679.7550048828125,679.8200073242188,185832
2026-03-03 13:30:00,679.8200073242188,679.9338989257812,679.6699829101562,679.9099731445312,138421
2026-03-03 13:31:00,679.9000244140625,680.1798706054688,679.7899780273438,680.1300048828125,109228
2026-03-03 13:32:00,680.1199951171875,680.3687744140625,679.8900146484375,680.280029296875,181834
2026-03-03 13:33:00,680.2999877929688,680.780029296875,680.239990234375,680.6693115234375,167417
2026-03-03 13:34:00,680.6500244140625,680.72998046875,680.4500122070312,680.5599975585938,95149
2026-03-03 13:35:00,680.5499877929688,680.8699951171875,680.25,680.7000122070312,252940
2026-03-03 13:36:00,680.7100219726562,680.8599853515625,680.3099975585938,680.8599853515625,144295
2026-03-03 13:37:00,680.8800048828125,681.02001953125,680.7000122070312,680.9000244140625,160724
2026-03-03 13:38:00,680.8900146484375,681.3300170898438,680.75,681.1799926757812,220417
2026-03-03 13:39:00,681.1699829101562,681.3499755859375,681.0999755859375,681.3300170898438,187538
2026-03-03 13:40:00,681.3499755859375,681.5399780273438,681.219970703125,681.47998046875,347058
2026-03-03 13:41:00,681.489990234375,681.8699951171875,681.3900146484375,681.5399780273438,290433
2026-03-03 13:42:00,681.5499877929688,681.739990234375,681.3800048828125,681.539306640625,208724
2026-03-03 13:43:00,681.52001953125,681.6599731445312,681.1699829101562,681.489990234375,260604
2026-03-03 13:44:00,681.4849853515625,681.4849853515625,680.8599853515625,681.0850219726562,265406
2026-03-03 13:45:00,681.0999755859375,681.1470947265625,680.6500244140625,680.6500244140625,228493
2026-03-03 13:46:00,680.6699829101562,680.9400024414062,680.6400146484375,680.739990234375,121205
2026-03-03 13:47:00,680.75,680.8699951171875,680.4500122070312,680.6900024414062,118226
2026-03-03 13:48:00,680.7000122070312,680.9039916992188,680.52001953125,680.8699951171875,327771
2026-03-03 13:49:00,680.8800048828125,681.47998046875,680.8499755859375,681.4099731445312,237891
2026-03-03 13:50:00,681.4099731445312,681.7100219726562,681.2100219726562,681.7000122070312,144499
2026-03-03 13:51:00,681.7000122070312,681.9099731445312,681.5900268554688,681.8300170898438,261089
2026-03-03 13:52:00,681.8400268554688,681.8499755859375,681.47998046875,681.7100219726562,193320
2026-03-03 13:53:00,681.6950073242188,681.72998046875,681.3699951171875,681.4099731445312,175717
2026-03-03 13:54:00,681.392578125,681.6900024414062,681.2600708007812,681.4299926757812,165430
2026-03-03 13:55:00,681.4000244140625,681.4000244140625,680.9600219726562,681.0,122310
2026-03-03 13:56:00,680.969970703125,681.47998046875,680.9299926757812,681.340087890625,121411
2026-03-03 13:57:00,681.3599853515625,681.5800170898438,681.2918701171875,681.469970703125,82987
2026-03-03 13:58:00,681.5,681.5499877929688,681.3463134765625,681.39501953125,64800
2026-03-03 13:59:00,681.4000244140625,681.5,681.0999755859375,681.260009765625,103915
2026-03-03 14:00:00,681.239990234375,681.469970703125,681.0800170898438,681.219970703125,112885
2026-03-03 14:01:00,681.219970703125,681.4299926757812,681.1400146484375,681.27001953125,109885
2026-03-03 14:02:00,681.27001953125,681.2899780273438,680.77001953125,680.8400268554688,144327
2026-03-03 14:03:00,680.8400268554688,681.3900146484375,680.8201293945312,681.2050170898438,197562
2026-03-03 14:04:00,681.2100219726562,681.469970703125,681.0549926757812,681.219970703125,178454
2026-03-03 14:05:00,681.219970703125,681.3400268554688,681.0299072265625,681.1099853515625,60707
2026-03-03 14:06:00,681.1099853515625,681.135009765625,680.7000122070312,680.8200073242188,198349
2026-03-03 14:07:00,680.8300170898438,680.8300170898438,680.3400268554688,680.489990234375,134789
2026-03-03 14:08:00,680.5,680.6400146484375,680.3499755859375,680.3900146484375,162327
2026-03-03 14:09:00,680.4000244140625,680.4299926757812,679.97998046875,680.0800170898438,256075
2026-03-03 14:10:00,680.0900268554688,680.239990234375,679.7100219726562,679.9000244140625,191389
2026-03-03 14:11:00,679.9199829101562,680.3900146484375,679.6649780273438,680.3499755859375,230878
2026-03-03 14:12:00,680.3400268554688,680.3499755859375,680.0800170898438,680.0800170898438,150661
2026-03-03 14:13:00,680.0709838867188,680.469970703125,679.9299926757812,680.3900146484375,163799
2026-03-03 14:14:00,680.3699951171875,680.6699829101562,680.3300170898438,680.5800170898438,176027
2026-03-03 14:15:00,680.5900268554688,681.160888671875,680.469970703125,681.1599731445312,145499
2026-03-03 14:16:00,681.1500244140625,681.1500244140625,680.6099853515625,680.75,117608
2026-03-03 14:17:00,680.77001953125,680.9400024414062,680.6300048828125,680.8599853515625,80007
2026-03-03 14:18:00,680.8599853515625,681.0399780273438,680.8150024414062,680.8300170898438,70669
2026-03-03 14:19:00,680.8099975585938,680.97998046875,680.739990234375,680.97998046875,61224
2026-03-03 14:20:00,681.0,681.510009765625,680.969970703125,681.3300170898438,158238
2026-03-03 14:21:00,681.3300170898438,681.4600219726562,681.22998046875,681.3400268554688,76308
2026-03-03 14:22:00,681.3699951171875,681.489990234375,681.0,681.47998046875,122637
2026-03-03 14:23:00,681.469970703125,681.52001953125,681.1900024414062,681.280029296875,71309
2026-03-03 14:24:00,681.2899780273438,681.3400268554688,680.9500122070312,680.97998046875,64109
2026-03-03 14:25:00,680.9400024414062,681.0499877929688,680.719970703125,681.0499877929688,93916
2026-03-03 14:26:00,681.030029296875,681.0900268554688,680.75,680.780029296875,48549
2026-03-03 14:27:00,680.7999877929688,680.8200073242188,680.5599975585938,680.5700073242188,82723
2026-03-03 14:28:00,680.5800170898438,680.9099731445312,680.4199829101562,680.52001953125,107812
2026-03-03 14:29:00,680.52001953125,680.780029296875,680.4000244140625,680.5,90667
2026-03-03 14:30:00,680.5,680.719970703125,680.2899780273438,680.5900268554688,116621
2026-03-03 14:31:00,680.5499877929688,680.6900024414062,680.3400268554688,680.3800048828125,77385
2026-03-03 14:32:00,680.3800048828125,680.5599975585938,680.1799926757812,680.22998046875,121161
2026-03-03 14:33:00,680.239990234375,680.3499755859375,679.760009765625,679.77001953125,142817
2026-03-03 14:34:00,679.780029296875,679.8699951171875,679.4500122070312,679.6599731445312,243178
2026-03-03 14:35:00,679.6500244140625,679.6900024414062,679.2750244140625,679.4199829101562,174583
2026-03-03 14:36:00,679.4400024414062,679.8200073242188,679.4299926757812,679.760009765625,199477
2026-03-03 14:37:00,679.780029296875,681.72998046875,679.6500244140625,681.719970703125,770368
2026-03-03 14:38:00,681.7249755859375,681.8200073242188,681.0999755859375,681.1400146484375,380702
2026-03-03 14:39:00,681.1500244140625,681.22998046875,680.75,681.0,283012
2026-03-03 14:40:00,681.010009765625,681.4464721679688,680.780029296875,681.1099853515625,200313
2026-03-03 14:41:00,681.0999755859375,681.739990234375,681.030029296875,681.5499877929688,194000
2026-03-03 14:42:00,681.5181274414062,681.97998046875,681.4299926757812,681.9320068359375,195472
2026-03-03 14:43:00,681.9199829101562,681.9400024414062,681.239990234375,681.3743286132812,220810
2026-03-03 14:44:00,681.403076171875,682.0,681.3402709960938,681.9400024414062,198606
2026-03-03 14:45:00,681.9550170898438,682.4500122070312,681.8400268554688,682.22998046875,340797
2026-03-03 14:46:00,682.219970703125,682.6099853515625,682.2000122070312,682.3870239257812,383743
2026-03-03 14:47:00,682.3900146484375,682.5900268554688,682.030029296875,682.4500122070312,196888
2026-03-03 14:48:00,682.4400024414062,682.5900268554688,682.0549926757812,682.0999755859375,298702
2026-03-03 14:49:00,682.0700073242188,682.1500244140625,681.844970703125,682.030029296875,252915
2026-03-03 14:50:00,682.030029296875,682.3887939453125,681.719970703125,682.219970703125,211859
2026-03-03 14:51:00,682.2498779296875,682.4000244140625,681.8599853515625,681.989990234375,105601
2026-03-03 14:52:00,681.989013671875,682.02001953125,681.3699951171875,681.6799926757812,236844
2026-03-03 14:53:00,681.6900024414062,681.7100219726562,680.9500122070312,680.9719848632812,191328
2026-03-03 14:54:00,680.969970703125,681.5599975585938,680.8499755859375,681.4199829101562,294261
2026-03-03 14:55:00,681.4299926757812,681.530029296875,680.9400024414062,681.0399780273438,143512
2026-03-03 14:56:00,681.030029296875,681.0900268554688,680.6699829101562,680.9000244140625,162186
2026-03-03 14:57:00,680.89501953125,681.4000244140625,680.8499755859375,681.02001953125,183980
2026-03-03 14:58:00,681.030029296875,681.3099975585938,681.010009765625,681.1950073242188,75075
2026-03-03 14:59:00,681.25,681.4299926757812,681.1500244140625,681.2329711914062,78814
2026-03-03 15:00:00,681.25,681.3200073242188,680.8900146484375,680.9099731445312,213898
2026-03-03 15:01:00,680.905029296875,681.9500122070312,680.8699951171875,681.85498046875,142840
2026-03-03 15:02:00,681.8599853515625,681.9000244140625,681.0900268554688,681.2999877929688,177383
2026-03-03 15:03:00,681.3200073242188,681.4500122070312,681.1099853515625,681.2100219726562,121995
2026-03-03 15:04:00,681.219970703125,681.3400268554688,681.010009765625,681.1900024414062,114616
2026-03-03 15:05:00,681.1599731445312,681.219970703125,680.75,681.0286865234375,181085
2026-03-03 15:06:00,681.030029296875,681.1300048828125,680.75,681.1300048828125,167632
2026-03-03 15:07:00,681.125,681.5900268554688,681.0800170898438,681.3900146484375,95750
2026-03-03 15:08:00,681.3900146484375,681.4299926757812,681.1799926757812,681.4099731445312,78103
2026-03-03 15:09:00,681.4400024414062,681.5700073242188,681.2000122070312,681.47998046875,108208
2026-03-03 15:10:00,681.4600219726562,681.7000122070312,681.3599853515625,681.6699829101562,71835
2026-03-03 15:11:00,681.6699829101562,681.7899780273438,681.4600219726562,681.5700073242188,130271
2026-03-03 15:12:00,681.5800170898438,681.6199951171875,681.2000122070312,681.3099975585938,81550
2026-03-03 15:13:00,681.2999877929688,681.4600219726562,681.0599975585938,681.1199951171875,100108
2026-03-03 15:14:00,681.1199951171875,681.1900024414062,680.72998046875,680.7449951171875,313690
2026-03-03 15:15:00,680.719970703125,681.0800170898438,680.6799926757812,680.97998046875,249591
2026-03-03 15:16:00,680.9600219726562,681.0599975585938,680.3599853515625,680.3900146484375,306280
2026-03-03 15:17:00,680.3840942382812,680.5800170898438,680.2000122070312,680.25,240756
2026-03-03 15:18:00,680.260009765625,680.614990234375,680.1799926757812,680.5499877929688,155521
2026-03-03 15:19:00,680.5599975585938,680.5900268554688,680.3300170898438,680.489990234375,150147
2026-03-03 15:20:00,680.5,680.969970703125,680.47998046875,680.9199829101562,196474
2026-03-03 15:21:00,680.9099731445312,681.010009765625,680.5900268554688,680.5999755859375,106994
2026-03-03 15:22:00,680.6199951171875,680.760009765625,680.3099975585938,680.5250244140625,195517
2026-03-03 15:23:00,680.5399780273438,680.7100219726562,680.47998046875,680.52001953125,153358
2026-03-03 15:24:00,680.469970703125,680.7999877929688,680.4600219726562,680.7050170898438,152071
2026-03-03 15:25:00,680.7150268554688,680.7349853515625,680.1599731445312,680.4450073242188,134831
2026-03-03 15:26:00,680.4450073242188,680.739990234375,680.260009765625,680.6699829101562,132277
2026-03-03 15:27:00,680.6500244140625,680.7999877929688,680.6099243164062,680.6900024414062,119518
2026-03-03 15:28:00,680.7000122070312,681.3049926757812,680.7000122070312,680.8599853515625,210444
2026-03-03 15:29:00,680.8699951171875,681.2999877929688,680.8699951171875,681.0499877929688,213563
2026-03-03 15:30:00,681.0399780273438,681.219970703125,680.9299926757812,680.989990234375,133789
2026-03-03 15:31:00,681.0,681.3200073242188,681.0,681.1300048828125,109885
2026-03-03 15:32:00,681.1500244140625,681.1699829101562,680.8599853515625,680.9819946289062,175360
2026-03-03 15:33:00,681.030029296875,681.0700073242188,680.780029296875,680.8400268554688,143384
2026-03-03 15:34:00,680.8400268554688,681.0,680.77001953125,680.7999877929688,233212
2026-03-03 15:35:00,680.8099975585938,681.489990234375,680.8099975585938,681.47998046875,172628
2026-03-03 15:36:00,681.47998046875,681.510009765625,681.1300048828125,681.1400146484375,317314
2026-03-03 15:37:00,681.1300048828125,681.1799926757812,680.7050170898438,680.77001953125,162637
2026-03-03 15:38:00,680.77001953125,680.780029296875,680.52001953125,680.760009765625,122326
2026-03-03 15:39:00,680.77001953125,680.77001953125,680.2899780273438,680.5700073242188,202417
2026-03-03 15:40:00,680.5900268554688,680.8400268554688,680.5800170898438,680.5900268554688,161929
2026-03-03 15:41:00,680.5900268554688,680.625,680.2249755859375,680.27001953125,147957
2026-03-03 15:42:00,680.27001953125,680.530029296875,680.239990234375,680.385009765625,156678
2026-03-03 15:43:00,680.3900146484375,680.5700073242188,680.2000122070312,680.52001953125,183331
2026-03-03 15:44:00,680.52001953125,680.655029296875,680.3499755859375,680.4500122070312,276852
2026-03-03 15:45:00,680.4400024414062,680.77001953125,680.4099731445312,680.5399780273438,338333
2026-03-03 15:46:00,680.530029296875,680.719970703125,680.3499755859375,680.4000244140625,306945
2026-03-03 15:47:00,680.39501953125,680.489990234375,680.0,680.3900146484375,270552
2026-03-03 15:48:00,680.364990234375,680.47998046875,680.1599731445312,680.2899780273438,284227
2026-03-03 15:49:00,680.2899780273438,680.5999755859375,680.1799926757812,680.47998046875,163612
2026-03-03 15:50:00,680.469970703125,680.6400146484375,679.9199829101562,680.030029296875,387910
2026-03-03 15:51:00,680.0499877929688,680.1300048828125,679.3499755859375,679.530029296875,308482
2026-03-03 15:52:00,679.530029296875,679.6898803710938,679.2100219726562,679.3587036132812,333320
2026-03-03 15:53:00,679.3599853515625,679.77001953125,679.3200073242188,679.77001953125,309787
2026-03-03 15:54:00,679.760009765625,680.27001953125,679.6199951171875,680.0900268554688,495465
2026-03-03 15:55:00,680.0800170898438,680.3200073242188,679.8150024414062,680.030029296875,456576
2026-03-03 15:56:00,680.02001953125,680.0700073242188,679.77001953125,679.844970703125,653727
2026-03-03 15:57:00,679.8599853515625,680.1199951171875,679.7550048828125,680.0800170898438,355004
2026-03-03 15:58:00,680.0800170898438,680.2150268554688,680.010009765625,680.135009765625,419362
2026-03-03 15:59:00,680.1400146484375,680.4099731445312,679.8800048828125,680.280029296875,1449894
2026-03-04 09:30:00,681.6300048828125,683.5180053710938,681.4000244140625,682.780029296875,3499476
2026-03-04 09:31:00,682.8099975585938,683.063720703125,682.1500244140625,682.22998046875,381823
2026-03-04 09:32:00,682.239990234375,682.908203125,682.1900024414062,682.4199829101562,287178
2026-03-04 09:33:00,682.4099731445312,682.7999877929688,682.27001953125,682.6300048828125,250639
2026-03-04 09:34:00,682.6199951171875,682.9400024414062,682.4299926757812,682.7999877929688,378269
2026-03-04 09:35:00,682.8200073242188,682.9099731445312,681.1300048828125,681.4400024414062,647063
2026-03-04 09:36:00,681.510009765625,681.719970703125,680.75,680.9094848632812,332771
2026-03-04 09:37:00,680.9099731445312,681.4849853515625,680.739990234375,681.27001953125,205359
2026-03-04 09:38:00,681.2899780273438,681.6599731445312,680.9400024414062,680.97998046875,176216
2026-03-04 09:39:00,681.030029296875,681.5,680.8499755859375,680.989990234375,206963
2026-03-04 09:40:00,681.02001953125,681.0399780273438,680.3400268554688,680.5599975585938,404216
2026-03-04 09:41:00,680.5700073242188,680.77001953125,680.0599975585938,680.280029296875,208500
2026-03-04 09:42:00,680.25,680.5599975585938,680.1099853515625,680.2000122070312,159538
2026-03-04 09:43:00,680.22998046875,680.6187744140625,680.1099853515625,680.2760009765625,202165
2026-03-04 09:44:00,680.2449951171875,680.4199829101562,680.02001953125,680.2100219726562,181433
2026-03-04 09:45:00,680.2000122070312,680.219970703125,679.6199951171875,679.8900146484375,251144
2026-03-04 09:46:00,679.9299926757812,680.739990234375,679.8800048828125,680.6900024414062,237015
2026-03-04 09:47:00,680.6699829101562,681.3800048828125,680.4500122070312,680.5399780273438,227843
2026-03-04 09:48:00,680.52001953125,681.1599731445312,680.3499755859375,681.0800170898438,152497
2026-03-04 09:49:00,681.0499877929688,681.72998046875,680.780029296875,680.8599853515625,185491
2026-03-04 09:50:00,680.8599853515625,680.8900146484375,680.25,680.3499755859375,125987
2026-03-04 09:51:00,680.3800048828125,680.97998046875,680.3200073242188,680.8900146484375,180219
2026-03-04 09:52:00,680.8900146484375,681.4000244140625,680.6799926757812,681.27001953125,135519
2026-03-04 09:53:00,681.280029296875,681.7474975585938,681.280029296875,681.4901123046875,135592
2026-03-04 09:54:00,681.489990234375,681.719970703125,681.1900024414062,681.469970703125,130499
2026-03-04 09:55:00,681.5,681.5800170898438,680.7999877929688,680.8200073242188,123680
2026-03-04 09:56:00,680.8900146484375,681.280029296875,680.7999877929688,680.9708251953125,91269
2026-03-04 09:57:00,681.0,681.2249755859375,680.8599853515625,681.0150146484375,72722
2026-03-04 09:58:00,681.0,681.0700073242188,680.8800048828125,680.8900146484375,68389
2026-03-04 09:59:00,680.8800048828125,681.3800048828125,680.739990234375,681.302978515625,210414
2026-03-04 10:00:00,681.4099731445312,682.6699829101562,681.3900146484375,682.2382202148438,461158
2026-03-04 10:01:00,682.260009765625,682.5,682.0599975585938,682.3200073242188,224007
2026-03-04 10:02:00,682.3200073242188,682.469970703125,681.9000244140625,682.030029296875,197360
2026-03-04 10:03:00,682.0750122070312,682.1500244140625,680.9500122070312,681.1099853515625,256534
2026-03-04 10:04:00,681.0499877929688,681.7000122070312,680.8699951171875,681.5800170898438,169284
2026-03-04 10:05:00,681.5599975585938,682.0599975585938,681.469970703125,681.75,117977
2026-03-04 10:06:00,681.72998046875,682.35498046875,681.3699951171875,682.1900024414062,236299
2026-03-04 10:07:00,682.1799926757812,682.5800170898438,682.030029296875,682.5599975585938,118889
2026-03-04 10:08:00,682.5599975585938,683.1279907226562,682.4500122070312,683.0700073242188,203660
2026-03-04 10:09:00,683.06591796875,683.2999877929688,682.9000244140625,683.1099853515625,176527
2026-03-04 10:10:00,683.1500244140625,683.3300170898438,682.9949951171875,683.25,173973
2026-03-04 10:11:00,683.2899780273438,683.2899780273438,682.5,683.0850219726562,188612
2026-03-04 10:12:00,683.0999755859375,683.3800048828125,682.989990234375,683.3599853515625,118574
2026-03-04 10:13:00,683.3699951171875,683.719970703125,683.3099975585938,683.719970703125,190502
2026-03-04 10:14:00,683.72998046875,683.760009765625,682.8350219726562,683.239990234375,206496
2026-03-04 10:15:00,683.2100219726562,683.6099853515625,683.1500244140625,683.5900268554688,196186
2026-03-04 10:16:00,683.5800170898438,683.7999877929688,683.4299926757812,683.6649780273438,249336
2026-03-04 10:17:00,683.6599731445312,683.989990234375,683.5250244140625,683.8499755859375,279947
2026-03-04 10:18:00,683.8599853515625,684.1099853515625,683.8300170898438,683.97998046875,169381
2026-03-04 10:19:00,683.97998046875,684.52001953125,683.9299926757812,684.4500122070312,231761
2026-03-04 10:20:00,684.4600219726562,684.8200073242188,684.27001953125,684.8200073242188,350296
2026-03-04 10:21:00,684.8099975585938,685.239990234375,684.8099975585938,685.239990234375,351223
2026-03-04 10:22:00,685.219970703125,685.3699951171875,685.1099853515625,685.2999877929688,256875
2026-03-04 10:23:00,685.3049926757812,685.4600219726562,685.1699829101562,685.3201293945312,203161
2026-03-04 10:24:00,685.3200073242188,685.5700073242188,685.0499877929688,685.5349731445312,359249
2026-03-04 10:25:00,685.5250244140625,685.5599975585938,685.114990234375,685.2000122070312,287692
2026-03-04 10:26:00,685.2000122070312,685.9199829101562,685.1400146484375,685.9000244140625,281568
2026-03-04 10:27:00,685.8900146484375,686.27001953125,685.8400268554688,686.010009765625,386301
2026-03-04 10:28:00,686.010009765625,686.114990234375,685.8699951171875,686.0399780273438,246994
2026-03-04 10:29:00,686.0399780273438,686.1900024414062,685.8900146484375,686.1400146484375,352515
2026-03-04 10:30:00,686.1500244140625,686.3099975585938,685.760009765625,685.760009765625,391058
2026-03-04 10:31:00,685.760009765625,686.1900024414062,685.75,686.1649780273438,238402
2026-03-04 10:32:00,686.1599731445312,686.1699829101562,685.8300170898438,685.9000244140625,266046
2026-03-04 10:33:00,685.9000244140625,685.9199829101562,685.5549926757812,685.6300048828125,244692
2026-03-04 10:34:00,685.6300048828125,685.6699829101562,685.3499755859375,685.3699951171875,260057
2026-03-04 10:35:00,685.3699951171875,685.3798828125,685.02001953125,685.239990234375,248918
2026-03-04 10:36:00,685.22998046875,685.2999877929688,685.0,685.0999755859375,233078
2026-03-04 10:37:00,685.0999755859375,685.3875122070312,685.0349731445312,685.2249755859375,160067
2026-03-04 10:38:00,685.22998046875,685.52001953125,684.9600219726562,685.030029296875,171812
2026-03-04 10:39:00,685.030029296875,685.0300903320312,684.52001953125,684.6199951171875,253047
2026-03-04 10:40:00,684.6300048828125,684.9099731445312,684.4500122070312,684.5700073242188,246961
2026-03-04 10:41:00,684.5800170898438,684.8101196289062,684.3499755859375,684.5750122070312,214171
2026-03-04 10:42:00,684.5900268554688,684.6900024414062,684.3599853515625,684.5,224535
2026-03-04 10:43:00,684.510009765625,684.7899780273438,684.3900146484375,684.510009765625,216192
2026-03-04 10:44:00,684.52001953125,684.5800170898438,684.3599853515625,684.469970703125,210649
2026-03-04 10:45:00,684.47998046875,684.5599975585938,683.8800048828125,683.97998046875,295704
2026-03-04 10:46:00,683.989990234375,684.3800048828125,683.989990234375,684.1500244140625,170190
2026-03-04 10:47:00,684.1500244140625,684.489990234375,683.9500122070312,684.4188232421875,209343
2026-03-04 10:48:00,684.4000244140625,684.4799194335938,684.1199951171875,684.364990234375,159351
2026-03-04 10:49:00,684.3599853515625,684.6900024414062,684.2000122070312,684.5700073242188,160850
2026-03-04 10:50:00,684.5700073242188,684.9500122070312,684.3900146484375,684.8900146484375,197368
2026-03-04 10:51:00,684.8699951171875,685.0900268554688,684.739990234375,684.969970703125,182128
2026-03-04 10:52:00,684.9849853515625,684.989990234375,684.0800170898438,684.1400146484375,273330
2026-03-04 10:53:00,684.1500244140625,684.5999755859375,684.1099853515625,684.5999755859375,164417
2026-03-04 10:54:00,684.5999755859375,685.04248046875,684.5700073242188,684.9849853515625,131106
2026-03-04 10:55:00,684.9650268554688,685.4600219726562,684.9099731445312,685.280029296875,124414
2026-03-04 10:56:00,685.2849731445312,685.469970703125,685.1599731445312,685.3400268554688,140052
2026-03-04 10:57:00,685.3300170898438,685.6099853515625,685.2899780273438,685.5899047851562,160629
2026-03-04 10:58:00,685.5999755859375,685.875,685.530029296875,685.8150024414062,146805
2026-03-04 10:59:00,685.8200073242188,685.9000244140625,685.6900024414062,685.8300170898438,173093
2026-03-04 11:00:00,685.8400268554688,686.2000122070312,685.8400268554688,686.0850219726562,231215
2026-03-04 11:01:00,686.0800170898438,686.3400268554688,686.0449829101562,686.239990234375,211081
2026-03-04 11:02:00,686.260009765625,686.6099853515625,686.1699829101562,686.2999877929688,368328
2026-03-04 11:03:00,686.2999877929688,686.6400146484375,686.25,686.4949951171875,271075
2026-03-04 11:04:00,686.5,686.510009765625,686.2000122070312,686.239990234375,256725
2026-03-04 11:05:00,686.25,686.3192749023438,685.6400146484375,685.8599853515625,319801
2026-03-04 11:06:00,685.8499755859375,686.1799926757812,685.8099975585938,686.0599975585938,167055
2026-03-04 11:07:00,686.0599975585938,686.0599975585938,685.780029296875,685.8400268554688,305457
2026-03-04 11:08:00,685.8300170898438,685.85498046875,685.5999755859375,685.72998046875,127389
2026-03-04 11:09:00,685.739990234375,685.8099975585938,685.510009765625,685.6599731445312,147615
2026-03-04 11:10:00,685.6799926757812,685.719970703125,685.22998046875,685.22998046875,254560
2026-03-04 11:11:00,685.2349853515625,685.3250122070312,684.969970703125,685.010009765625,219535
2026-03-04 11:12:00,685.02001953125,685.0250244140625,684.52001953125,684.5499877929688,552485
2026-03-04 11:13:00,684.5499877929688,684.6500244140625,684.3300170898438,684.5399780273438,252471
2026-03-04 11:14:00,684.5499877929688,684.719970703125,684.3400268554688,684.5399780273438,208507
2026-03-04 11:15:00,684.5599975585938,684.780029296875,684.4500122070312,684.6699829101562,191913
2026-03-04 11:16:00,684.6649780273438,685.030029296875,684.6300048828125,685.030029296875,285185
2026-03-04 11:17:00,685.0399780273438,685.1500244140625,684.8499755859375,684.989990234375,193519
2026-03-04 11:18:00,685.0,685.030029296875,684.510009765625,684.52001953125,230610
2026-03-04 11:19:00,684.510009765625,684.6699829101562,684.2899780273438,684.530029296875,155842
2026-03-04 11:20:00,684.52001953125,684.8400268554688,684.25,684.719970703125,200866
2026-03-04 11:21:00,684.72998046875,684.9600219726562,684.5999755859375,684.7999877929688,113059
2026-03-04 11:22:00,684.8200073242188,684.8599853515625,684.3699951171875,684.510009765625,97268
2026-03-04 11:23:00,684.5399780273438,684.5499877929688,684.1900024414062,684.4299926757812,134334
2026-03-04 11:24:00,684.4110107421875,684.52001953125,684.1799926757812,684.4542846679688,154173
2026-03-04 11:25:00,684.4400024414062,685.0,684.3200073242188,684.9099731445312,175914
2026-03-04 11:26:00,684.9199829101562,685.1900024414062,684.8900146484375,685.0599975585938,304213
2026-03-04 11:27:00,685.0449829101562,685.4500122070312,684.9500122070312,685.3900146484375,142942
2026-03-04 11:28:00,685.3800048828125,685.385009765625,684.905029296875,685.22998046875,99018
2026-03-04 11:29:00,685.2100219726562,685.3120727539062,684.989990234375,685.1900024414062,100779
2026-03-04 11:30:00,685.1799926757812,685.4099731445312,685.0599975585938,685.239990234375,87567
2026-03-04 11:31:00,685.25,685.530029296875,685.1613159179688,685.4849853515625,69187
2026-03-04 11:32:00,685.489990234375,685.5650024414062,685.27001953125,685.4749755859375,81943
2026-03-04 11:33:00,685.47998046875,685.739990234375,685.47998046875,685.6799926757812,133799
2026-03-04 11:34:00,685.6900024414062,685.8400268554688,685.4801025390625,685.530029296875,131537
2026-03-04 11:35:00,685.530029296875,685.8099975585938,685.3400268554688,685.530029296875,308172
2026-03-04 11:36:00,685.530029296875,685.8400268554688,685.4299926757812,685.75,139687
2026-03-04 11:37:00,685.760009765625,685.77001953125,685.2999877929688,685.3800048828125,163207
2026-03-04 11:38:00,685.3599853515625,685.4600219726562,684.8499755859375,685.4600219726562,216892
2026-03-04 11:39:00,685.4600219726562,685.5700073242188,685.0599975585938,685.0900268554688,116770
2026-03-04 11:40:00,685.0800170898438,685.7000122070312,685.0399780273438,685.6400146484375,114254
2026-03-04 11:41:00,685.6486206054688,685.969970703125,685.5599975585938,685.969970703125,137557
2026-03-04 11:42:00,685.969970703125,686.1300048828125,685.8800048828125,686.0650024414062,170197
2026-03-04 11:43:00,686.0700073242188,686.239990234375,686.030029296875,686.1300048828125,185445
2026-03-04 11:44:00,686.1400146484375,686.2999877929688,686.010009765625,686.1300048828125,212834
2026-03-04 11:45:00,686.1400146484375,686.3499755859375,686.02001953125,686.3099975585938,197097
2026-03-04 11:46:00,686.3037719726562,686.3800048828125,686.2100219726562,686.3699951171875,187783
2026-03-04 11:47:00,686.3699951171875,686.4000244140625,686.094970703125,686.094970703125,177798
2026-03-04 11:48:00,686.094970703125,686.1699829101562,685.8599853515625,686.1599731445312,182203
2026-03-04 11:49:00,686.1699829101562,686.219970703125,686.0399780273438,686.1099853515625,110409
2026-03-04 11:50:00,686.1099853515625,686.1400146484375,685.6099853515625,685.6849975585938,308135
2026-03-04 11:51:00,685.6699829101562,685.780029296875,685.5800170898438,685.6300048828125,78384
2026-03-04 11:52:00,685.6400146484375,686.0985107421875,685.6099853515625,686.0985107421875,140002
2026-03-04 11:53:00,686.0999755859375,686.2899780273438,686.0850219726562,686.2100219726562,89570
2026-03-04 11:54:00,686.2000122070312,686.280029296875,686.0499877929688,686.0750122070312,112480
2026-03-04 11:55:00,686.0800170898438,686.280029296875,686.010009765625,686.2000122070312,78027
2026-03-04 11:56:00,686.2000122070312,686.2000122070312,685.8699951171875,685.927490234375,88880
2026-03-04 11:57:00,685.9301147460938,685.97998046875,685.739990234375,685.7999877929688,77412
2026-03-04 11:58:00,685.8099975585938,685.9299926757812,685.780029296875,685.864990234375,81364
2026-03-04 11:59:00,685.8699951171875,685.8800048828125,685.6799926757812,685.780029296875,158643
2026-03-04 12:00:00,685.7949829101562,685.8300170898438,685.530029296875,685.8300170898438,137836
2026-03-04 12:01:00,685.8300170898438,686.0800170898438,685.77001953125,685.97998046875,79975
2026-03-04 12:02:00,686.0,686.125,685.8800048828125,686.1099853515625,80863
2026-03-04 12:03:00,686.0999755859375,686.3099975585938,686.0399780273438,686.25,108082
2026-03-04 12:04:00,686.2449951171875,686.3101196289062,686.155029296875,686.27001953125,99934
2026-03-04 12:05:00,686.27001953125,686.3599853515625,686.1799926757812,686.2349853515625,135787
2026-03-04 12:06:00,686.2349853515625,686.27001953125,686.1550903320312,686.172119140625,76841
2026-03-04 12:07:00,686.1699829101562,686.2750244140625,685.9249877929688,686.0,153771
2026-03-04 12:08:00,685.989990234375,686.0700073242188,685.8599853515625,686.030029296875,109735
2026-03-04 12:09:00,686.02001953125,686.22998046875,685.8699951171875,686.0850219726562,87658
2026-03-04 12:10:00,686.0999755859375,686.2899780273438,686.0399780273438,686.1799926757812,70445
2026-03-04 12:11:00,686.1699829101562,686.3150024414062,686.0399780273438,686.2399291992188,78463
2026-03-04 12:12:00,686.22998046875,686.239990234375,685.989990234375,686.1199951171875,84092
2026-03-04 12:13:00,686.134521484375,686.1900024414062,686.0599975585938,686.1099853515625,48931
2026-03-04 12:14:00,686.1099853515625,686.1699829101562,685.989990234375,686.0399780273438,81019
2026-03-04 12:15:00,686.0399780273438,686.0549926757812,685.8104858398438,685.989990234375,116871
2026-03-04 12:16:00,686.010009765625,686.1400146484375,685.9299926757812,686.0800170898438,88901
2026-03-04 12:17:00,686.0700073242188,686.1400146484375,686.0,686.0499877929688,80223
2026-03-04 12:18:00,686.0800170898438,686.0800170898438,685.8099975585938,685.9600219726562,106067
2026-03-04 12:19:00,685.9500122070312,686.0050048828125,685.8400268554688,685.9400024414062,73661
2026-03-04 12:20:00,685.9199829101562,686.1400146484375,685.7899780273438,685.8200073242188,133635
2026-03-04 12:21:00,685.8200073242188,685.9000244140625,685.5900268554688,685.614990234375,114449
2026-03-04 12:22:00,685.5999755859375,685.6212768554688,685.3800048828125,685.4500122070312,160345
2026-03-04 12:23:00,685.4600219726562,685.72998046875,685.4500122070312,685.510009765625,96827
2026-03-04 12:24:00,685.5050048828125,685.7999877929688,685.489990234375,685.7999877929688,467270
2026-03-04 12:25:00,685.7899780273438,686.0999755859375,685.739990234375,685.9000244140625,147384
2026-03-04 12:26:00,685.9000244140625,685.969970703125,685.7661743164062,685.9299926757812,76898
2026-03-04 12:27:00,685.9400024414062,685.9400024414062,685.5650024414062,685.5650024414062,71698
2026-03-04 12:28:00,685.5700073242188,685.719970703125,685.5399780273438,685.5900268554688,95045
2026-03-04 12:29:00,685.5999755859375,685.6099853515625,685.3099975585938,685.3250122070312,106828
2026-03-04 12:30:00,685.3499755859375,685.4600219726562,685.0499877929688,685.0900268554688,165288
2026-03-04 12:31:00,685.0900268554688,685.1099853515625,684.7899780273438,684.97998046875,176787
2026-03-04 12:32:00,684.9500122070312,684.969970703125,684.5999755859375,684.7000122070312,215728
2026-03-04 12:33:00,684.7100219726562,685.2949829101562,684.5800170898438,685.27001953125,222204
2026-03-04 12:34:00,685.260009765625,685.52001953125,685.1909790039062,685.4500122070312,126018
2026-03-04 12:35:00,685.469970703125,685.7999877929688,685.4600219726562,685.625,91110
2026-03-04 12:36:00,685.6300048828125,685.8599853515625,685.5599975585938,685.739990234375,72908
2026-03-04 12:37:00,685.739990234375,685.739990234375,685.4500122070312,685.47998046875,63289
2026-03-04 12:38:00,685.489990234375,685.6900024414062,685.3099975585938,685.6900024414062,83748
2026-03-04 12:39:00,685.7000122070312,686.0999755859375,685.6699829101562,686.0399780273438,219562
2026-03-04 12:40:00,686.0499877929688,686.219970703125,685.989990234375,686.2000122070312,112648
2026-03-04 12:41:00,686.1799926757812,686.2000122070312,685.9099731445312,686.010009765625,107959
2026-03-04 12:42:00,686.010009765625,686.02001953125,685.6900024414062,685.7100219726562,97678
2026-03-04 12:43:00,685.7249755859375,685.8200073242188,685.5601196289062,685.8200073242188,84038
2026-03-04 12:44:00,685.7949829101562,685.8800048828125,685.6799926757812,685.8099975585938,432176
2026-03-04 12:45:00,685.7899780273438,685.989990234375,685.760009765625,685.9000244140625,330299
2026-03-04 12:46:00,685.89501953125,686.1300048828125,685.8800048828125,685.97998046875,197773
2026-03-04 12:47:00,686.0,686.0800170898438,685.9099731445312,686.0750122070312,52113
2026-03-04 12:48:00,686.0800170898438,686.0900268554688,685.97998046875,686.0599975585938,48765
2026-03-04 12:49:00,686.0800170898438,686.0900268554688,685.9000244140625,685.9299926757812,71798
2026-03-04 12:50:00,685.9400024414062,686.0700073242188,685.8800048828125,685.97998046875,52284
2026-03-04 12:51:00,685.969970703125,686.1600952148438,685.8800048828125,685.8800048828125,58082
2026-03-04 12:52:00,685.8900146484375,685.9600219726562,685.7899780273438,685.9199829101562,46712
2026-03-04 12:53:00,685.8900146484375,686.3800048828125,685.8699951171875,686.3200073242188,126514
2026-03-04 12:54:00,686.3200073242188,686.4199829101562,686.1638793945312,686.3200073242188,143769
2026-03-04 12:55:00,686.3300170898438,686.3300170898438,686.0800170898438,686.1500244140625,117577
2026-03-04 12:56:00,686.1599731445312,686.1599731445312,685.9000244140625,686.010009765625,104260
2026-03-04 12:57:00,686.010009765625,686.0499877929688,685.9099731445312,686.0,90821
2026-03-04 12:58:00,686.02001953125,686.4199829101562,685.989990234375,686.4000244140625,66771
2026-03-04 12:59:00,686.405029296875,686.4058227539062,686.1799926757812,686.1900024414062,84830
2026-03-04 13:00:00,686.2000122070312,686.489990234375,686.1400146484375,686.4199829101562,151474
2026-03-04 13:01:00,686.4199829101562,686.4199829101562,686.2349853515625,686.3090209960938,80078
2026-03-04 13:02:00,686.2899780273438,686.2899780273438,686.10498046875,686.219970703125,124497
2026-03-04 13:03:00,686.219970703125,686.27001953125,686.1099853515625,686.219970703125,84557
2026-03-04 13:04:00,686.219970703125,686.22998046875,685.9500122070312,686.0,177819
2026-03-04 13:05:00,686.0,686.1799926757812,685.7750244140625,686.0499877929688,139131
2026-03-04 13:06:00,686.0499877929688,686.1099853515625,685.8499755859375,685.89501953125,101692
2026-03-04 13:07:00,685.9000244140625,686.3900146484375,685.8300170898438,686.3900146484375,106637
2026-03-04 13:08:00,686.4000244140625,686.4199829101562,686.2899780273438,686.3099975585938,87937
2026-03-04 13:09:00,686.3099975585938,686.385009765625,686.2100219726562,686.239990234375,56314
2026-03-04 13:10:00,686.2550048828125,686.280029296875,686.1325073242188,686.22998046875,95668
2026-03-04 13:11:00,686.2349853515625,686.2349853515625,686.0599975585938,686.1300048828125,99157
2026-03-04 13:12:00,686.1300048828125,686.3499755859375,686.1300048828125,686.2249755859375,62847
2026-03-04 13:13:00,686.22998046875,686.2999877929688,686.010009765625,686.1699829101562,100345
2026-03-04 13:14:00,686.1599731445312,686.1599731445312,685.8399047851562,685.9349975585938,125063
2026-03-04 13:15:00,685.9299926757812,685.9600219726562,685.8099975585938,685.8099975585938,97634
2026-03-04 13:16:00,685.8499755859375,685.97998046875,685.77001953125,685.9400024414062,102477
2026-03-04 13:17:00,685.9400024414062,685.9500122070312,685.6799926757812,685.8400268554688,72944
2026-03-04 13:18:00,685.8499755859375,685.89501953125,685.6400146484375,685.75,96770
2026-03-04 13:19:00,685.75,685.8150024414062,685.6099853515625,685.6099853515625,124016
2026-03-04 13:20:00,685.5999755859375,685.72998046875,685.3800048828125,685.5399780273438,166518
2026-03-04 13:21:00,685.530029296875,685.760009765625,685.4400024414062,685.72998046875,123652
2026-03-04 13:22:00,685.719970703125,685.8499755859375,685.6599731445312,685.6799926757812,99315
2026-03-04 13:23:00,685.6699829101562,685.85498046875,685.6300048828125,685.85498046875,84159
2026-03-04 13:24:00,685.8599853515625,685.9299926757812,685.5599975585938,685.6099853515625,112337
2026-03-04 13:25:00,685.6199951171875,685.7000122070312,685.530029296875,685.5599975585938,87704
2026-03-04 13:26:00,685.5700073242188,685.9099731445312,685.510009765625,685.8800048828125,70838
2026-03-04 13:27:00,685.8699951171875,686.0800170898438,685.8400268554688,686.0800170898438,107242
2026-03-04 13:28:00,686.0900268554688,686.0999755859375,685.969970703125,686.030029296875,50426
2026-03-04 13:29:00,686.02001953125,686.1599731445312,686.0,686.10498046875,62306
2026-03-04 13:30:00,686.1099853515625,686.489990234375,686.0999755859375,686.4400024414062,139699
2026-03-04 13:31:00,686.4400024414062,686.4400024414062,686.22998046875,686.3599853515625,63057
2026-03-04 13:32:00,686.3699951171875,686.7100219726562,686.3699951171875,686.5999755859375,255485
2026-03-04 13:33:00,686.5999755859375,686.6400146484375,686.4199829101562,686.5,94297
2026-03-04 13:34:00,686.5,686.530029296875,686.2999877929688,686.3499755859375,93017
2026-03-04 13:35:00,686.3485107421875,686.5900268554688,686.3200073242188,686.5700073242188,82065
2026-03-04 13:36:00,686.5700073242188,686.639404296875,686.4299926757812,686.510009765625,62080
2026-03-04 13:37:00,686.52001953125,686.6801147460938,686.5150146484375,686.6599731445312,72196
2026-03-04 13:38:00,686.6599731445312,686.6599731445312,686.3800048828125,686.5599975585938,85186
2026-03-04 13:39:00,686.5800170898438,686.5800170898438,686.385009765625,686.385009765625,81307
2026-03-04 13:40:00,686.375,686.5700073242188,686.364990234375,686.5599975585938,64508
2026-03-04 13:41:00,686.5599975585938,686.6199951171875,686.4400024414062,686.5399780273438,76359
2026-03-04 13:42:00,686.5399780273438,686.72998046875,686.510009765625,686.6649780273438,84268
2026-03-04 13:43:00,686.6599731445312,686.7899780273438,686.6300048828125,686.6599731445312,134439
2026-03-04 13:44:00,686.6699829101562,686.7100219726562,686.530029296875,686.5399780273438,70536
2026-03-04 13:45:00,686.5499877929688,686.760009765625,686.5499877929688,686.6599731445312,87233
2026-03-04 13:46:00,686.6699829101562,686.6799926757812,686.3400268554688,686.4000244140625,156559
2026-03-04 13:47:00,686.3900146484375,686.6099853515625,686.3300170898438,686.4949951171875,83923
2026-03-04 13:48:00,686.489990234375,686.5449829101562,686.260009765625,686.489990234375,88894
2026-03-04 13:49:00,686.47998046875,686.77001953125,686.4199829101562,686.739990234375,54713
2026-03-04 13:50:00,686.739990234375,686.8300170898438,686.6749877929688,686.8099975585938,79024
2026-03-04 13:51:00,686.7999877929688,686.8499755859375,686.75,686.77001953125,65836
2026-03-04 13:52:00,686.760009765625,686.8300170898438,686.6599731445312,686.77001953125,76541
2026-03-04 13:53:00,686.780029296875,686.8699951171875,686.72998046875,686.77001953125,52351
2026-03-04 13:54:00,686.760009765625,686.7899780273438,686.5900268554688,686.6199951171875,86019
2026-03-04 13:55:00,686.6199951171875,686.6300048828125,686.4600219726562,686.489990234375,122616
2026-03-04 13:56:00,686.489990234375,686.530029296875,686.3350219726562,686.3599853515625,105433
2026-03-04 13:57:00,686.3599853515625,686.3900146484375,686.239990234375,686.280029296875,205745
2026-03-04 13:58:00,686.280029296875,686.4299926757812,686.2000122070312,686.280029296875,94827
2026-03-04 13:59:00,686.280029296875,686.5800170898438,686.260009765625,686.5449829101562,113070
2026-03-04 14:00:00,686.5499877929688,686.6500244140625,686.3900146484375,686.489990234375,85445
2026-03-04 14:01:00,686.489990234375,686.760009765625,686.4400024414062,686.7349853515625,93502
2026-03-04 14:02:00,686.739990234375,686.8099975585938,686.6799926757812,686.75,110658
2026-03-04 14:03:00,686.75,686.7999877929688,686.6699829101562,686.780029296875,87334
2026-03-04 14:04:00,686.77001953125,686.9099731445312,686.77001953125,686.8201293945312,96162
2026-03-04 14:05:00,686.8300170898438,686.8499755859375,686.6599731445312,686.6799926757812,82389
2026-03-04 14:06:00,686.6900024414062,686.75,686.6099853515625,686.6699829101562,66324
2026-03-04 14:07:00,686.6624755859375,686.8800048828125,686.6624755859375,686.7949829101562,76002
2026-03-04 14:08:00,686.8099975585938,686.8499755859375,686.730224609375,686.780029296875,60418
2026-03-04 14:09:00,686.7849731445312,686.7999877929688,686.7098999023438,686.72998046875,55686
2026-03-04 14:10:00,686.7294921875,686.875,686.7050170898438,686.7100219726562,89959
2026-03-04 14:11:00,686.7100219726562,686.7849731445312,686.6599731445312,686.760009765625,61562
2026-03-04 14:12:00,686.77001953125,686.8599853515625,686.760009765625,686.7849731445312,69083
2026-03-04 14:13:00,686.7899780273438,686.9500122070312,686.70849609375,686.8994750976562,56078
2026-03-04 14:14:00,686.9000244140625,686.9199829101562,686.7849731445312,686.8350219726562,60896
2026-03-04 14:15:00,686.8400268554688,686.9400024414062,686.8300170898438,686.9299926757812,41168
2026-03-04 14:16:00,686.9299926757812,686.9400024414062,686.72998046875,686.8499755859375,78904
2026-03-04 14:17:00,686.8499755859375,686.9600219726562,686.7899780273438,686.9199829101562,113172
2026-03-04 14:18:00,686.9099731445312,686.9500122070312,686.844970703125,686.864990234375,62915
2026-03-04 14:19:00,686.8699951171875,686.8800048828125,686.77001953125,686.7949829101562,69173
2026-03-04 14:20:00,686.7899780273438,686.8200073242188,686.6699829101562,686.7650146484375,103350
2026-03-04 14:21:00,686.760009765625,686.8150024414062,686.7150268554688,686.760009765625,41587
2026-03-04 14:22:00,686.75,686.760009765625,686.6099853515625,686.6400146484375,56457
2026-03-04 14:23:00,686.6699829101562,686.75,686.6300048828125,686.719970703125,48828
2026-03-04 14:24:00,686.719970703125,686.9099731445312,686.719970703125,686.840087890625,58545
2026-03-04 14:25:00,686.844970703125,686.8599853515625,686.75,686.77001953125,90014
2026-03-04 14:26:00,686.77001953125,686.780029296875,686.4700927734375,686.510009765625,97183
2026-03-04 14:27:00,686.5050048828125,686.6900024414062,686.4705810546875,686.6461181640625,96296
2026-03-04 14:28:00,686.6500244140625,686.6799926757812,686.5900268554688,686.6599731445312,67667
2026-03-04 14:29:00,686.6599731445312,686.7064819335938,686.5900268554688,686.5999755859375,44562
2026-03-04 14:30:00,686.6099853515625,686.75,686.5800170898438,686.6500244140625,59099
2026-03-04 14:31:00,686.6500244140625,686.8099975585938,686.6400146484375,686.77001953125,62668
2026-03-04 14:32:00,686.7750244140625,686.8099975585938,686.5900268554688,686.6300048828125,79876
2026-03-04 14:33:00,686.6300048828125,686.6400146484375,686.5050048828125,686.5999755859375,96503
2026-03-04 14:34:00,686.5900268554688,686.6099853515625,686.4450073242188,686.52001953125,119757
2026-03-04 14:35:00,686.510009765625,686.75,686.4949951171875,686.7100219726562,108144
2026-03-04 14:36:00,686.7100219726562,686.77001953125,686.5999755859375,686.625,68382
2026-03-04 14:37:00,686.6300048828125,686.72998046875,686.5399780273438,686.6199951171875,112106
2026-03-04 14:38:00,686.6199951171875,686.7100219726562,686.6099853515625,686.6500244140625,78941
2026-03-04 14:39:00,686.6500244140625,686.8800048828125,686.6300048828125,686.864990234375,135982
2026-03-04 14:40:00,686.8800048828125,686.9400024414062,686.780029296875,686.8200073242188,100263
2026-03-04 14:41:00,686.8099975585938,686.875,686.780029296875,686.8200073242188,64554
2026-03-04 14:42:00,686.8300170898438,686.8900146484375,686.7899169921875,686.8599853515625,74381
2026-03-04 14:43:00,686.8499755859375,686.8699951171875,686.510009765625,686.530029296875,140070
2026-03-04 14:44:00,686.5399780273438,686.7000122070312,686.5349731445312,686.6799926757812,81882
2026-03-04 14:45:00,686.6900024414062,686.8400268554688,686.6849975585938,686.8300170898438,93202
2026-03-04 14:46:00,686.8400268554688,686.8499755859375,686.6799926757812,686.6900024414062,71607
2026-03-04 14:47:00,686.6900024414062,686.6900024414062,686.5,686.6300048828125,128336
2026-03-04 14:48:00,686.625,686.8300170898438,686.614990234375,686.7750244140625,76843
2026-03-04 14:49:00,686.780029296875,686.8499755859375,686.75,686.836181640625,80889
2026-03-04 14:50:00,686.8400268554688,687.0499877929688,686.7901000976562,686.9849853515625,146780
2026-03-04 14:51:00,686.97998046875,687.030029296875,686.9099731445312,686.969970703125,76995
2026-03-04 14:52:00,686.969970703125,687.02001953125,686.8699951171875,686.9998779296875,79340
2026-03-04 14:53:00,686.9901733398438,687.0900268554688,686.969970703125,687.0599975585938,120046
2026-03-04 14:54:00,687.0599975585938,687.0800170898438,686.969970703125,687.0,56058
2026-03-04 14:55:00,686.9949951171875,687.0,686.8400268554688,686.880126953125,100943
2026-03-04 14:56:00,686.8800048828125,686.8900146484375,686.739990234375,686.7899780273438,91473
2026-03-04 14:57:00,686.7994995117188,686.85009765625,686.7550048828125,686.8350219726562,38979
2026-03-04 14:58:00,686.8300170898438,686.9099731445312,686.7999877929688,686.8400268554688,67123
2026-03-04 14:59:00,686.8400268554688,686.9000244140625,686.760009765625,686.8099975585938,73571
2026-03-04 15:00:00,686.8150024414062,686.97998046875,686.6599731445312,686.7000122070312,101916
2026-03-04 15:01:00,686.7000122070312,686.989990234375,686.6900024414062,686.9199829101562,140757
2026-03-04 15:02:00,686.9199829101562,687.0050048828125,686.8801879882812,686.9299926757812,142718
2026-03-04 15:03:00,686.9249877929688,686.9749755859375,686.8099975585938,686.9299926757812,68059
2026-03-04 15:04:00,686.9299926757812,686.9500122070312,686.885009765625,686.9099731445312,42301
2026-03-04 15:05:00,686.9199829101562,686.989990234375,686.780029296875,686.7899780273438,88702
2026-03-04 15:06:00,686.7999877929688,686.8300170898438,686.6699829101562,686.719970703125,86494
2026-03-04 15:07:00,686.72998046875,686.72998046875,686.3699951171875,686.4099731445312,138149
2026-03-04 15:08:00,686.4199829101562,686.4500122070312,686.35498046875,686.4000244140625,120331
2026-03-04 15:09:00,686.4099731445312,686.5599975585938,686.3699951171875,686.489990234375,112447
2026-03-04 15:10:00,686.489990234375,686.489990234375,686.1015014648438,686.2249755859375,164861
2026-03-04 15:11:00,686.2249755859375,686.3599853515625,686.2000122070312,686.2000122070312,85574
2026-03-04 15:12:00,686.219970703125,686.27001953125,686.0750122070312,686.22998046875,149897
2026-03-04 15:13:00,686.219970703125,686.2899169921875,686.1199951171875,686.2000122070312,126769
2026-03-04 15:14:00,686.2000122070312,686.22998046875,686.1199951171875,686.2000122070312,86734
2026-03-04 15:15:00,686.2000122070312,686.2100219726562,685.9400024414062,686.0900268554688,386134
2026-03-04 15:16:00,686.0750122070312,686.2999877929688,686.0750122070312,686.2899780273438,248807
2026-03-04 15:17:00,686.280029296875,686.280029296875,686.0050048828125,686.1099853515625,100499
2026-03-04 15:18:00,686.114990234375,686.125,685.969970703125,685.9918823242188,97650
2026-03-04 15:19:00,685.989990234375,686.0499267578125,685.9249877929688,685.9550170898438,85243
2026-03-04 15:20:00,685.947998046875,686.0700073242188,685.8599853515625,685.9299926757812,185122
2026-03-04 15:21:00,685.9199829101562,685.9249877929688,685.4749755859375,685.5598754882812,224389
2026-03-04 15:22:00,685.5599975585938,685.8400268554688,685.5,685.8098754882812,199311
2026-03-04 15:23:00,685.8150024414062,685.8699951171875,685.6799926757812,685.6799926757812,130328
2026-03-04 15:24:00,685.6799926757812,685.8198852539062,685.6699829101562,685.75,92785
2026-03-04 15:25:00,685.739990234375,686.0607299804688,685.739990234375,685.9307250976562,173906
2026-03-04 15:26:00,685.9349975585938,686.02001953125,685.8150024414062,685.989990234375,182274
2026-03-04 15:27:00,685.989990234375,686.0549926757812,685.8699951171875,686.0399780273438,185463
2026-03-04 15:28:00,686.030029296875,686.2000122070312,685.9500122070312,686.114990234375,172723
2026-03-04 15:29:00,686.1099853515625,686.280029296875,686.0999755859375,686.22998046875,108365
2026-03-04 15:30:00,686.239990234375,686.3798217773438,686.1400146484375,686.22998046875,150548
2026-03-04 15:31:00,686.219970703125,686.239990234375,685.97998046875,686.125,185127
2026-03-04 15:32:00,686.1199951171875,686.125,685.9299926757812,686.0050048828125,138262
2026-03-04 15:33:00,686.0150146484375,686.198974609375,686.010009765625,686.0700073242188,126436
2026-03-04 15:34:00,686.0800170898438,686.1400146484375,685.9600219726562,685.9899291992188,103720
2026-03-04 15:35:00,685.9849853515625,686.1400146484375,685.9400024414062,686.0800170898438,90789
2026-03-04 15:36:00,686.0700073242188,686.1699829101562,686.030029296875,686.0999755859375,111831
2026-03-04 15:37:00,686.0999755859375,686.2849731445312,686.0499877929688,686.2750244140625,145780
2026-03-04 15:38:00,686.27001953125,686.3599853515625,686.114990234375,686.2999877929688,127861
2026-03-04 15:39:00,686.2899780273438,686.2899780273438,686.125,686.1599731445312,156888
2026-03-04 15:40:00,686.1500244140625,686.2750244140625,686.0599975585938,686.25,173908
2026-03-04 15:41:00,686.25,686.4199829101562,686.2000122070312,686.3300170898438,153845
2026-03-04 15:42:00,686.3200073242188,686.530029296875,686.2899780273438,686.4998779296875,191309
2026-03-04 15:43:00,686.4949951171875,686.5800170898438,686.4099731445312,686.4962158203125,167204
2026-03-04 15:44:00,686.5,686.6300048828125,686.4949951171875,686.5050048828125,156525
2026-03-04 15:45:00,686.5,686.6199951171875,686.4099731445312,686.5900268554688,171630
2026-03-04 15:46:00,686.5999755859375,686.614990234375,686.3099975585938,686.3200073242188,184932
2026-03-04 15:47:00,686.3150024414062,686.5,686.3099975585938,686.3599853515625,174167
2026-03-04 15:48:00,686.35498046875,686.469970703125,686.35498046875,686.4000244140625,172823
2026-03-04 15:49:00,686.3900146484375,686.39501953125,686.25,686.3200073242188,438141
2026-03-04 15:50:00,686.3200073242188,686.3250122070312,685.3599853515625,685.52001953125,911407
2026-03-04 15:51:00,685.5250244140625,685.719970703125,685.47998046875,685.619873046875,404118
2026-03-04 15:52:00,685.6099853515625,685.75,685.5399780273438,685.72998046875,338598
2026-03-04 15:53:00,685.7349853515625,685.8499755859375,685.6400146484375,685.739990234375,353345
2026-03-04 15:54:00,685.739990234375,686.1099853515625,685.719970703125,685.97998046875,635005
2026-03-04 15:55:00,685.97998046875,686.0349731445312,685.739990234375,685.9400024414062,915964
2026-03-04 15:56:00,685.9299926757812,686.1849975585938,685.7999877929688,685.8200073242188,425311
2026-03-04 15:57:00,685.8200073242188,685.8400268554688,685.6699829101562,685.8200073242188,696040
2026-03-04 15:58:00,685.8099975585938,685.8150024414062,685.64501953125,685.6500244140625,952183
2026-03-04 15:59:00,685.6400146484375,685.6599731445312,685.1599731445312,685.1599731445312,2230385
2026-03-05 09:30:00,682.0800170898438,682.72998046875,681.8499755859375,682.489990234375,2992494
2026-03-05 09:31:00,682.5,683.030029296875,682.4500122070312,683.010009765625,357406
2026-03-05 09:32:00,683.010009765625,683.47998046875,682.7999877929688,683.3300170898438,260897
2026-03-05 09:33:00,683.3599853515625,683.7999877929688,683.1224975585938,683.7750244140625,265021
2026-03-05 09:34:00,683.77001953125,684.1500244140625,683.7100219726562,684.1300048828125,254251
2026-03-05 09:35:00,684.1300048828125,684.4400024414062,683.8699951171875,684.1300048828125,372522
2026-03-05 09:36:00,684.1199951171875,684.3300170898438,683.8300170898438,684.0650024414062,274721
2026-03-05 09:37:00,684.0599975585938,684.27001953125,683.77001953125,684.073974609375,230369
2026-03-05 09:38:00,684.0800170898438,684.4500122070312,683.9099731445312,683.989990234375,202038
2026-03-05 09:39:00,683.989990234375,683.989990234375,683.0900268554688,683.6799926757812,402367
2026-03-05 09:40:00,683.6699829101562,683.72998046875,682.8300170898438,683.0,259780
2026-03-05 09:41:00,683.0,683.6900024414062,682.9600219726562,683.2100219726562,226885
2026-03-05 09:42:00,683.219970703125,683.72998046875,682.97998046875,683.114990234375,437820
2026-03-05 09:43:00,683.1099853515625,683.239990234375,682.4299926757812,682.719970703125,281412
2026-03-05 09:44:00,682.7000122070312,682.8338012695312,682.47998046875,682.6900024414062,182140
2026-03-05 09:45:00,682.7100219726562,682.719970703125,682.1599731445312,682.3099975585938,266350
2026-03-05 09:46:00,682.3099975585938,682.7000122070312,682.2899780273438,682.4796142578125,220535
2026-03-05 09:47:00,682.4598999023438,683.3499755859375,682.4099731445312,683.3099975585938,258098
2026-03-05 09:48:00,683.3099975585938,683.72998046875,683.0999755859375,683.5900268554688,340883
2026-03-05 09:49:00,683.6199951171875,683.77001953125,682.6900024414062,682.8109741210938,251595
2026-03-05 09:50:00,682.8099975585938,683.4600219726562,682.5900268554688,683.3599853515625,179753
2026-03-05 09:51:00,683.3499755859375,683.8800048828125,683.3200073242188,683.8350219726562,278510
2026-03-05 09:52:00,683.85498046875,683.885009765625,683.4099731445312,683.4500122070312,207356
2026-03-05 09:53:00,683.4500122070312,683.72998046875,683.0499877929688,683.6500244140625,142380
2026-03-05 09:54:00,683.6500244140625,683.9299926757812,683.510009765625,683.8599853515625,136657
2026-03-05 09:55:00,683.8400268554688,684.0150146484375,683.5900268554688,683.8300170898438,332838
2026-03-05 09:56:00,683.77001953125,683.9398803710938,683.6199951171875,683.8699951171875,240731
2026-03-05 09:57:00,683.8800048828125,684.5999755859375,683.8599853515625,684.5499877929688,228215
2026-03-05 09:58:00,684.5499877929688,685.030029296875,684.52001953125,684.989990234375,384735
2026-03-05 09:59:00,685.0,685.1011962890625,684.760009765625,685.0999755859375,201260
2026-03-05 10:00:00,685.0900268554688,685.5291748046875,685.0,685.4801025390625,533998
2026-03-05 10:01:00,685.489990234375,685.530029296875,684.8099975585938,684.9000244140625,433600
2026-03-05 10:02:00,684.9099731445312,685.0999755859375,684.75,685.0150146484375,223655
2026-03-05 10:03:00,685.030029296875,685.0449829101562,684.4099731445312,684.4500122070312,220586
2026-03-05 10:04:00,684.4500122070312,684.6500244140625,684.1900024414062,684.25,178942
2026-03-05 10:05:00,684.25,684.3400268554688,683.9099731445312,684.0900268554688,331823
2026-03-05 10:06:00,684.0999755859375,684.259521484375,683.8599853515625,683.9400024414062,165251
2026-03-05 10:07:00,683.9400024414062,684.22998046875,683.22998046875,683.375,270677
2026-03-05 10:08:00,683.3900146484375,683.4400024414062,682.9149780273438,682.9299926757812,229297
2026-03-05 10:09:00,682.9400024414062,683.5700073242188,682.89501953125,683.52001953125,256153
2026-03-05 10:10:00,683.530029296875,684.1400146484375,683.47998046875,683.6900024414062,644217
2026-03-05 10:11:00,683.6799926757812,683.9099731445312,683.0900268554688,683.1099853515625,344274
2026-03-05 10:12:00,683.0800170898438,683.6599731445312,683.0499877929688,683.5999755859375,389794
2026-03-05 10:13:00,683.5900268554688,684.2000122070312,683.4000244140625,684.1099853515625,174524
2026-03-05 10:14:00,684.1500244140625,684.39990234375,683.9400024414062,684.2888793945312,187231
2026-03-05 10:15:00,684.2999877929688,684.3499755859375,683.8900146484375,684.0700073242188,133112
2026-03-05 10:16:00,684.0599975585938,684.2000122070312,683.219970703125,683.3400268554688,214055
2026-03-05 10:17:00,683.3400268554688,683.5,683.1300048828125,683.3099975585938,219042
2026-03-05 10:18:00,683.3499755859375,683.3599853515625,682.8499755859375,683.280029296875,219885
2026-03-05 10:19:00,683.25,683.25,682.739990234375,682.840087890625,158125
2026-03-05 10:20:00,682.8400268554688,682.8499755859375,682.4199829101562,682.6199951171875,149515
2026-03-05 10:21:00,682.6199951171875,682.77001953125,682.3099975585938,682.364990234375,295514
2026-03-05 10:22:00,682.3599853515625,682.4199829101562,681.6599731445312,682.0198974609375,337424
2026-03-05 10:23:00,682.0,682.1300048828125,681.75,681.7999877929688,197871
2026-03-05 10:24:00,681.7949829101562,681.7949829101562,681.0399780273438,681.0399780273438,418579
2026-03-05 10:25:00,681.0449829101562,681.3400268554688,680.9000244140625,681.125,639834
2026-03-05 10:26:00,681.1300048828125,681.469970703125,680.989990234375,680.989990234375,212211
2026-03-05 10:27:00,680.989990234375,681.2899780273438,680.6699829101562,680.8275146484375,393509
2026-03-05 10:28:00,680.8150024414062,680.9000244140625,680.344970703125,680.344970703125,380889
2026-03-05 10:29:00,680.3400268554688,680.8250122070312,680.3300170898438,680.8200073242188,491741
2026-03-05 10:30:00,680.8300170898438,680.8699951171875,679.5700073242188,679.719970703125,922726
2026-03-05 10:31:00,679.7100219726562,679.8400268554688,679.4400024414062,679.5184936523438,395151
2026-03-05 10:32:00,679.5,679.8599853515625,679.3200073242188,679.719970703125,424768
2026-03-05 10:33:00,679.7100219726562,680.3400268554688,679.6300048828125,680.22998046875,436194
2026-03-05 10:34:00,680.239990234375,680.3200073242188,679.8800048828125,680.1799926757812,251814
2026-03-05 10:35:00,680.1799926757812,680.25,679.8300170898438,679.9998779296875,267530
2026-03-05 10:36:00,680.02001953125,680.6500244140625,680.02001953125,680.0700073242188,369841
2026-03-05 10:37:00,680.0900268554688,680.72998046875,680.0900268554688,680.47998046875,220898
2026-03-05 10:38:00,680.47998046875,680.9199829101562,680.2999877929688,680.9000244140625,338752
2026-03-05 10:39:00,680.90087890625,681.1600952148438,680.7000122070312,681.0700073242188,242915
2026-03-05 10:40:00,681.1199951171875,681.8099975585938,681.119873046875,681.3099975585938,320080
2026-03-05 10:41:00,681.3400268554688,681.5900268554688,681.1900024414062,681.5800170898438,193033
2026-03-05 10:42:00,681.5900268554688,681.7205810546875,681.2249755859375,681.3900146484375,159921
2026-03-05 10:43:00,681.3800048828125,681.530029296875,680.8900146484375,681.030029296875,242140
2026-03-05 10:44:00,681.010009765625,681.2849731445312,680.8900146484375,681.22998046875,101607
2026-03-05 10:45:00,681.2100219726562,681.6699829101562,681.1400146484375,681.489990234375,153074
2026-03-05 10:46:00,681.489990234375,681.5399780273438,681.1199951171875,681.4697875976562,103097
2026-03-05 10:47:00,681.4598999023438,681.7999877929688,681.4199829101562,681.739990234375,122983
2026-03-05 10:48:00,681.719970703125,682.0499877929688,681.530029296875,681.6799926757812,193645
2026-03-05 10:49:00,681.6699829101562,681.6900024414062,681.1599731445312,681.27001953125,144552
2026-03-05 10:50:00,681.2899780273438,682.2000122070312,681.1799926757812,682.1900024414062,267675
2026-03-05 10:51:00,682.1599731445312,682.2999877929688,681.989990234375,682.2000122070312,155416
2026-03-05 10:52:00,682.2150268554688,682.3499755859375,681.9500122070312,682.0999755859375,148504
2026-03-05 10:53:00,682.0900268554688,682.530029296875,682.0499877929688,682.3599853515625,174904
2026-03-05 10:54:00,682.3599853515625,682.5800170898438,682.1099853515625,682.1099853515625,220038
2026-03-05 10:55:00,682.1099853515625,682.260009765625,681.7399291992188,682.0,200354
2026-03-05 10:56:00,682.0,682.0399780273438,681.2899780273438,681.4199829101562,220672
2026-03-05 10:57:00,681.4099731445312,681.8200073242188,681.3699951171875,681.6500244140625,164098
2026-03-05 10:58:00,681.6300048828125,681.7899780273438,681.4400024414062,681.7612915039062,97055
2026-03-05 10:59:00,681.7637939453125,682.1300048828125,681.6599731445312,682.1099853515625,186238
2026-03-05 11:00:00,682.0999755859375,682.3599853515625,681.989990234375,682.1300048828125,137572
2026-03-05 11:01:00,682.1500244140625,682.280029296875,681.6199951171875,681.8900146484375,178325
2026-03-05 11:02:00,681.9000244140625,681.9299926757812,681.4000244140625,681.510009765625,168923
2026-03-05 11:03:00,681.489990234375,681.75,681.1900024414062,681.22998046875,254268
2026-03-05 11:04:00,681.219970703125,681.3599853515625,680.8099975585938,680.8499755859375,228652
2026-03-05 11:05:00,680.8099975585938,681.14501953125,680.8049926757812,680.8900146484375,166279
2026-03-05 11:06:00,680.8900146484375,680.9299926757812,680.5900268554688,680.7750244140625,198851
2026-03-05 11:07:00,680.77001953125,680.8200073242188,680.4299926757812,680.489990234375,309917
2026-03-05 11:08:00,680.47998046875,680.5,680.1300048828125,680.25,236698
2026-03-05 11:09:00,680.2550048828125,680.3800048828125,680.0650024414062,680.1099853515625,202329
2026-03-05 11:10:00,680.0900268554688,680.1320190429688,679.6199951171875,679.6300048828125,378263
2026-03-05 11:11:00,679.6300048828125,679.63037109375,679.1500244140625,679.4199829101562,424325
2026-03-05 11:12:00,679.4099731445312,679.5700073242188,679.2449951171875,679.47998046875,174254
2026-03-05 11:13:00,679.489990234375,680.3499755859375,679.260009765625,680.1900024414062,446077
2026-03-05 11:14:00,680.2050170898438,680.3051147460938,679.6824951171875,679.8099975585938,207360
2026-03-05 11:15:00,679.7999877929688,680.1799926757812,679.4299926757812,679.510009765625,214548
2026-03-05 11:16:00,679.5,679.9099731445312,679.3499755859375,679.4199829101562,1770401
2026-03-05 11:17:00,679.4600219726562,679.47998046875,679.1500244140625,679.2100219726562,201120
2026-03-05 11:18:00,679.2100219726562,679.7999877929688,679.010009765625,679.6599731445312,276608
2026-03-05 11:19:00,679.6599731445312,679.72998046875,679.0900268554688,679.14501953125,282810
2026-03-05 11:20:00,679.1500244140625,679.5999755859375,679.1099853515625,679.3400268554688,198659
2026-03-05 11:21:00,679.3499755859375,679.6400146484375,679.2100219726562,679.5399780273438,206673
2026-03-05 11:22:00,679.52001953125,680.2999877929688,679.4500122070312,680.239990234375,320411
2026-03-05 11:23:00,680.2503051757812,680.3099975585938,679.37060546875,679.4400024414062,273031
2026-03-05 11:24:00,679.4400024414062,679.9000244140625,679.3599853515625,679.72998046875,238304
2026-03-05 11:25:00,679.6849975585938,680.0499877929688,679.4099731445312,679.9299926757812,200998
2026-03-05 11:26:00,679.9299926757812,680.1500244140625,679.6799926757812,679.760009765625,119810
2026-03-05 11:27:00,679.780029296875,680.1199951171875,679.780029296875,679.9500122070312,110714
2026-03-05 11:28:00,679.9400024414062,680.1699829101562,679.469970703125,679.6300048828125,252523
2026-03-05 11:29:00,679.6199951171875,679.625,679.4600219726562,679.5349731445312,195024
2026-03-05 11:30:00,679.530029296875,679.9199829101562,679.4600219726562,679.8499755859375,277314
2026-03-05 11:31:00,679.8599853515625,680.530029296875,679.8200073242188,680.4500122070312,293992
2026-03-05 11:32:00,680.4400024414062,680.6400146484375,680.2899780273438,680.56298828125,211363
2026-03-05 11:33:00,680.5650024414062,680.7899169921875,680.5,680.5900268554688,174427
2026-03-05 11:34:00,680.5800170898438,680.6199951171875,679.7999877929688,680.0999755859375,319313
2026-03-05 11:35:00,680.1199951171875,680.3599243164062,679.9299926757812,680.1199951171875,186916
2026-03-05 11:36:00,680.1400146484375,680.510009765625,680.114990234375,680.2349243164062,223662
2026-03-05 11:37:00,680.22998046875,680.6849975585938,680.1599731445312,680.6599731445312,195149
2026-03-05 11:38:00,680.6500244140625,680.77001953125,680.4299926757812,680.5499877929688,208950
2026-03-05 11:39:00,680.5499877929688,680.9550170898438,680.3699951171875,680.5800170898438,220000
2026-03-05 11:40:00,680.5700073242188,681.0399780273438,680.5700073242188,680.8300170898438,221489
2026-03-05 11:41:00,680.8599853515625,680.8699951171875,680.1199951171875,680.2000122070312,210031
2026-03-05 11:42:00,680.2000122070312,680.3599853515625,679.8599853515625,679.9849853515625,202171
2026-03-05 11:43:00,679.989990234375,680.260009765625,679.9299926757812,680.1799926757812,201597
2026-03-05 11:44:00,680.1699829101562,680.4199829101562,680.1500244140625,680.219970703125,130612
2026-03-05 11:45:00,680.239990234375,681.0,680.2150268554688,680.9600219726562,168727
2026-03-05 11:46:00,680.9500122070312,681.1900024414062,680.5900268554688,680.8800048828125,173052
2026-03-05 11:47:00,680.8499755859375,681.1500244140625,680.7100219726562,681.010009765625,131944
2026-03-05 11:48:00,681.010009765625,681.1400146484375,680.7899780273438,680.8200073242188,134631
2026-03-05 11:49:00,680.8200073242188,680.8800048828125,680.4349975585938,680.6699829101562,154926
2026-03-05 11:50:00,680.6599731445312,680.97998046875,680.5999755859375,680.8800048828125,129883
2026-03-05 11:51:00,680.8800048828125,680.8900146484375,680.2449951171875,680.25,174067
2026-03-05 11:52:00,680.25,680.6849975585938,680.25,680.594970703125,123891
2026-03-05 11:53:00,680.6099853515625,680.8300170898438,680.4650268554688,680.52001953125,138972
2026-03-05 11:54:00,680.52001953125,681.02001953125,680.510009765625,680.9000244140625,143449
2026-03-05 11:55:00,680.8800048828125,681.1599731445312,680.8200073242188,681.0806884765625,171513
2026-03-05 11:56:00,681.0798950195312,681.2999877929688,681.0001220703125,681.1099853515625,186691
2026-03-05 11:57:00,681.1300048828125,681.3499755859375,681.1199951171875,681.1900024414062,184687
2026-03-05 11:58:00,681.1799926757812,681.22998046875,680.9000244140625,680.969970703125,154821
2026-03-05 11:59:00,680.989013671875,681.25,680.9099731445312,681.0599975585938,128006
2026-03-05 12:00:00,681.0549926757812,681.22998046875,680.8300170898438,681.0999755859375,103330
2026-03-05 12:01:00,681.0900268554688,681.3200073242188,681.0499877929688,681.2266235351562,113144
2026-03-05 12:02:00,681.219970703125,681.47998046875,681.219970703125,681.344970703125,153839
2026-03-05 12:03:00,681.3400268554688,681.8300170898438,681.280029296875,681.7650146484375,231823
2026-03-05 12:04:00,681.780029296875,682.4000244140625,681.780029296875,682.3300170898438,304942
2026-03-05 12:05:00,682.3300170898438,682.4000244140625,682.041015625,682.239990234375,253455
2026-03-05 12:06:00,682.2349853515625,682.4199829101562,681.8099975585938,681.8699951171875,186461
2026-03-05 12:07:00,681.8599853515625,681.8599853515625,681.0399780273438,681.1799926757812,300800
2026-03-05 12:08:00,681.1400146484375,681.52001953125,681.1199951171875,681.510009765625,109695
2026-03-05 12:09:00,681.5,681.5349731445312,680.969970703125,681.010009765625,189087
2026-03-05 12:10:00,680.969970703125,680.97998046875,680.1699829101562,680.1900024414062,255520
2026-03-05 12:11:00,680.2000122070312,680.6099853515625,680.2000122070312,680.5700073242188,165181
2026-03-05 12:12:00,680.5700073242188,681.0800170898438,680.4600219726562,680.969970703125,125132
2026-03-05 12:13:00,680.969970703125,681.1400146484375,680.25,680.5750122070312,185519
2026-03-05 12:14:00,680.5700073242188,680.75,680.489990234375,680.5499877929688,81934
2026-03-05 12:15:00,680.5399780273438,680.5800170898438,679.9400024414062,679.9873046875,122935
2026-03-05 12:16:00,679.989990234375,680.2999877929688,679.64501953125,679.719970703125,167351
2026-03-05 12:17:00,679.7000122070312,679.8599853515625,679.5700073242188,679.7100219726562,134054
2026-03-05 12:18:00,679.7000122070312,679.72998046875,679.5,679.5599975585938,123192
2026-03-05 12:19:00,679.5399780273438,679.5800170898438,679.1697998046875,679.2999877929688,190930
2026-03-05 12:20:00,679.2999877929688,679.6500244140625,679.25,679.280029296875,176809
2026-03-05 12:21:00,679.280029296875,679.3200073242188,678.9400024414062,678.989990234375,200326
2026-03-05 12:22:00,678.989990234375,679.4000244140625,678.989990234375,679.2999877929688,175593
2026-03-05 12:23:00,679.3099975585938,679.4400024414062,679.1799926757812,679.339111328125,113349
2026-03-05 12:24:00,679.3300170898438,679.6699829101562,679.280029296875,679.4000244140625,145429
2026-03-05 12:25:00,679.4099731445312,679.510009765625,679.1599731445312,679.3400268554688,173350
2026-03-05 12:26:00,679.3099975585938,679.3099975585938,678.7100219726562,679.22998046875,277092
2026-03-05 12:27:00,679.239990234375,679.4462280273438,679.1099853515625,679.1600952148438,80180
2026-03-05 12:28:00,679.1599731445312,679.6599731445312,679.0599975585938,679.1400146484375,173937
2026-03-05 12:29:00,679.1599731445312,679.260009765625,678.489990234375,678.510009765625,372564
2026-03-05 12:30:00,678.510009765625,678.8049926757812,678.3900146484375,678.47998046875,419681
2026-03-05 12:31:00,678.4600219726562,678.489990234375,677.6099853515625,677.6500244140625,481408
2026-03-05 12:32:00,677.6699829101562,677.72998046875,677.2899780273438,677.47998046875,252528
2026-03-05 12:33:00,677.469970703125,677.72998046875,677.2899780273438,677.3900146484375,346516
2026-03-05 12:34:00,677.4099731445312,677.47998046875,677.239990234375,677.3400268554688,172352
2026-03-05 12:35:00,677.3200073242188,677.6500244140625,677.25,677.2849731445312,241837
2026-03-05 12:36:00,677.260009765625,677.5399780273438,677.1900024414062,677.219970703125,173890
2026-03-05 12:37:00,677.2100219726562,678.5499877929688,677.0800170898438,678.52001953125,651905
2026-03-05 12:38:00,678.5599975585938,678.6199951171875,677.9600219726562,678.030029296875,463755
2026-03-05 12:39:00,678.02001953125,678.280029296875,677.8099975585938,678.010009765625,239690
2026-03-05 12:40:00,678.010009765625,678.4199829101562,677.8200073242188,678.22998046875,186680
2026-03-05 12:41:00,678.239990234375,678.239990234375,677.3099975585938,677.3300170898438,205723
2026-03-05 12:42:00,677.3200073242188,677.3900146484375,677.1099853515625,677.219970703125,191492
2026-03-05 12:43:00,677.2100219726562,677.8400268554688,677.0999755859375,677.280029296875,199324
2026-03-05 12:44:00,677.280029296875,677.5,676.9500122070312,677.27001953125,258618
2026-03-05 12:45:00,677.260009765625,677.2999877929688,676.8599853515625,676.97998046875,175070
2026-03-05 12:46:00,676.969970703125,677.1599731445312,676.8400268554688,677.010009765625,201548
2026-03-05 12:47:00,677.0,677.22998046875,676.8800048828125,677.0399780273438,172920
2026-03-05 12:48:00,677.0399780273438,677.239990234375,676.5999755859375,676.77001953125,213418
2026-03-05 12:49:00,676.77001953125,677.0,676.2999877929688,676.4650268554688,257224
2026-03-05 12:50:00,676.4600219726562,676.5700073242188,676.10498046875,676.219970703125,174384
2026-03-05 12:51:00,676.219970703125,676.8800048828125,676.1300048828125,676.6599731445312,283664
2026-03-05 12:52:00,676.6699829101562,677.3699951171875,676.5800170898438,677.2999877929688,365493
2026-03-05 12:53:00,677.3200073242188,677.3200073242188,676.8599853515625,676.9199829101562,327139
2026-03-05 12:54:00,676.9199829101562,676.9199829101562,676.3499755859375,676.469970703125,206583
2026-03-05 12:55:00,676.4600219726562,676.4600219726562,676.030029296875,676.219970703125,276439
2026-03-05 12:56:00,676.25,676.5,676.1599731445312,676.4600219726562,182855
2026-03-05 12:57:00,676.4630126953125,676.780029296875,676.4000244140625,676.6099853515625,221289
2026-03-05 12:58:00,676.6400146484375,676.780029296875,676.3499755859375,676.485107421875,178037
2026-03-05 12:59:00,676.489990234375,676.75,676.4312133789062,676.4600219726562,225900
2026-03-05 13:00:00,676.4500122070312,676.7999877929688,676.3099975585938,676.6201171875,281050
2026-03-05 13:01:00,676.6500244140625,676.9600219726562,676.4099731445312,676.8300170898438,216999
2026-03-05 13:02:00,676.7899780273438,676.969970703125,676.47998046875,676.5349731445312,216615
2026-03-05 13:03:00,676.5499877929688,676.8599853515625,676.5399780273438,676.8400268554688,148099
2026-03-05 13:04:00,676.8599853515625,677.1801147460938,676.760009765625,677.0900268554688,185684
2026-03-05 13:05:00,677.0599975585938,677.3900146484375,676.7999877929688,677.2269897460938,218177
2026-03-05 13:06:00,677.239990234375,677.5549926757812,676.9605102539062,677.1950073242188,235749
2026-03-05 13:07:00,677.1799926757812,677.7750244140625,677.1500244140625,677.7680053710938,160905
2026-03-05 13:08:00,677.77001953125,677.9099731445312,677.5800170898438,677.6749877929688,193196
2026-03-05 13:09:00,677.6799926757812,677.8300170898438,677.4199829101562,677.7899780273438,133131
2026-03-05 13:10:00,677.7999877929688,677.9650268554688,677.5499877929688,677.864990234375,104455
2026-03-05 13:11:00,677.8499755859375,677.8699951171875,677.4000244140625,677.4099731445312,148005
2026-03-05 13:12:00,677.4099731445312,677.8900146484375,677.2899780273438,677.8300170898438,153981
2026-03-05 13:13:00,677.8350219726562,678.1849975585938,677.719970703125,678.1849975585938,150531
2026-03-05 13:14:00,678.1849975585938,678.260009765625,678.02001953125,678.02001953125,125533
2026-03-05 13:15:00,678.010009765625,678.2249755859375,677.6699829101562,677.7979736328125,163626
2026-03-05 13:16:00,677.7999877929688,677.8884887695312,677.5800170898438,677.6500244140625,114933
2026-03-05 13:17:00,677.6300048828125,677.6900024414062,677.4400024414062,677.4400024414062,96363
2026-03-05 13:18:00,677.4600219726562,677.6900024414062,677.0598754882812,677.0999755859375,148919
2026-03-05 13:19:00,677.1099853515625,677.1199951171875,676.2901000976562,676.3800048828125,208633
2026-03-05 13:20:00,676.3900146484375,676.77001953125,676.3900146484375,676.52001953125,138813
2026-03-05 13:21:00,676.530029296875,676.8200073242188,676.3599853515625,676.6500244140625,165986
2026-03-05 13:22:00,676.6500244140625,677.3726196289062,676.6387939453125,677.2000122070312,153676
2026-03-05 13:23:00,677.1699829101562,677.3200073242188,676.97998046875,677.030029296875,86852
2026-03-05 13:24:00,677.0,677.0499877929688,676.780029296875,676.9299926757812,123444
2026-03-05 13:25:00,676.9299926757812,677.0,676.4400024414062,676.4400024414062,128384
2026-03-05 13:26:00,676.4299926757812,676.469970703125,676.0700073242188,676.1099853515625,174414
2026-03-05 13:27:00,676.1400146484375,676.4000244140625,675.9000244140625,676.2849731445312,214394
2026-03-05 13:28:00,676.2999877929688,676.52001953125,676.110107421875,676.1699829101562,169981
2026-03-05 13:29:00,676.1699829101562,676.4600219726562,676.02001953125,676.2999877929688,101488
2026-03-05 13:30:00,676.280029296875,677.02880859375,676.25,676.469970703125,196097
2026-03-05 13:31:00,676.4598999023438,676.6099853515625,676.1400146484375,676.5900268554688,122314
2026-03-05 13:32:00,676.5800170898438,676.6500244140625,676.02001953125,676.10498046875,74150
2026-03-05 13:33:00,676.1099853515625,676.4000244140625,675.8200073242188,676.3699951171875,148248
2026-03-05 13:34:00,676.4000244140625,676.5700073242188,676.2100219726562,676.369873046875,113701
2026-03-05 13:35:00,676.3499755859375,676.8699951171875,676.3400268554688,676.6699829101562,135591
2026-03-05 13:36:00,676.6599731445312,676.6900024414062,676.2899780273438,676.2899780273438,150345
2026-03-05 13:37:00,676.280029296875,676.614990234375,676.2301025390625,676.5798950195312,115310
2026-03-05 13:38:00,676.5700073242188,676.989990234375,676.5700073242188,676.9099731445312,168896
2026-03-05 13:39:00,676.9199829101562,677.030029296875,676.6900024414062,676.7000122070312,111238
2026-03-05 13:40:00,676.75,677.3150024414062,676.7000122070312,677.260009765625,110702
2026-03-05 13:41:00,677.27001953125,677.4400024414062,677.1699829101562,677.219970703125,138699
2026-03-05 13:42:00,677.2000122070312,677.739990234375,677.2000122070312,677.6799926757812,144192
2026-03-05 13:43:00,677.6799926757812,677.9600219726562,677.3200073242188,677.52001953125,259633
2026-03-05 13:44:00,677.5499877929688,677.8400268554688,677.489990234375,677.7899780273438,87827
2026-03-05 13:45:00,677.7899780273438,677.8499755859375,676.97998046875,677.0,214821
2026-03-05 13:46:00,676.989990234375,677.469970703125,676.719970703125,677.3699951171875,198086
2026-03-05 13:47:00,677.3800048828125,677.510009765625,677.2899780273438,677.3599853515625,80012
2026-03-05 13:48:00,677.3599853515625,677.4199829101562,676.9099731445312,677.0,102197
2026-03-05 13:49:00,676.989990234375,677.010009765625,676.6900024414062,676.905029296875,89169
2026-03-05 13:50:00,676.8900146484375,676.9199829101562,676.4600219726562,676.469970703125,152021
2026-03-05 13:51:00,676.47998046875,676.6500244140625,676.0900268554688,676.0999755859375,113051
2026-03-05 13:52:00,676.0599975585938,676.3099975585938,675.969970703125,676.3099975585938,118553
2026-03-05 13:53:00,676.2999877929688,676.4000244140625,676.1500244140625,676.2999877929688,96119
2026-03-05 13:54:00,676.2899780273438,676.47998046875,675.9400024414062,676.0700073242188,141763
2026-03-05 13:55:00,676.0599975585938,676.3300170898438,676.0599975585938,676.3200073242188,105005
2026-03-05 13:56:00,676.3300170898438,676.5700073242188,676.239990234375,676.280029296875,115083
2026-03-05 13:57:00,676.280029296875,676.7891845703125,676.260009765625,676.635009765625,117369
2026-03-05 13:58:00,676.6400146484375,677.0150146484375,676.4987182617188,676.530029296875,198691
2026-03-05 13:59:00,676.5499877929688,676.6699829101562,676.4801025390625,676.6199951171875,87123
2026-03-05 14:00:00,676.5999755859375,676.8699951171875,676.3800048828125,676.8200073242188,140775
2026-03-05 14:01:00,676.8300170898438,677.1199951171875,676.6799926757812,676.8200073242188,183648
2026-03-05 14:02:00,676.8200073242188,677.0900268554688,676.6699829101562,677.0175170898438,114255
2026-03-05 14:03:00,676.97998046875,677.0499877929688,676.6300048828125,676.7000122070312,175341
2026-03-05 14:04:00,676.7100219726562,677.02001953125,676.5,676.75,351687
2026-03-05 14:05:00,676.7598876953125,677.2000122070312,676.72998046875,677.1199951171875,240758
2026-03-05 14:06:00,677.0999755859375,677.3250122070312,676.8699951171875,676.8699951171875,117146
2026-03-05 14:07:00,676.8900146484375,677.2000122070312,676.8499755859375,677.0399780273438,81385
2026-03-05 14:08:00,677.0599975585938,677.1099853515625,676.719970703125,676.9000244140625,98909
2026-03-05 14:09:00,676.9199829101562,677.0399780273438,676.8099975585938,676.9600219726562,60080
2026-03-05 14:10:00,676.9600219726562,677.0599975585938,676.72998046875,676.8499755859375,67573
2026-03-05 14:11:00,676.8499755859375,677.0700073242188,676.719970703125,676.75,95983
2026-03-05 14:12:00,676.75,677.02001953125,676.5800170898438,676.9299926757812,84983
2026-03-05 14:13:00,676.9500122070312,677.4000244140625,676.9299926757812,677.3900146484375,97753
2026-03-05 14:14:00,677.3900146484375,677.4500122070312,677.2100219726562,677.3400268554688,96604
2026-03-05 14:15:00,677.3200073242188,677.3699951171875,676.9199829101562,676.9600219726562,120572
2026-03-05 14:16:00,676.9600219726562,677.0800170898438,676.75,676.75,93173
2026-03-05 14:17:00,676.773193359375,677.0700073242188,676.6593017578125,676.9099731445312,136901
2026-03-05 14:18:00,676.9400024414062,677.3099975585938,676.8900146484375,677.010009765625,139956
2026-03-05 14:19:00,677.030029296875,677.3900146484375,676.969970703125,677.3200073242188,102514
2026-03-05 14:20:00,677.3300170898438,677.7899780273438,677.260009765625,677.27001953125,222887
2026-03-05 14:21:00,677.280029296875,677.530029296875,677.1199951171875,677.3699951171875,109782
2026-03-05 14:22:00,677.3699951171875,677.4400024414062,677.010009765625,677.02001953125,90766
2026-03-05 14:23:00,677.0,677.3499755859375,676.8300170898438,677.219970703125,48799
2026-03-05 14:24:00,677.239990234375,677.3800048828125,677.1099853515625,677.2100219726562,90835
2026-03-05 14:25:00,677.2100219726562,677.4149780273438,676.4400024414062,676.4400024414062,177703
2026-03-05 14:26:00,676.4400024414062,676.7100219726562,676.2899780273438,676.530029296875,464428
2026-03-05 14:27:00,676.52001953125,676.6699829101562,676.3200073242188,676.47998046875,129915
2026-03-05 14:28:00,676.469970703125,676.75,676.4600219726562,676.510009765625,76928
2026-03-05 14:29:00,676.530029296875,676.8099975585938,676.469970703125,676.6699829101562,111378
2026-03-05 14:30:00,676.6699829101562,676.6699829101562,675.9299926757812,675.9600219726562,234296
2026-03-05 14:31:00,675.969970703125,676.2000122070312,675.8350219726562,676.1400146484375,282445
2026-03-05 14:32:00,676.1400146484375,676.1599731445312,675.6099853515625,675.8599853515625,215704
2026-03-05 14:33:00,675.9000244140625,676.1400146484375,675.6799926757812,676.0,185045
2026-03-05 14:34:00,676.010009765625,676.1699829101562,675.8800048828125,675.989990234375,100731
2026-03-05 14:35:00,675.989990234375,676.2100219726562,675.8900146484375,675.9000244140625,127210
2026-03-05 14:36:00,675.9199829101562,675.989990234375,675.719970703125,675.7999877929688,136881
2026-03-05 14:37:00,675.8099975585938,676.0,675.6699829101562,675.9500122070312,104002
2026-03-05 14:38:00,675.97998046875,676.3699951171875,675.97998046875,676.27001953125,194961
2026-03-05 14:39:00,676.239990234375,676.3699951171875,676.0499877929688,676.3150024414062,135321
2026-03-05 14:40:00,676.3200073242188,676.6300048828125,676.2899780273438,676.4600219726562,149888
2026-03-05 14:41:00,676.4600219726562,676.9199829101562,676.4600219726562,676.7999877929688,208201
2026-03-05 14:42:00,676.8099975585938,677.010009765625,676.5700073242188,676.9249877929688,150306
2026-03-05 14:43:00,676.9199829101562,677.0299072265625,676.6900024414062,676.760009765625,86603
2026-03-05 14:44:00,676.760009765625,677.0499877929688,676.6950073242188,677.0385131835938,62138
2026-03-05 14:45:00,677.010009765625,677.0700073242188,676.5599975585938,676.969970703125,183204
2026-03-05 14:46:00,676.969970703125,677.25,676.9299926757812,677.2009887695312,86450
2026-03-05 14:47:00,677.159912109375,677.2100219726562,676.9600219726562,677.1099853515625,64057
2026-03-05 14:48:00,677.0900268554688,677.3599853515625,677.0900268554688,677.2999877929688,86918
2026-03-05 14:49:00,677.3099975585938,677.4949951171875,677.219970703125,677.280029296875,137463
2026-03-05 14:50:00,677.3099975585938,677.72998046875,677.27001953125,677.4879760742188,129766
2026-03-05 14:51:00,677.489990234375,677.5399780273438,677.1849975585938,677.2000122070312,106914
2026-03-05 14:52:00,677.22998046875,677.3499145507812,676.9000244140625,677.27001953125,140418
2026-03-05 14:53:00,677.260009765625,677.3099975585938,677.1199951171875,677.280029296875,81560
2026-03-05 14:54:00,677.2999877929688,677.4099731445312,676.7158813476562,676.72998046875,173510
2026-03-05 14:55:00,676.7000122070312,676.8099975585938,676.4500122070312,676.6749877929688,188515
2026-03-05 14:56:00,676.6599731445312,677.0,676.5999755859375,676.8499755859375,198751
2026-03-05 14:57:00,676.8800048828125,677.27001953125,676.8800048828125,677.1749877929688,119369
2026-03-05 14:58:00,677.1400146484375,677.2249755859375,676.9400024414062,677.1400146484375,93150
2026-03-05 14:59:00,677.1599731445312,677.2100219726562,676.989990234375,677.0900268554688,98510
2026-03-05 15:00:00,677.0700073242188,677.1799926757812,676.8699951171875,677.02001953125,131018
2026-03-05 15:01:00,677.0200805664062,677.25,676.8699951171875,677.0599975585938,100942
2026-03-05 15:02:00,677.0700073242188,677.27001953125,676.9299926757812,677.030029296875,80959
2026-03-05 15:03:00,677.030029296875,677.030029296875,676.489990234375,676.6500244140625,171971
2026-03-05 15:04:00,676.6599731445312,678.1500244140625,676.3900146484375,677.9600830078125,808948
2026-03-05 15:05:00,677.9450073242188,678.0,677.2100219726562,677.3250122070312,374069
2026-03-05 15:06:00,677.2899780273438,677.469970703125,676.780029296875,677.27001953125,205450
2026-03-05 15:07:00,677.27001953125,677.7000122070312,677.1400146484375,677.1500244140625,183223
2026-03-05 15:08:00,677.1900024414062,678.4000244140625,677.114990234375,678.3599853515625,295097
2026-03-05 15:09:00,678.3599853515625,678.469970703125,677.989990234375,678.25,364436
2026-03-05 15:10:00,678.2550048828125,678.9199829101562,678.1699829101562,678.9000244140625,381810
2026-03-05 15:11:00,678.9000244140625,679.0900268554688,678.5599975585938,678.6400146484375,340729
2026-03-05 15:12:00,678.6400146484375,679.0800170898438,678.5399780273438,678.5399780273438,313576
2026-03-05 15:13:00,678.530029296875,678.8499755859375,678.4000244140625,678.7100219726562,177529
2026-03-05 15:14:00,678.719970703125,678.9293823242188,678.530029296875,678.8150024414062,154852
2026-03-05 15:15:00,678.8300170898438,679.1400146484375,678.469970703125,678.489990234375,231056
2026-03-05 15:16:00,678.489990234375,678.7899780273438,678.3900146484375,678.7100219726562,272111
2026-03-05 15:17:00,678.719970703125,678.9000244140625,678.5800170898438,678.6900024414062,279398
2026-03-05 15:18:00,678.7000122070312,679.3800048828125,678.7000122070312,679.344970703125,500869
2026-03-05 15:19:00,679.3599853515625,679.4600219726562,679.0750122070312,679.1199951171875,256067
2026-03-05 15:20:00,679.1199951171875,679.3400268554688,678.8699951171875,678.9400024414062,214996
2026-03-05 15:21:00,678.9299926757812,679.469970703125,678.9099731445312,679.4099731445312,191012
2026-03-05 15:22:00,679.4100952148438,679.5700073242188,679.2550048828125,679.4400024414062,394994
2026-03-05 15:23:00,679.4600219726562,679.8369140625,679.4500122070312,679.7999877929688,258528
2026-03-05 15:24:00,679.7899780273438,679.8200073242188,679.5599975585938,679.8200073242188,205227
2026-03-05 15:25:00,679.8200073242188,680.4600219726562,679.8099975585938,680.2100219726562,445032
2026-03-05 15:26:00,680.219970703125,680.4600219726562,680.1199951171875,680.3099975585938,289380
2026-03-05 15:27:00,680.2899780273438,680.3699951171875,679.8900146484375,679.9000244140625,247403
2026-03-05 15:28:00,679.8900146484375,680.0601196289062,679.7100219726562,679.739990234375,329602
2026-03-05 15:29:00,679.760009765625,679.760009765625,679.3920288085938,679.4600219726562,240926
2026-03-05 15:30:00,679.469970703125,679.6500244140625,679.1699829101562,679.60009765625,520716
2026-03-05 15:31:00,679.6099853515625,679.8800048828125,679.5599975585938,679.7899780273438,143134
2026-03-05 15:32:00,679.7899780273438,680.1749877929688,679.77001953125,680.1300048828125,144963
2026-03-05 15:33:00,680.125,680.14501953125,679.614990234375,680.0,191581
2026-03-05 15:34:00,680.010009765625,680.1799926757812,679.9099731445312,680.0499877929688,111072
2026-03-05 15:35:00,680.0399780273438,680.25,679.989990234375,680.1649780273438,148673
2026-03-05 15:36:00,680.1799926757812,680.280029296875,679.9967041015625,680.1099853515625,153910
2026-03-05 15:37:00,680.0999755859375,680.3300170898438,680.0800170898438,680.3200073242188,153564
2026-03-05 15:38:00,680.3200073242188,680.47998046875,680.2999877929688,680.4299926757812,199204
2026-03-05 15:39:00,680.4199829101562,680.4450073242188,679.8800048828125,680.0399780273438,218651
2026-03-05 15:40:00,680.0499877929688,680.1599731445312,679.89501953125,680.0499877929688,252665
2026-03-05 15:41:00,680.0499877929688,680.155029296875,679.77001953125,679.9199829101562,189157
2026-03-05 15:42:00,679.9199829101562,680.1500244140625,679.885009765625,680.0499877929688,185210
2026-03-05 15:43:00,680.0499877929688,680.0999755859375,679.6699829101562,679.7999877929688,248918
2026-03-05 15:44:00,679.7899780273438,680.02001953125,679.5900268554688,679.97998046875,239202
2026-03-05 15:45:00,679.97998046875,680.22998046875,679.6599731445312,679.760009765625,248768
2026-03-05 15:46:00,679.780029296875,679.8400268554688,679.4099731445312,679.6400146484375,274676
2026-03-05 15:47:00,679.6400146484375,679.77001953125,679.4199829101562,679.6500244140625,213930
2026-03-05 15:48:00,679.6599731445312,680.3099975585938,679.5900268554688,680.260009765625,274587
2026-03-05 15:49:00,680.280029296875,680.52001953125,680.1849975585938,680.5108032226562,334675
2026-03-05 15:50:00,680.52001953125,681.1799926757812,680.47998046875,680.72998046875,935195
2026-03-05 15:51:00,680.719970703125,680.9199829101562,680.3250122070312,680.6599731445312,883036
2026-03-05 15:52:00,680.6300048828125,681.0,680.5499877929688,681.0,620513
2026-03-05 15:53:00,681.0,681.1199951171875,680.8300170898438,681.02001953125,778271
2026-03-05 15:54:00,681.010009765625,681.4400024414062,680.8099975585938,681.3599853515625,895825
2026-03-05 15:55:00,681.3599853515625,681.4600219726562,680.969970703125,681.030029296875,951129
2026-03-05 15:56:00,681.030029296875,681.4400024414062,680.9600219726562,681.2899780273438,809128
2026-03-05 15:57:00,681.280029296875,681.72998046875,681.1599731445312,681.625,1535057
2026-03-05 15:58:00,681.6500244140625,681.7100219726562,681.5,681.54248046875,1415418
2026-03-05 15:59:00,681.52001953125,681.75,681.1400146484375,681.4400024414062,4004977
2026-03-06 09:30:00,673.4099731445312,674.0599975585938,672.719970703125,672.8300170898438,6027279
2026-03-06 09:31:00,672.8200073242188,673.25,672.3800048828125,672.4199829101562,594452
2026-03-06 09:32:00,672.4199829101562,672.9400024414062,672.02001953125,672.77001953125,512663
2026-03-06 09:33:00,672.7100219726562,673.0800170898438,672.0700073242188,672.0900268554688,414987
2026-03-06 09:34:00,672.0800170898438,672.52001953125,672.02001953125,672.4099731445312,365276
2026-03-06 09:35:00,672.3900146484375,672.5800170898438,670.7100219726562,671.02001953125,743461
2026-03-06 09:36:00,671.010009765625,671.1500244140625,670.4099731445312,670.72998046875,462474
2026-03-06 09:37:00,670.77001953125,671.2100219726562,670.5599975585938,670.7999877929688,317288
2026-03-06 09:38:00,670.77001953125,671.8099975585938,670.6099853515625,671.6199951171875,408767
2026-03-06 09:39:00,671.5800170898438,671.75,671.0999755859375,671.1099853515625,404823
2026-03-06 09:40:00,671.1199951171875,671.8200073242188,670.8900146484375,670.9299926757812,555274
2026-03-06 09:41:00,670.9199829101562,671.6199951171875,670.8436889648438,671.510009765625,415850
2026-03-06 09:42:00,671.4400024414062,671.7100219726562,670.760009765625,671.1699829101562,291319
2026-03-06 09:43:00,671.1500244140625,672.1900024414062,671.0,671.1699829101562,547921
2026-03-06 09:44:00,671.1300048828125,671.9600219726562,670.9099731445312,670.97998046875,360159
2026-03-06 09:45:00,671.0,671.8322143554688,670.7100219726562,671.0499877929688,393557
2026-03-06 09:46:00,671.0399780273438,671.27001953125,670.3300170898438,670.4099731445312,337595
2026-03-06 09:47:00,670.4000244140625,670.760009765625,670.0,670.5599975585938,618707
2026-03-06 09:48:00,670.5599975585938,671.0,670.3400268554688,670.8699951171875,315104
2026-03-06 09:49:00,670.8599853515625,671.1500244140625,670.47998046875,670.7000122070312,391077
2026-03-06 09:50:00,670.72998046875,671.219970703125,670.4520263671875,671.0800170898438,296814
2026-03-06 09:51:00,671.0999755859375,672.1300048828125,671.0499877929688,671.760009765625,487650
2026-03-06 09:52:00,671.77001953125,671.77001953125,670.8004760742188,671.0499877929688,425857
2026-03-06 09:53:00,671.1500244140625,671.4099731445312,670.72998046875,670.7899780273438,235419
2026-03-06 09:54:00,670.8099975585938,671.2100219726562,670.7100219726562,670.72998046875,240947
2026-03-06 09:55:00,670.72998046875,670.8800048828125,670.47998046875,670.505126953125,354317
2026-03-06 09:56:00,670.510009765625,670.5599975585938,670.1900024414062,670.4998779296875,238123
2026-03-06 09:57:00,670.510009765625,670.7899780273438,670.3201293945312,670.4199829101562,240747
2026-03-06 09:58:00,670.4199829101562,670.5999755859375,670.030029296875,670.0800170898438,236022
2026-03-06 09:59:00,670.0701904296875,671.1799926757812,669.760009765625,670.8699951171875,935719
2026-03-06 10:00:00,670.9099731445312,673.030029296875,670.8400268554688,672.22998046875,824463
2026-03-06 10:01:00,672.260009765625,672.8400268554688,672.1199951171875,672.3870239257812,289240
2026-03-06 10:02:00,672.3699951171875,673.1300048828125,672.3400268554688,672.8400268554688,314410
2026-03-06 10:03:00,672.8200073242188,672.8599853515625,672.2000122070312,672.3699951171875,302061
2026-03-06 10:04:00,672.3800048828125,672.8699951171875,672.030029296875,672.8300170898438,233136
2026-03-06 10:05:00,672.8300170898438,673.0499267578125,671.610107421875,672.1599731445312,495027
2026-03-06 10:06:00,672.1400146484375,672.8400268554688,672.0,672.690185546875,192026
2026-03-06 10:07:00,672.7000122070312,672.7999877929688,672.0700073242188,672.1494750976562,200704
2026-03-06 10:08:00,672.1500244140625,672.219970703125,671.614990234375,671.8800048828125,281438
2026-03-06 10:09:00,671.8699951171875,671.9000244140625,670.8400268554688,670.97998046875,287248
2026-03-06 10:10:00,670.969970703125,671.3099975585938,670.791015625,670.9400024414062,220814
2026-03-06 10:11:00,670.9500122070312,672.0,670.9500122070312,671.97998046875,219942
2026-03-06 10:12:00,672.0,672.5994262695312,671.8599853515625,672.4000244140625,263014
2026-03-06 10:13:00,672.4500122070312,673.2999877929688,672.3599853515625,673.157470703125,239223
2026-03-06 10:14:00,673.1600952148438,673.27001953125,672.530029296875,673.22998046875,239085
2026-03-06 10:15:00,673.1900024414062,673.4299926757812,672.8599853515625,673.2949829101562,248798
2026-03-06 10:16:00,673.2999877929688,673.518798828125,672.75,672.77001953125,228453
2026-03-06 10:17:00,672.7705078125,673.3499755859375,672.6199951171875,673.2100219726562,176184
2026-03-06 10:18:00,673.219970703125,673.5,673.1699829101562,673.3350219726562,345569
2026-03-06 10:19:00,673.3400268554688,673.5,673.25,673.4099731445312,239719
2026-03-06 10:20:00,673.419921875,673.769287109375,673.280029296875,673.3499755859375,307266
2026-03-06 10:21:00,673.3400268554688,673.75,673.1400146484375,673.6099853515625,158461
2026-03-06 10:22:00,673.6300048828125,673.8099975585938,673.469970703125,673.780029296875,128848
2026-03-06 10:23:00,673.780029296875,674.3599853515625,673.719970703125,673.9199829101562,331441
2026-03-06 10:24:00,673.9099731445312,674.2999877929688,673.9099731445312,674.02001953125,213477
2026-03-06 10:25:00,674.02001953125,674.22998046875,673.6799926757812,674.0800170898438,183418
2026-03-06 10:26:00,674.0700073242188,674.25,673.8200073242188,673.8200073242188,139090
2026-03-06 10:27:00,673.8599853515625,674.260009765625,673.5700073242188,673.77001953125,200259
2026-03-06 10:28:00,673.77001953125,674.0999755859375,673.6300048828125,673.77001953125,185789
2026-03-06 10:29:00,673.7999877929688,674.22998046875,673.530029296875,674.1699829101562,188098
2026-03-06 10:30:00,674.1300048828125,674.6199951171875,674.1199951171875,674.3699951171875,442462
2026-03-06 10:31:00,674.3200073242188,675.0,674.22998046875,674.75,290511
2026-03-06 10:32:00,674.75,674.97998046875,674.47998046875,674.9000244140625,188727
2026-03-06 10:33:00,674.8900146484375,674.9124755859375,674.4000244140625,674.6799926757812,187839
2026-03-06 10:34:00,674.6400146484375,674.9274291992188,674.489990234375,674.9000244140625,120466
2026-03-06 10:35:00,674.9000244140625,675.3200073242188,674.8300170898438,675.260009765625,258192
2026-03-06 10:36:00,675.260009765625,675.6400146484375,675.1300048828125,675.5700073242188,241591
2026-03-06 10:37:00,675.5599975585938,675.760009765625,675.4400024414062,675.739990234375,244982
2026-03-06 10:38:00,675.72998046875,675.9149780273438,675.5499877929688,675.8699951171875,253110
2026-03-06 10:39:00,675.8699951171875,675.8699951171875,675.3900146484375,675.5999755859375,275758
2026-03-06 10:40:00,675.5900268554688,675.5900268554688,675.0,675.0700073242188,342046
2026-03-06 10:41:00,675.0900268554688,675.1099853515625,674.6300048828125,674.780029296875,324369
2026-03-06 10:42:00,674.77001953125,674.9002075195312,674.5499877929688,674.6599731445312,250865
2026-03-06 10:43:00,674.6699829101562,674.75,674.1649780273438,674.3699951171875,201942
2026-03-06 10:44:00,674.3800048828125,674.8699951171875,674.3699951171875,674.719970703125,178077
2026-03-06 10:45:00,674.7000122070312,674.9000244140625,674.280029296875,674.3101196289062,185233
2026-03-06 10:46:00,674.3499755859375,674.4099731445312,673.9099731445312,674.0900268554688,211978
2026-03-06 10:47:00,674.0800170898438,674.239990234375,673.9500122070312,674.1099853515625,114111
2026-03-06 10:48:00,674.10498046875,674.1099853515625,673.72998046875,673.989990234375,129508
2026-03-06 10:49:00,673.9600219726562,674.0,673.510009765625,673.77001953125,208608
2026-03-06 10:50:00,673.7999877929688,673.8400268554688,672.9149780273438,672.9199829101562,236695
2026-03-06 10:51:00,672.9199829101562,673.010009765625,672.5999755859375,672.6599731445312,260219
2026-03-06 10:52:00,672.6699829101562,672.8800048828125,672.4600219726562,672.8400268554688,317573
2026-03-06 10:53:00,672.8200073242188,673.1356201171875,672.8200073242188,673.0,134125
2026-03-06 10:54:00,673.010009765625,673.4299926757812,672.8400268554688,673.4099731445312,247525
2026-03-06 10:55:00,673.4099731445312,674.719970703125,673.4099731445312,674.6500244140625,446358
2026-03-06 10:56:00,674.6400146484375,675.280029296875,674.6400146484375,675.25,279044
2026-03-06 10:57:00,675.27001953125,675.3900146484375,674.969970703125,675.1599731445312,157226
2026-03-06 10:58:00,675.1649780273438,675.4000244140625,674.77001953125,675.1199951171875,211336
2026-03-06 10:59:00,675.0999755859375,675.3900146484375,674.739990234375,674.9199829101562,155490
2026-03-06 11:00:00,674.9600219726562,675.4600219726562,674.6900024414062,675.3300170898438,206116
2026-03-06 11:01:00,675.3300170898438,675.5599975585938,675.1900024414062,675.3599853515625,239634
2026-03-06 11:02:00,675.3599853515625,675.4299926757812,675.0260009765625,675.3300170898438,101304
2026-03-06 11:03:00,675.3599853515625,675.6699829101562,675.2849731445312,675.6199951171875,139293
2026-03-06 11:04:00,675.6119995117188,676.010009765625,675.5700073242188,675.9000244140625,210698
2026-03-06 11:05:00,675.9000244140625,675.989990234375,675.6599731445312,675.7100219726562,200935
2026-03-06 11:06:00,675.72998046875,675.8800048828125,675.0399780273438,675.0399780273438,193813
2026-03-06 11:07:00,675.0399780273438,675.2650146484375,674.9400024414062,675.1400146484375,144431
2026-03-06 11:08:00,675.1300048828125,675.219970703125,674.8599853515625,674.9000244140625,148927
2026-03-06 11:09:00,674.9099731445312,675.2999877929688,674.780029296875,674.8900146484375,170815
2026-03-06 11:10:00,674.9000244140625,675.010009765625,674.7100219726562,674.7999877929688,120579
2026-03-06 11:11:00,674.780029296875,674.780029296875,674.2899780273438,674.4749755859375,203644
2026-03-06 11:12:00,674.47998046875,674.5800170898438,674.22998046875,674.280029296875,141172
2026-03-06 11:13:00,674.27001953125,674.530029296875,674.2100219726562,674.22998046875,122867
2026-03-06 11:14:00,674.219970703125,674.2899780273438,674.0650024414062,674.1900024414062,207961
2026-03-06 11:15:00,674.1799926757812,674.4400024414062,673.969970703125,674.4197998046875,145758
2026-03-06 11:16:00,674.4149780273438,675.0800170898438,674.3499755859375,674.4000244140625,285403
2026-03-06 11:17:00,674.3900146484375,674.6099853515625,674.030029296875,674.1599731445312,164474
2026-03-06 11:18:00,674.1912841796875,674.6900024414062,674.1900024414062,674.5800170898438,92445
2026-03-06 11:19:00,674.5499877929688,675.0,674.3699951171875,674.9099731445312,105166
2026-03-06 11:20:00,674.8800048828125,675.0399169921875,674.1900024414062,674.3300170898438,162760
2026-03-06 11:21:00,674.3200073242188,674.52001953125,673.739990234375,673.9000244140625,130600
2026-03-06 11:22:00,673.8800048828125,674.010009765625,673.6300048828125,673.7000122070312,159444
2026-03-06 11:23:00,673.7100219726562,673.7899780273438,673.4349975585938,673.6099853515625,153379
2026-03-06 11:24:00,673.6300048828125,674.477294921875,673.4600219726562,674.4249877929688,331157
2026-03-06 11:25:00,674.4199829101562,674.6599731445312,674.1300048828125,674.219970703125,200624
2026-03-06 11:26:00,674.25,674.280029296875,673.8599853515625,674.0399780273438,112635
2026-03-06 11:27:00,674.0700073242188,674.3599853515625,673.7999877929688,673.8499755859375,135520
2026-03-06 11:28:00,673.8400268554688,674.2000122070312,673.8300170898438,674.0900268554688,98790
2026-03-06 11:29:00,674.0800170898438,674.4600219726562,674.02001953125,674.4199829101562,128578
2026-03-06 11:30:00,674.4299926757812,674.5999755859375,673.7999877929688,673.8790283203125,175085
2026-03-06 11:31:00,673.8900146484375,674.280029296875,673.739990234375,674.1099853515625,148935
2026-03-06 11:32:00,674.1099853515625,674.5800170898438,674.0999755859375,674.530029296875,56156
2026-03-06 11:33:00,674.530029296875,674.5700073242188,673.9199829101562,674.010009765625,124896
2026-03-06 11:34:00,674.0399780273438,674.0900268554688,673.4000244140625,673.7000122070312,204820
2026-03-06 11:35:00,673.6799926757812,674.27001953125,673.5700073242188,673.97998046875,150428
2026-03-06 11:36:00,674.030029296875,674.6699829101562,673.9500122070312,674.5700073242188,100951
2026-03-06 11:37:00,674.5703735351562,675.0399780273438,674.5700073242188,675.0,195149
2026-03-06 11:38:00,674.989990234375,675.1300048828125,674.75,674.8800048828125,131534
2026-03-06 11:39:00,674.9000244140625,675.1799926757812,674.8099975585938,674.9400024414062,84496
2026-03-06 11:40:00,674.9500122070312,675.10498046875,674.5800170898438,675.0900268554688,139016
2026-03-06 11:41:00,675.0599975585938,675.219970703125,674.52001953125,674.760009765625,136179
2026-03-06 11:42:00,674.8150024414062,674.8900146484375,674.5900268554688,674.8499755859375,75514
2026-03-06 11:43:00,674.844970703125,675.22998046875,674.75,675.1699829101562,47214
2026-03-06 11:44:00,675.169921875,675.169921875,674.3800048828125,674.510009765625,116215
2026-03-06 11:45:00,674.5,675.47998046875,674.4500122070312,675.4298706054688,119548
2026-03-06 11:46:00,675.4298706054688,675.6500244140625,675.280029296875,675.4600219726562,137343
2026-03-06 11:47:00,675.469970703125,675.6799926757812,674.9500122070312,675.1400146484375,115980
2026-03-06 11:48:00,675.1400146484375,675.6699829101562,674.9099731445312,675.5599975585938,162379
2026-03-06 11:49:00,675.5599975585938,675.6599731445312,675.3099975585938,675.3499755859375,108375
2026-03-06 11:50:00,675.3400268554688,675.72998046875,675.3300170898438,675.5750122070312,117620
2026-03-06 11:51:00,675.5800170898438,676.0,675.5599975585938,675.72998046875,144193
2026-03-06 11:52:00,675.7100219726562,675.9100952148438,675.5999755859375,675.719970703125,75851
2026-03-06 11:53:00,675.72998046875,675.8499755859375,675.3099975585938,675.47998046875,129876
2026-03-06 11:54:00,675.489990234375,675.52001953125,674.5050048828125,674.6199951171875,207302
2026-03-06 11:55:00,674.6400146484375,674.8200073242188,674.3300170898438,674.75,152295
2026-03-06 11:56:00,674.7550048828125,674.7999877929688,674.1500244140625,674.469970703125,205211
2026-03-06 11:57:00,674.4600219726562,675.510009765625,674.2999877929688,675.27001953125,140832
2026-03-06 11:58:00,675.260009765625,675.4000244140625,674.760009765625,675.27001953125,136328
2026-03-06 11:59:00,675.280029296875,675.2899780273438,674.9199829101562,674.969970703125,118285
2026-03-06 12:00:00,674.97998046875,675.0750122070312,674.5999755859375,674.77001953125,137802
2026-03-06 12:01:00,674.77001953125,674.989990234375,674.5700073242188,674.9600219726562,93306
2026-03-06 12:02:00,674.97998046875,675.0900268554688,674.6500244140625,674.6699829101562,85434
2026-03-06 12:03:00,674.6699829101562,675.47998046875,674.5700073242188,675.4400024414062,115861
2026-03-06 12:04:00,675.4500122070312,675.8400268554688,675.219970703125,675.260009765625,134627
2026-03-06 12:05:00,675.25,675.3300170898438,674.75,675.0399780273438,155936
2026-03-06 12:06:00,675.010009765625,675.0599975585938,674.1199951171875,674.1699829101562,219112
2026-03-06 12:07:00,674.1599731445312,674.27001953125,673.9299926757812,674.0300903320312,154568
2026-03-06 12:08:00,674.02001953125,674.2000122070312,673.72998046875,673.75,126554
2026-03-06 12:09:00,673.75,674.0900268554688,673.6400146484375,673.97998046875,267517
2026-03-06 12:10:00,673.97998046875,674.3599853515625,673.9600219726562,674.1199951171875,110609
2026-03-06 12:11:00,674.0999755859375,674.260009765625,673.9600219726562,674.0399780273438,89767
2026-03-06 12:12:00,674.0800170898438,674.1599731445312,673.8800048828125,674.0,82159
2026-03-06 12:13:00,673.989990234375,674.3250122070312,673.9199829101562,674.0599975585938,81275
2026-03-06 12:14:00,674.030029296875,674.0999755859375,673.6599731445312,673.969970703125,119837
2026-03-06 12:15:00,673.9500122070312,674.1400146484375,673.8599853515625,673.9199829101562,101037
2026-03-06 12:16:00,673.9199829101562,674.0050048828125,673.4400024414062,673.77001953125,180076
2026-03-06 12:17:00,673.7899780273438,674.0800170898438,673.7100219726562,673.7899780273438,106127
2026-03-06 12:18:00,673.8300170898438,674.22998046875,673.77001953125,674.0,105797
2026-03-06 12:19:00,674.0,674.469970703125,673.97998046875,674.4199829101562,98704
2026-03-06 12:20:00,674.4000244140625,674.6199951171875,674.1900024414062,674.1900024414062,126324
2026-03-06 12:21:00,674.2698974609375,674.4500122070312,674.0599975585938,674.3200073242188,47185
2026-03-06 12:22:00,674.3900146484375,675.1699829101562,674.3599853515625,674.97998046875,112475
2026-03-06 12:23:00,674.989990234375,675.010009765625,674.719970703125,674.760009765625,101194
2026-03-06 12:24:00,674.77001953125,674.7999877929688,674.4000244140625,674.510009765625,94436
2026-03-06 12:25:00,674.52001953125,674.5599975585938,673.5900268554688,673.6699829101562,234126
2026-03-06 12:26:00,673.6699829101562,673.8499755859375,673.3499755859375,673.4631958007812,308082
2026-03-06 12:27:00,673.4600219726562,673.8250122070312,673.35498046875,673.7000122070312,119444
2026-03-06 12:28:00,673.739990234375,674.0800170898438,673.7200927734375,674.0,101192
2026-03-06 12:29:00,674.0399780273438,674.2999877929688,673.7999877929688,673.8099975585938,96366
2026-03-06 12:30:00,673.7999877929688,674.02001953125,673.72998046875,673.8900146484375,74664
2026-03-06 12:31:00,673.8599853515625,673.989990234375,673.6099853515625,673.989990234375,85485
2026-03-06 12:32:00,674.0,674.0,673.5999755859375,673.77001953125,134371
2026-03-06 12:33:00,673.77001953125,674.0499877929688,673.6900024414062,674.02001953125,82829
2026-03-06 12:34:00,674.030029296875,674.1599731445312,673.8099975585938,674.0900268554688,65769
2026-03-06 12:35:00,674.0900268554688,674.0999755859375,673.469970703125,673.489990234375,123896
2026-03-06 12:36:00,673.5,673.6599731445312,672.8699951171875,672.9500732421875,258283
2026-03-06 12:37:00,672.9600219726562,673.0700073242188,672.739990234375,672.9199829101562,346155
2026-03-06 12:38:00,672.9400024414062,672.989990234375,672.72998046875,672.9600219726562,163082
2026-03-06 12:39:00,672.9500122070312,673.0,672.59130859375,672.8900146484375,122095
2026-03-06 12:40:00,672.9299926757812,673.1199951171875,672.530029296875,672.5698852539062,158239
2026-03-06 12:41:00,672.5800170898438,672.77001953125,672.4299926757812,672.5499877929688,179923
2026-03-06 12:42:00,672.5700073242188,672.5800170898438,672.1699829101562,672.2949829101562,207185
2026-03-06 12:43:00,672.2999877929688,672.4099731445312,672.030029296875,672.25,166726
2026-03-06 12:44:00,672.25,672.72998046875,672.1878051757812,672.6298828125,186765
2026-03-06 12:45:00,672.6199951171875,673.0,672.5999755859375,672.8300170898438,187429
2026-03-06 12:46:00,672.8300170898438,673.0399780273438,672.7100219726562,672.9000244140625,119200
2026-03-06 12:47:00,672.9000244140625,673.0700073242188,672.719970703125,672.8499755859375,120105
2026-03-06 12:48:00,672.8599853515625,673.2593994140625,672.8499755859375,673.169921875,135542
2026-03-06 12:49:00,673.1799926757812,673.52001953125,673.1400146484375,673.3499755859375,109692
2026-03-06 12:50:00,673.3200073242188,673.969970703125,673.3099975585938,673.9000244140625,205514
2026-03-06 12:51:00,673.9199829101562,673.9199829101562,673.4299926757812,673.469970703125,121965
2026-03-06 12:52:00,673.47998046875,673.52001953125,673.030029296875,673.239990234375,137279
2026-03-06 12:53:00,673.2150268554688,673.5700073242188,673.2100219726562,673.3400268554688,65326
2026-03-06 12:54:00,673.3300170898438,673.5499877929688,673.1699829101562,673.219970703125,96324
2026-03-06 12:55:00,673.2100219726562,673.47998046875,673.0399780273438,673.0700073242188,80878
2026-03-06 12:56:00,673.0750122070312,673.780029296875,672.9500122070312,673.5399780273438,83150
2026-03-06 12:57:00,673.5999755859375,673.8300170898438,673.3900146484375,673.47998046875,95499
2026-03-06 12:58:00,673.489990234375,673.510009765625,673.219970703125,673.27001953125,78416
2026-03-06 12:59:00,673.280029296875,673.3499755859375,673.0599975585938,673.0800170898438,307941
2026-03-06 13:00:00,673.0900268554688,673.489990234375,672.969970703125,673.3699951171875,109645
2026-03-06 13:01:00,673.3900146484375,674.1799926757812,673.3900146484375,674.1699829101562,220561
2026-03-06 13:02:00,674.1900024414062,674.2899780273438,673.9705200195312,674.1099853515625,134130
2026-03-06 13:03:00,674.0900268554688,674.1300048828125,673.6900024414062,673.7999877929688,109389
2026-03-06 13:04:00,673.7999877929688,673.989990234375,673.2999877929688,673.5599975585938,129449
2026-03-06 13:05:00,673.5599975585938,674.030029296875,673.4000244140625,674.0260009765625,177041
2026-03-06 13:06:00,673.989990234375,674.2999877929688,673.8200073242188,673.8300170898438,96782
2026-03-06 13:07:00,673.8300170898438,674.1300048828125,673.760009765625,674.02001953125,76568
2026-03-06 13:08:00,674.0399780273438,674.1900024414062,673.9000244140625,674.1199951171875,29486
2026-03-06 13:09:00,674.1099853515625,674.489990234375,674.0900268554688,674.1801147460938,165433
2026-03-06 13:10:00,674.2100219726562,674.4000244140625,673.9199829101562,674.280029296875,132382
2026-03-06 13:11:00,674.260009765625,674.8300170898438,674.2000122070312,674.6599731445312,226192
2026-03-06 13:12:00,674.6536865234375,675.1099853515625,674.5900268554688,675.0999755859375,192747
2026-03-06 13:13:00,675.096923828125,676.1099853515625,674.97998046875,675.969970703125,367721
2026-03-06 13:14:00,675.9600219726562,676.010009765625,675.6199951171875,675.8300170898438,395667
2026-03-06 13:15:00,675.8300170898438,676.0999755859375,675.5599975585938,676.0499877929688,281210
2026-03-06 13:16:00,676.0399780273438,676.0399780273438,675.6820068359375,675.8300170898438,405462
2026-03-06 13:17:00,675.8350219726562,675.8400268554688,675.2100219726562,675.6900024414062,247465
2026-03-06 13:18:00,675.6900024414062,676.0999755859375,675.6300048828125,676.030029296875,206000
2026-03-06 13:19:00,676.010009765625,676.010009765625,675.6900024414062,675.875,111726
2026-03-06 13:20:00,675.8599853515625,676.0250244140625,675.6300048828125,675.8099975585938,113577
2026-03-06 13:21:00,675.7899780273438,675.8900146484375,675.52001953125,675.7999877929688,116708
2026-03-06 13:22:00,675.7899780273438,675.8499755859375,675.0050048828125,675.0700073242188,185641
2026-03-06 13:23:00,675.0900268554688,675.6400146484375,674.97998046875,675.4000244140625,115546
2026-03-06 13:24:00,675.3900146484375,675.4099731445312,675.010009765625,675.3200073242188,118180
2026-03-06 13:25:00,675.3200073242188,675.3900146484375,674.8800048828125,675.1199951171875,171636
2026-03-06 13:26:00,675.0900268554688,675.090087890625,674.8099975585938,675.0,73132
2026-03-06 13:27:00,675.0,675.0,674.4400024414062,674.510009765625,143198
2026-03-06 13:28:00,674.5150146484375,674.8499755859375,674.4500122070312,674.4500122070312,107659
2026-03-06 13:29:00,674.4400024414062,674.77001953125,674.2449951171875,674.6400146484375,127480
2026-03-06 13:30:00,674.6699829101562,674.989990234375,674.5,674.719970703125,124577
2026-03-06 13:31:00,674.72998046875,675.27001953125,674.6799926757812,675.1500244140625,163964
2026-03-06 13:32:00,675.1400146484375,675.2999877929688,674.3300170898438,674.844970703125,140881
2026-03-06 13:33:00,674.8400268554688,674.9000244140625,674.5499877929688,674.7999877929688,140337
2026-03-06 13:34:00,674.8200073242188,675.0700073242188,674.7849731445312,674.9199829101562,84396
2026-03-06 13:35:00,674.9199829101562,674.969970703125,674.5,674.72998046875,150769
2026-03-06 13:36:00,674.719970703125,674.8900146484375,674.3499755859375,674.375,115660
2026-03-06 13:37:00,674.3699951171875,674.47998046875,673.969970703125,674.1699829101562,184932
2026-03-06 13:38:00,674.1599731445312,674.530029296875,674.0399780273438,674.3900146484375,578078
2026-03-06 13:39:00,674.4099731445312,674.7000122070312,674.3300170898438,674.3900146484375,102376
2026-03-06 13:40:00,674.3699951171875,674.5499877929688,674.2100219726562,674.3400268554688,74725
2026-03-06 13:41:00,674.3499755859375,674.6300048828125,674.3499755859375,674.510009765625,70763
2026-03-06 13:42:00,674.510009765625,674.85302734375,674.469970703125,674.48779296875,101811
2026-03-06 13:43:00,674.510009765625,674.8099975585938,674.4000244140625,674.7100219726562,309963
2026-03-06 13:44:00,674.72998046875,674.8699951171875,674.4600219726562,674.6199951171875,87367
2026-03-06 13:45:00,674.6500244140625,674.719970703125,674.3200073242188,674.5999145507812,206061
2026-03-06 13:46:00,674.5300903320312,674.72998046875,674.364990234375,674.4061279296875,59149
2026-03-06 13:47:00,674.4199829101562,674.6500244140625,674.25,674.3599853515625,91641
2026-03-06 13:48:00,674.364990234375,674.6099853515625,674.2000122070312,674.4600219726562,90043
2026-03-06 13:49:00,674.47998046875,674.77001953125,674.3800048828125,674.739990234375,81666
2026-03-06 13:50:00,674.75,674.7899780273438,673.97998046875,674.0100708007812,126688
2026-03-06 13:51:00,674.0599975585938,674.239990234375,673.6900024414062,674.010009765625,312653
2026-03-06 13:52:00,674.0399780273438,674.5,673.9249877929688,674.3699951171875,127969
2026-03-06 13:53:00,674.4000244140625,674.4400024414062,674.1599731445312,674.25,65285
2026-03-06 13:54:00,674.239990234375,674.25,673.6900024414062,673.9000244140625,147736
2026-03-06 13:55:00,673.9000244140625,674.169677734375,673.7100219726562,674.1300048828125,124006
2026-03-06 13:56:00,674.1599731445312,674.2100219726562,673.97998046875,674.02001953125,203744
2026-03-06 13:57:00,674.030029296875,674.3800048828125,674.0,674.22998046875,71998
2026-03-06 13:58:00,674.239990234375,674.4199829101562,674.1199951171875,674.27001953125,52717
2026-03-06 13:59:00,674.2600708007812,674.3499755859375,673.989990234375,674.0399780273438,58544
2026-03-06 14:00:00,674.0700073242188,674.3699951171875,674.0599975585938,674.3099975585938,75473
2026-03-06 14:01:00,674.3099975585938,674.4000244140625,674.1099853515625,674.1699829101562,80976
2026-03-06 14:02:00,674.1599731445312,674.280029296875,673.989990234375,674.2100219726562,97217
2026-03-06 14:03:00,674.22998046875,674.3800048828125,674.0900268554688,674.1199951171875,147121
2026-03-06 14:04:00,674.1300048828125,674.1300048828125,673.8699951171875,673.9000244140625,70300
2026-03-06 14:05:00,673.8900146484375,674.2899780273438,673.780029296875,674.1699829101562,100789
2026-03-06 14:06:00,674.1599731445312,674.469970703125,674.0449829101562,674.3400268554688,127204
2026-03-06 14:07:00,674.3499755859375,674.72998046875,674.3300170898438,674.47998046875,75901
2026-03-06 14:08:00,674.4600219726562,674.5800170898438,674.1599731445312,674.3800048828125,85008
2026-03-06 14:09:00,674.3699951171875,674.6400146484375,674.3099975585938,674.530029296875,73543
2026-03-06 14:10:00,674.530029296875,675.0,674.469970703125,674.9400024414062,142072
2026-03-06 14:11:00,674.9299926757812,675.155029296875,674.885009765625,675.0999755859375,139821
2026-03-06 14:12:00,675.0999755859375,675.239990234375,674.8300170898438,674.9400024414062,126033
2026-03-06 14:13:00,674.9550170898438,675.3099975585938,674.9500122070312,675.3099975585938,78077
2026-03-06 14:14:00,675.2899780273438,675.4299926757812,675.010009765625,675.1699829101562,129660
2026-03-06 14:15:00,675.1599731445312,675.2000122070312,674.9400024414062,675.1900024414062,129472
2026-03-06 14:16:00,675.2000122070312,675.2899780273438,675.02001953125,675.1300048828125,121952
2026-03-06 14:17:00,675.1400146484375,675.239990234375,674.9000244140625,675.0,119397
2026-03-06 14:18:00,675.010009765625,675.1099853515625,674.4199829101562,674.7401123046875,222176
2026-03-06 14:19:00,674.75,675.2000122070312,674.75,675.0399780273438,71578
2026-03-06 14:20:00,675.030029296875,675.1849975585938,674.9149780273438,675.0576171875,79294
2026-03-06 14:21:00,675.0599975585938,675.0999755859375,674.5999755859375,674.75,120218
2026-03-06 14:22:00,674.7100219726562,674.8800048828125,674.375,674.4000244140625,93408
2026-03-06 14:23:00,674.4000244140625,675.0499877929688,674.1500244140625,674.72998046875,253786
2026-03-06 14:24:00,674.72998046875,674.72998046875,674.260009765625,674.280029296875,74643
2026-03-06 14:25:00,674.2899780273438,674.3599853515625,673.9500122070312,674.1699829101562,124643
2026-03-06 14:26:00,674.1599731445312,674.6851196289062,674.1300048828125,674.5499877929688,82168
2026-03-06 14:27:00,674.5789794921875,675.0800170898438,674.5399780273438,674.9099731445312,128853
2026-03-06 14:28:00,674.9500122070312,674.9600219726562,674.6900024414062,674.7999877929688,105132
2026-03-06 14:29:00,674.8200073242188,675.0499877929688,674.8150024414062,674.9199829101562,94510
2026-03-06 14:30:00,674.9099731445312,675.3900146484375,674.780029296875,675.1099853515625,167143
2026-03-06 14:31:00,675.0900268554688,675.3300170898438,674.9400024414062,675.1699829101562,260943
2026-03-06 14:32:00,675.1925048828125,675.1925048828125,674.75,674.875,107824
2026-03-06 14:33:00,674.9000244140625,675.3779907226562,674.9000244140625,675.0800170898438,89068
2026-03-06 14:34:00,675.0700073242188,675.2000122070312,674.969970703125,675.0499877929688,82291
2026-03-06 14:35:00,675.0700073242188,675.260009765625,675.0599975585938,675.1199951171875,107250
2026-03-06 14:36:00,675.1300048828125,675.1400146484375,674.8400268554688,675.030029296875,120547
2026-03-06 14:37:00,675.02001953125,675.1400146484375,674.8699951171875,674.9500122070312,71234
2026-03-06 14:38:00,674.9400024414062,674.9500122070312,674.239990234375,674.530029296875,143788
2026-03-06 14:39:00,674.5164794921875,674.8200073242188,674.469970703125,674.72998046875,112438
2026-03-06 14:40:00,674.77001953125,675.22998046875,674.72998046875,675.1749877929688,88123
2026-03-06 14:41:00,675.1699829101562,675.6199951171875,675.010009765625,675.530029296875,207856
2026-03-06 14:42:00,675.5,675.6400146484375,675.3599853515625,675.4299926757812,327113
2026-03-06 14:43:00,675.4199829101562,675.5800170898438,675.232177734375,675.260009765625,115934
2026-03-06 14:44:00,675.2301025390625,675.239990234375,674.6300048828125,674.655029296875,95402
2026-03-06 14:45:00,674.6500244140625,674.77001953125,674.489990234375,674.5900268554688,95414
2026-03-06 14:46:00,674.5900268554688,674.8099975585938,674.3200073242188,674.7100219726562,212362
2026-03-06 14:47:00,674.7100219726562,674.719970703125,674.260009765625,674.260009765625,81014
2026-03-06 14:48:00,674.260009765625,674.6199951171875,674.1799926757812,674.4199829101562,249009
2026-03-06 14:49:00,674.4299926757812,674.6400146484375,674.4000244140625,674.5700073242188,222437
2026-03-06 14:50:00,674.5499877929688,674.7000122070312,674.47998046875,674.5700073242188,101406
2026-03-06 14:51:00,674.5800170898438,674.6099853515625,674.27001953125,674.3300170898438,156395
2026-03-06 14:52:00,674.3400268554688,674.8400268554688,674.219970703125,674.739990234375,203944
2026-03-06 14:53:00,674.75,674.9349975585938,674.6300048828125,674.6900024414062,129429
2026-03-06 14:54:00,674.6900024414062,675.0399780273438,674.6199951171875,674.8800048828125,157237
2026-03-06 14:55:00,674.8800048828125,675.0999755859375,674.7999877929688,674.9400024414062,125442
2026-03-06 14:56:00,674.9299926757812,675.1300048828125,674.8599853515625,675.030029296875,127554
2026-03-06 14:57:00,675.0399780273438,675.0499877929688,674.72998046875,674.8400268554688,85429
2026-03-06 14:58:00,674.8300170898438,675.1400146484375,674.7849731445312,675.0449829101562,252618
2026-03-06 14:59:00,675.0499877929688,675.1300048828125,674.9400024414062,675.010009765625,440149
2026-03-06 15:00:00,675.0,675.3599853515625,674.969970703125,675.2550048828125,228803
2026-03-06 15:01:00,675.239990234375,675.760009765625,675.155029296875,675.6649780273438,193743
2026-03-06 15:02:00,675.6599731445312,675.969970703125,675.4600219726562,675.5499877929688,282462
2026-03-06 15:03:00,675.5499877929688,675.8189697265625,675.4600219726562,675.8099975585938,161810
2026-03-06 15:04:00,675.7999877929688,675.8599853515625,675.5399780273438,675.72998046875,127921
2026-03-06 15:05:00,675.719970703125,675.7899780273438,675.3599853515625,675.510009765625,107258
2026-03-06 15:06:00,675.47998046875,675.780029296875,675.4199829101562,675.47998046875,123511
2026-03-06 15:07:00,675.47998046875,675.5700073242188,675.2899780273438,675.3200073242188,126806
2026-03-06 15:08:00,675.3200073242188,675.4099731445312,674.9099731445312,675.0800170898438,141081
2026-03-06 15:09:00,675.0700073242188,675.1400146484375,674.9199829101562,674.9400024414062,227205
2026-03-06 15:10:00,674.9500122070312,675.0999755859375,673.969970703125,674.02001953125,328198
2026-03-06 15:11:00,673.989990234375,674.0800170898438,673.5999755859375,673.8098754882812,443407
2026-03-06 15:12:00,673.7899780273438,674.0250244140625,673.5549926757812,673.5599975585938,327488
2026-03-06 15:13:00,673.5800170898438,673.9099731445312,673.4600219726562,673.8599853515625,243829
2026-03-06 15:14:00,673.8699951171875,674.0800170898438,673.7349853515625,673.9400024414062,239111
2026-03-06 15:15:00,673.9500122070312,673.989990234375,673.489990234375,673.739990234375,247060
2026-03-06 15:16:00,673.760009765625,674.3599853515625,673.760009765625,674.0599975585938,237242
2026-03-06 15:17:00,674.0800170898438,674.4400024414062,674.0800170898438,674.1500244140625,246278
2026-03-06 15:18:00,674.1798706054688,674.3599853515625,673.9000854492188,674.0399780273438,153015
2026-03-06 15:19:00,674.0399780273438,674.27001953125,673.8800048828125,673.8800048828125,118003
2026-03-06 15:20:00,673.8900146484375,673.9500122070312,673.6500244140625,673.72998046875,196640
2026-03-06 15:21:00,673.72998046875,673.75,673.0900268554688,673.4199829101562,267039
2026-03-06 15:22:00,673.4099731445312,673.4199829101562,673.0599975585938,673.0900268554688,268662
2026-03-06 15:23:00,673.0999755859375,673.3499755859375,672.97998046875,673.0900268554688,295287
2026-03-06 15:24:00,673.0900268554688,673.2899780273438,672.8599853515625,672.9299926757812,212544
2026-03-06 15:25:00,672.9400024414062,672.989990234375,672.47998046875,672.530029296875,384500
2026-03-06 15:26:00,672.52001953125,672.5399780273438,672.1799926757812,672.4299926757812,391729
2026-03-06 15:27:00,672.4199829101562,672.489990234375,671.989990234375,672.0,361103
2026-03-06 15:28:00,672.0,672.52001953125,671.97998046875,672.280029296875,378413
2026-03-06 15:29:00,672.280029296875,672.3900146484375,672.1199951171875,672.22998046875,326011
2026-03-06 15:30:00,672.22998046875,672.5800170898438,671.9500122070312,672.3599853515625,514691
2026-03-06 15:31:00,672.3499755859375,672.5,671.989990234375,672.0700073242188,236495
2026-03-06 15:32:00,672.0800170898438,672.1799926757812,671.8499755859375,671.9349975585938,317784
2026-03-06 15:33:00,671.9349975585938,672.0900268554688,671.6900024414062,671.989990234375,245178
2026-03-06 15:34:00,671.989990234375,672.2000122070312,671.8800048828125,671.9199829101562,253218
2026-03-06 15:35:00,671.9099731445312,671.9600219726562,671.52001953125,671.7349853515625,273368
2026-03-06 15:36:00,671.72998046875,671.989990234375,671.344970703125,671.3599853515625,300107
2026-03-06 15:37:00,671.3602905273438,671.9990234375,671.1400146484375,671.75,383524
2026-03-06 15:38:00,671.739990234375,672.0,671.280029296875,671.4000244140625,370080
2026-03-06 15:39:00,671.4199829101562,672.3350219726562,671.3900146484375,672.219970703125,408457
2026-03-06 15:40:00,672.25,673.4000244140625,671.8099975585938,673.1099853515625,811182
2026-03-06 15:41:00,673.1099853515625,673.1900024414062,672.6199951171875,673.1199951171875,322621
2026-03-06 15:42:00,673.1199951171875,673.280029296875,672.72998046875,672.9299926757812,301553
2026-03-06 15:43:00,672.9099731445312,672.9749755859375,672.7000122070312,672.905029296875,232472
2026-03-06 15:44:00,672.9000244140625,672.9199829101562,672.3800048828125,672.510009765625,216455
2026-03-06 15:45:00,672.5,672.77001953125,672.4099731445312,672.6599731445312,205857
2026-03-06 15:46:00,672.6599731445312,672.969970703125,672.5700073242188,672.8350219726562,258594
2026-03-06 15:47:00,672.8250122070312,673.0399780273438,672.719970703125,672.8400268554688,258120
2026-03-06 15:48:00,672.8300170898438,672.9199829101562,672.6300048828125,672.7949829101562,351755
2026-03-06 15:49:00,672.7899780273438,672.9998779296875,672.655029296875,672.840087890625,547686
2026-03-06 15:50:00,672.8400268554688,673.0499877929688,671.760009765625,671.8099975585938,1079030
2026-03-06 15:51:00,671.8099975585938,672.239990234375,671.7999877929688,672.1300048828125,779385
2026-03-06 15:52:00,672.1300048828125,672.3900146484375,671.9429931640625,672.3699951171875,410633
2026-03-06 15:53:00,672.3699951171875,672.530029296875,672.030029296875,672.1099853515625,489028
2026-03-06 15:54:00,672.0800170898438,672.7100219726562,672.0700073242188,672.5999755859375,602116
2026-03-06 15:55:00,672.5900268554688,672.7000122070312,672.0900268554688,672.280029296875,749561
2026-03-06 15:56:00,672.2899780273438,672.5999755859375,672.219970703125,672.5499877929688,823035
2026-03-06 15:57:00,672.5499877929688,673.0700073242188,672.489990234375,673.0599975585938,678644
2026-03-06 15:58:00,673.0499877929688,673.22998046875,672.7650146484375,673.0549926757812,1235996
2026-03-06 15:59:00,673.0599975585938,673.0700073242188,672.3800048828125,672.4749755859375,2892673
2026-03-09 09:30:00,666.3900146484375,667.5399780273438,666.2999877929688,667.4500122070312,3826415
2026-03-09 09:31:00,667.4400024414062,667.6300048828125,666.5999755859375,666.6599731445312,498057
2026-03-09 09:32:00,666.6400146484375,667.1199951171875,666.530029296875,666.8250122070312,323831
2026-03-09 09:33:00,666.8200073242188,666.9299926757812,665.739990234375,665.9550170898438,426886
2026-03-09 09:34:00,665.9500122070312,666.52001953125,665.8900146484375,666.3499755859375,241508
2026-03-09 09:35:00,666.35498046875,666.5700073242188,665.9400024414062,666.530029296875,381041
2026-03-09 09:36:00,666.530029296875,666.530029296875,665.6199951171875,665.6400146484375,403147
2026-03-09 09:37:00,665.6300048828125,665.9400024414062,665.1300048828125,665.2999877929688,440441
2026-03-09 09:38:00,665.280029296875,665.3800048828125,664.9099731445312,665.0999755859375,448010
2026-03-09 09:39:00,665.1099243164062,665.4199829101562,664.6400146484375,664.75,305722
2026-03-09 09:40:00,664.739990234375,664.9000244140625,664.1900024414062,664.1900024414062,380451
2026-03-09 09:41:00,664.239990234375,664.6500244140625,663.780029296875,664.1400146484375,324551
2026-03-09 09:42:00,664.1199951171875,664.1900024414062,663.6400146484375,663.7999877929688,324332
2026-03-09 09:43:00,663.8200073242188,664.5,663.739990234375,664.2899780273438,279706
2026-03-09 09:44:00,664.2899780273438,664.47998046875,663.8099975585938,664.3699951171875,348130
2026-03-09 09:45:00,664.3770141601562,664.5700073242188,663.3800048828125,663.489990234375,347544
2026-03-09 09:46:00,663.489990234375,664.9099731445312,663.47998046875,664.1309204101562,360069
2026-03-09 09:47:00,664.1300048828125,664.6599731445312,663.7999877929688,664.6199951171875,390465
2026-03-09 09:48:00,664.6199951171875,664.8900146484375,664.469970703125,664.780029296875,313232
2026-03-09 09:49:00,664.8099975585938,664.8499755859375,663.530029296875,663.6799926757812,248106
2026-03-09 09:50:00,663.6699829101562,664.072509765625,663.3499755859375,663.3699951171875,244815
2026-03-09 09:51:00,663.4099731445312,663.8800048828125,663.2000122070312,663.530029296875,273029
2026-03-09 09:52:00,663.530029296875,664.2000122070312,663.25,663.5599975585938,352638
2026-03-09 09:53:00,663.5700073242188,663.6287231445312,662.72998046875,662.7951049804688,347078
2026-03-09 09:54:00,662.7901000976562,663.4099731445312,662.780029296875,663.1599731445312,264513
2026-03-09 09:55:00,663.1500244140625,664.1099853515625,662.7000122070312,664.10498046875,299672
2026-03-09 09:56:00,664.1099853515625,664.5599975585938,663.5999755859375,664.0499877929688,331423
2026-03-09 09:57:00,664.030029296875,664.5900268554688,663.6900024414062,664.4600219726562,298941
2026-03-09 09:58:00,664.469970703125,664.9099731445312,664.0700073242188,664.1900024414062,235882
2026-03-09 09:59:00,664.1599731445312,664.6199951171875,663.8612060546875,664.0800170898438,283236
2026-03-09 10:00:00,664.0499877929688,664.3300170898438,663.760009765625,664.280029296875,262386
2026-03-09 10:01:00,664.25,664.4400024414062,663.75,664.23681640625,196846
2026-03-09 10:02:00,664.2899780273438,664.780029296875,664.1699829101562,664.6599731445312,208984
2026-03-09 10:03:00,664.6599731445312,665.5599975585938,664.580078125,665.3107299804688,351807
2026-03-09 10:04:00,665.3400268554688,665.8699951171875,665.27001953125,665.8400268554688,257984
2026-03-09 10:05:00,665.7999877929688,665.9500122070312,663.5499877929688,663.5999755859375,573164
2026-03-09 10:06:00,663.6099853515625,664.030029296875,662.9600830078125,663.5900268554688,437752
2026-03-09 10:07:00,663.60498046875,663.75,663.1599731445312,663.669921875,279244
2026-03-09 10:08:00,663.6500854492188,663.7999877929688,662.8699951171875,662.989990234375,343768
2026-03-09 10:09:00,662.9400024414062,663.5800170898438,662.9000244140625,663.5150146484375,381488
2026-03-09 10:10:00,663.5,663.5700073242188,662.8699951171875,663.1500244140625,239478
2026-03-09 10:11:00,663.1500244140625,663.1599731445312,662.3900146484375,662.5800170898438,348500
2026-03-09 10:12:00,662.5899047851562,663.02001953125,662.4039916992188,662.5399780273438,360401
2026-03-09 10:13:00,662.5399780273438,662.8800048828125,662.4600219726562,662.5599975585938,201618
2026-03-09 10:14:00,662.5800170898438,663.280029296875,662.5499877929688,663.1400146484375,208602
2026-03-09 10:15:00,663.1300048828125,663.5999755859375,662.8800048828125,663.0150146484375,260801
2026-03-09 10:16:00,663.0399780273438,663.969970703125,662.8400268554688,663.6599731445312,238715
2026-03-09 10:17:00,663.6699829101562,663.9110107421875,663.239990234375,663.85498046875,220929
2026-03-09 10:18:00,663.8743286132812,664.1500244140625,663.3699951171875,663.97998046875,217644
2026-03-09 10:19:00,663.989990234375,664.1799926757812,663.7100219726562,663.9299926757812,160603
2026-03-09 10:20:00,663.885498046875,664.1300048828125,663.5800170898438,664.0700073242188,164565
2026-03-09 10:21:00,664.0700073242188,664.0700073242188,663.02001953125,663.27001953125,203073
2026-03-09 10:22:00,663.2899780273438,665.260009765625,663.2000122070312,665.2100219726562,320039
2026-03-09 10:23:00,665.239990234375,665.6599731445312,665.02001953125,665.25,321246
2026-03-09 10:24:00,665.2183837890625,665.3900146484375,664.8300170898438,665.2899780273438,206211
2026-03-09 10:25:00,665.2999877929688,665.5549926757812,665.1300048828125,665.2999877929688,232714
2026-03-09 10:26:00,665.27001953125,665.3825073242188,664.4500122070312,664.5999755859375,212804
2026-03-09 10:27:00,664.5999755859375,664.760009765625,663.72998046875,663.8099975585938,208730
2026-03-09 10:28:00,663.7999877929688,664.239990234375,663.72998046875,664.0599975585938,146732
2026-03-09 10:29:00,664.030029296875,664.1488037109375,663.6300048828125,664.0599975585938,195594
2026-03-09 10:30:00,664.030029296875,664.72998046875,663.97998046875,664.5399780273438,201996
2026-03-09 10:31:00,664.52001953125,665.030029296875,664.3200073242188,664.760009765625,369613
2026-03-09 10:32:00,664.760009765625,664.9600219726562,664.4500122070312,664.760009765625,131885
2026-03-09 10:33:00,664.739990234375,664.97998046875,664.489990234375,664.760009765625,233711
2026-03-09 10:34:00,664.7100219726562,665.2000122070312,664.6099853515625,664.97998046875,154786
2026-03-09 10:35:00,664.9600219726562,665.1099853515625,664.760009765625,665.0999755859375,160516
2026-03-09 10:36:00,665.1500244140625,666.0999755859375,664.9500122070312,665.8499755859375,229129
2026-03-09 10:37:00,665.8400268554688,666.0,665.3900146484375,665.8300170898438,180941
2026-03-09 10:38:00,665.8599853515625,666.489990234375,665.7999877929688,666.4299926757812,138012
2026-03-09 10:39:00,666.4299926757812,666.52001953125,666.0,666.0399780273438,206180
2026-03-09 10:40:00,666.02001953125,666.3699951171875,665.6199951171875,666.0399780273438,202832
2026-03-09 10:41:00,666.0499877929688,666.5599975585938,665.9869995117188,666.3400268554688,157999
2026-03-09 10:42:00,666.3400268554688,666.5999755859375,665.72998046875,666.5399780273438,207985
2026-03-09 10:43:00,666.5650024414062,666.5650024414062,666.219970703125,666.3099975585938,158398
2026-03-09 10:44:00,666.3200073242188,666.9199829101562,666.0900268554688,666.9000244140625,193461
2026-03-09 10:45:00,666.9099731445312,667.22802734375,666.7000122070312,667.2000122070312,233839
2026-03-09 10:46:00,667.1900024414062,667.510009765625,666.8800048828125,667.5,217712
2026-03-09 10:47:00,667.5,667.75,667.280029296875,667.6900024414062,236428
2026-03-09 10:48:00,667.6799926757812,667.75,667.4500122070312,667.5700073242188,233843
2026-03-09 10:49:00,667.5800170898438,667.6500244140625,667.260009765625,667.6199951171875,170546
2026-03-09 10:50:00,667.6099853515625,667.719970703125,667.0599975585938,667.4400024414062,238502
2026-03-09 10:51:00,667.4600219726562,667.8599853515625,667.3200073242188,667.7999877929688,143500
2026-03-09 10:52:00,667.7899780273438,668.0999755859375,667.5399780273438,668.0900268554688,262406
2026-03-09 10:53:00,668.0700073242188,668.0900268554688,667.6799926757812,667.9099731445312,193017
2026-03-09 10:54:00,667.8900146484375,668.1699829101562,667.6900024414062,668.1199951171875,148455
2026-03-09 10:55:00,668.1199951171875,668.20458984375,667.9099731445312,668.1900024414062,166077
2026-03-09 10:56:00,668.1900024414062,668.1900024414062,667.1199951171875,667.6099853515625,323194
2026-03-09 10:57:00,667.6199951171875,668.1799926757812,667.5,667.9749755859375,193046
2026-03-09 10:58:00,667.989990234375,668.3099975585938,667.760009765625,667.9299926757812,169835
2026-03-09 10:59:00,667.9299926757812,668.0399780273438,667.4299926757812,667.5800170898438,198763
2026-03-09 11:00:00,667.5800170898438,668.030029296875,667.5800170898438,668.0,98694
2026-03-09 11:01:00,667.9400024414062,668.2100219726562,667.6500244140625,668.1599731445312,129674
2026-03-09 11:02:00,668.1599731445312,668.27001953125,667.8699951171875,668.1599731445312,141752
2026-03-09 11:03:00,668.1599731445312,668.6799926757812,667.9500122070312,668.6199951171875,245256
2026-03-09 11:04:00,668.6199951171875,668.6199951171875,668.2100219726562,668.510009765625,235464
2026-03-09 11:05:00,668.510009765625,668.5800170898438,668.3499755859375,668.5499877929688,145909
2026-03-09 11:06:00,668.5399780273438,668.7100219726562,668.4099731445312,668.6500244140625,120511
2026-03-09 11:07:00,668.6599731445312,668.7100219726562,668.3900146484375,668.3911743164062,108178
2026-03-09 11:08:00,668.3800048828125,668.5499877929688,668.0800170898438,668.1300048828125,210025
2026-03-09 11:09:00,668.1199951171875,668.1699829101562,667.8200073242188,668.0499877929688,210666
2026-03-09 11:10:00,668.0399780273438,668.5499877929688,667.969970703125,668.5,147133
2026-03-09 11:11:00,668.5,668.52001953125,668.010009765625,668.3400268554688,178769
2026-03-09 11:12:00,668.35009765625,668.8300170898438,668.2000122070312,668.49462890625,180674
2026-03-09 11:13:00,668.5,668.8399047851562,668.4299926757812,668.7000122070312,123516
2026-03-09 11:14:00,668.7050170898438,668.7899780273438,668.4500122070312,668.77001953125,116146
2026-03-09 11:15:00,668.780029296875,669.27001953125,668.780029296875,669.2249755859375,200676
2026-03-09 11:16:00,669.219970703125,669.22998046875,668.8200073242188,669.0999755859375,146508
2026-03-09 11:17:00,669.1199951171875,669.3300170898438,669.030029296875,669.0900268554688,185970
2026-03-09 11:18:00,669.0900268554688,669.1298828125,668.5900268554688,668.7100219726562,183420
2026-03-09 11:19:00,668.6961059570312,668.8699951171875,668.3499755859375,668.8699951171875,229068
2026-03-09 11:20:00,668.8699951171875,669.1500244140625,668.5800170898438,669.0,192242
2026-03-09 11:21:00,668.97998046875,669.1849975585938,668.8200073242188,669.1199951171875,174217
2026-03-09 11:22:00,669.135009765625,669.3599853515625,669.0900268554688,669.3099975585938,230768
2026-03-09 11:23:00,669.2999877929688,669.469970703125,669.1300048828125,669.4199829101562,330722
2026-03-09 11:24:00,669.4000244140625,669.47998046875,669.219970703125,669.3400268554688,164437
2026-03-09 11:25:00,669.3300170898438,669.5800170898438,669.0,669.530029296875,385287
2026-03-09 11:26:00,669.5399780273438,669.8400268554688,669.489990234375,669.7999877929688,221628
2026-03-09 11:27:00,669.7999877929688,669.9199829101562,669.6699829101562,669.7899780273438,186266
2026-03-09 11:28:00,669.7899780273438,669.7999877929688,669.5399780273438,669.5999755859375,180655
2026-03-09 11:29:00,669.5900268554688,669.8499755859375,669.5499877929688,669.77001953125,85253
2026-03-09 11:30:00,669.77001953125,669.8099975585938,669.365478515625,669.469970703125,141094
2026-03-09 11:31:00,669.47998046875,669.760009765625,669.4299926757812,669.5800170898438,104630
2026-03-09 11:32:00,669.6099853515625,669.6199951171875,669.1849975585938,669.260009765625,261554
2026-03-09 11:33:00,669.260009765625,669.260009765625,669.0800170898438,669.2000122070312,192313
2026-03-09 11:34:00,669.1937255859375,669.2999877929688,668.6699829101562,668.8499755859375,239271
2026-03-09 11:35:00,668.8499755859375,668.9000244140625,668.52001953125,668.6599731445312,240682
2026-03-09 11:36:00,668.6699829101562,668.8699951171875,668.47998046875,668.719970703125,106294
2026-03-09 11:37:00,668.719970703125,668.9299926757812,668.5260009765625,668.8699951171875,100155
2026-03-09 11:38:00,668.9000244140625,669.0,668.72998046875,668.739990234375,115015
2026-03-09 11:39:00,668.780029296875,668.9500122070312,668.5999755859375,668.5999755859375,118853
2026-03-09 11:40:00,668.5999755859375,668.75,668.4000244140625,668.5850219726562,183558
2026-03-09 11:41:00,668.5999755859375,668.6599731445312,668.4000244140625,668.52001953125,124642
2026-03-09 11:42:00,668.489990234375,668.5900268554688,668.3699951171875,668.5565185546875,148021
2026-03-09 11:43:00,668.5599975585938,668.8599853515625,668.3699951171875,668.6400146484375,130509
2026-03-09 11:44:00,668.6400146484375,668.72998046875,668.469970703125,668.510009765625,135661
2026-03-09 11:45:00,668.5,669.280029296875,668.3800048828125,669.280029296875,190465
2026-03-09 11:46:00,669.27001953125,669.4600219726562,669.0499877929688,669.0701293945312,185321
2026-03-09 11:47:00,669.0900268554688,669.2899780273438,668.969970703125,669.030029296875,165897
2026-03-09 11:48:00,669.030029296875,669.1099853515625,668.7899780273438,668.9400024414062,140346
2026-03-09 11:49:00,668.9400024414062,669.2349853515625,668.9400024414062,669.1199951171875,108832
2026-03-09 11:50:00,669.1300048828125,669.219970703125,668.9299926757812,669.094970703125,113911
2026-03-09 11:51:00,669.0800170898438,669.4199829101562,668.989990234375,669.3599853515625,231557
2026-03-09 11:52:00,669.3499755859375,669.3900146484375,669.1699829101562,669.3599853515625,155967
2026-03-09 11:53:00,669.3599853515625,669.7100219726562,669.27001953125,669.6400146484375,152409
2026-03-09 11:54:00,669.6500244140625,669.7899780273438,669.5349731445312,669.610107421875,101048
2026-03-09 11:55:00,669.5999755859375,669.7100219726562,669.530029296875,669.7000122070312,86386
2026-03-09 11:56:00,669.7000122070312,669.7000122070312,669.469970703125,669.6300048828125,88902
2026-03-09 11:57:00,669.5999755859375,669.8099975585938,669.52001953125,669.75,83965
2026-03-09 11:58:00,669.760009765625,669.8900146484375,669.5399780273438,669.5612182617188,119312
2026-03-09 11:59:00,669.5700073242188,669.614990234375,669.3203125,669.4450073242188,167432
2026-03-09 12:00:00,669.4400024414062,669.5599975585938,669.1900024414062,669.22998046875,153069
2026-03-09 12:01:00,669.2398071289062,669.5800170898438,669.169921875,669.4299926757812,114109
2026-03-09 12:02:00,669.4199829101562,669.5,669.2689819335938,669.3599853515625,84791
2026-03-09 12:03:00,669.3599853515625,670.260009765625,669.3200073242188,669.97998046875,201407
2026-03-09 12:04:00,669.969970703125,669.969970703125,669.5599975585938,669.6691284179688,152015
2026-03-09 12:05:00,669.6699829101562,669.8900146484375,669.5999755859375,669.8699951171875,124234
2026-03-09 12:06:00,669.8800048828125,669.9199829101562,669.5599975585938,669.614990234375,156025
2026-03-09 12:07:00,669.6199951171875,670.0819702148438,669.5999755859375,670.0399780273438,114191
2026-03-09 12:08:00,670.0399780273438,670.0999755859375,669.719970703125,669.719970703125,95251
2026-03-09 12:09:00,669.6900024414062,669.889404296875,669.6900024414062,669.8499755859375,66253
2026-03-09 12:10:00,669.8599853515625,669.9400024414062,669.6699829101562,669.6900024414062,97213
2026-03-09 12:11:00,669.6699829101562,669.7139282226562,669.530029296875,669.5700073242188,115734
2026-03-09 12:12:00,669.5800170898438,670.1500244140625,669.52001953125,670.1500244140625,104054
2026-03-09 12:13:00,670.1500244140625,670.1900024414062,669.9000244140625,669.9550170898438,127511
2026-03-09 12:14:00,669.9600219726562,670.0599975585938,669.8599853515625,669.8900146484375,86303
2026-03-09 12:15:00,669.8900146484375,669.9199829101562,669.6699829101562,669.77001953125,121990
2026-03-09 12:16:00,669.7899780273438,669.989990234375,669.5900268554688,669.6099853515625,101111
2026-03-09 12:17:00,669.6099853515625,669.739990234375,669.52001953125,669.7100219726562,91893
2026-03-09 12:18:00,669.72998046875,670.02001953125,669.6950073242188,669.8300170898438,98974
2026-03-09 12:19:00,669.8400268554688,669.989990234375,669.8049926757812,669.9299926757812,70586
2026-03-09 12:20:00,669.9299926757812,670.010009765625,669.4099731445312,669.4149780273438,122214
2026-03-09 12:21:00,669.4199829101562,669.6400146484375,669.280029296875,669.4400024414062,185342
2026-03-09 12:22:00,669.4500122070312,669.5599975585938,669.25,669.4199829101562,125637
2026-03-09 12:23:00,669.4400024414062,670.47998046875,669.4199829101562,670.4199829101562,376300
2026-03-09 12:24:00,670.4099731445312,670.6300048828125,670.3499755859375,670.489990234375,157162
2026-03-09 12:25:00,670.489990234375,670.5499877929688,670.280029296875,670.52001953125,111015
2026-03-09 12:26:00,670.5150146484375,671.5999755859375,670.489990234375,671.5,477615
2026-03-09 12:27:00,671.5350952148438,671.5999755859375,671.3200073242188,671.469970703125,249647
2026-03-09 12:28:00,671.4500122070312,671.5,671.3200073242188,671.4500122070312,110411
2026-03-09 12:29:00,671.4500122070312,671.4500122070312,670.75,670.8699951171875,242243
2026-03-09 12:30:00,670.8699951171875,671.010009765625,670.3499755859375,670.4299926757812,242783
2026-03-09 12:31:00,670.4221801757812,670.6099853515625,670.22998046875,670.3049926757812,300697
2026-03-09 12:32:00,670.3099975585938,670.4099731445312,669.8900146484375,670.1099853515625,242781
2026-03-09 12:33:00,670.1500244140625,670.6900024414062,670.1500244140625,670.5700073242188,208477
2026-03-09 12:34:00,670.5700073242188,670.8599853515625,670.47998046875,670.8400268554688,169199
2026-03-09 12:35:00,670.8099975585938,671.3099975585938,670.75,671.2100219726562,277148
2026-03-09 12:36:00,671.2100219726562,671.3699951171875,670.969970703125,671.2000122070312,190208
2026-03-09 12:37:00,671.2100219726562,671.239990234375,670.8900146484375,670.9500122070312,84878
2026-03-09 12:38:00,670.969970703125,671.1199951171875,670.8200073242188,671.030029296875,118044
2026-03-09 12:39:00,671.02001953125,671.1799926757812,670.8699951171875,671.0900268554688,109448
2026-03-09 12:40:00,671.0900268554688,671.4299926757812,671.0800170898438,671.4299926757812,92604
2026-03-09 12:41:00,671.4299926757812,671.5750122070312,671.3200073242188,671.5299072265625,125350
2026-03-09 12:42:00,671.530029296875,671.6500244140625,671.489990234375,671.5700073242188,125371
2026-03-09 12:43:00,671.5499877929688,671.9000244140625,671.510009765625,671.8300170898438,167826
2026-03-09 12:44:00,671.8300170898438,671.9400024414062,671.75,671.8499755859375,117368
2026-03-09 12:45:00,671.8414916992188,672.0700073242188,671.8414916992188,671.8800048828125,140576
2026-03-09 12:46:00,671.8800048828125,672.1599731445312,671.6900024414062,672.1500854492188,165058
2026-03-09 12:47:00,672.1599731445312,672.25,672.0900268554688,672.22998046875,150166
2026-03-09 12:48:00,672.22998046875,672.25,671.9500122070312,672.0599975585938,118603
2026-03-09 12:49:00,672.0599975585938,672.1199951171875,671.9099731445312,671.97998046875,169895
2026-03-09 12:50:00,671.969970703125,672.010009765625,671.739990234375,671.8300170898438,166998
2026-03-09 12:51:00,671.8400268554688,671.9099731445312,671.719970703125,671.8900146484375,137426
2026-03-09 12:52:00,671.8699951171875,672.0499877929688,671.8200073242188,671.989990234375,134468
2026-03-09 12:53:00,671.9849853515625,672.0,671.6011962890625,671.6199951171875,131417
2026-03-09 12:54:00,671.6300048828125,671.7100219726562,671.4290161132812,671.5399780273438,150129
2026-03-09 12:55:00,671.530029296875,671.6599731445312,671.3800048828125,671.5900268554688,98886
2026-03-09 12:56:00,671.5850219726562,671.9500122070312,671.5549926757812,671.8699951171875,129625
2026-03-09 12:57:00,671.8599853515625,671.9000244140625,671.489990234375,671.5399780273438,111748
2026-03-09 12:58:00,671.5399780273438,671.5399780273438,671.1900024414062,671.22998046875,159320
2026-03-09 12:59:00,671.22998046875,671.4199829101562,671.1900024414062,671.2698974609375,101826
2026-03-09 13:00:00,671.2750244140625,671.3599853515625,670.8300170898438,670.989990234375,279162
2026-03-09 13:01:00,671.0,671.1099853515625,670.8900146484375,670.9600219726562,144741
2026-03-09 13:02:00,670.9650268554688,670.9749755859375,670.4849853515625,670.5703125,206994
2026-03-09 13:03:00,670.5999755859375,670.7050170898438,670.3800048828125,670.6099853515625,207080
2026-03-09 13:04:00,670.6199951171875,670.8900146484375,670.6199951171875,670.7899780273438,130706
2026-03-09 13:05:00,670.7899780273438,670.9199829101562,670.6699829101562,670.760009765625,123617
2026-03-09 13:06:00,670.75,670.8599853515625,670.530029296875,670.6500244140625,98161
2026-03-09 13:07:00,670.6400146484375,670.6699829101562,670.3150024414062,670.4378051757812,124688
2026-03-09 13:08:00,670.4299926757812,670.7000122070312,670.4099731445312,670.5549926757812,112398
2026-03-09 13:09:00,670.5399780273438,670.8200073242188,670.5150146484375,670.739990234375,73952
2026-03-09 13:10:00,670.760009765625,671.02001953125,670.6900024414062,670.7100219726562,139756
2026-03-09 13:11:00,670.7000122070312,670.9500122070312,670.6400146484375,670.8049926757812,59073
2026-03-09 13:12:00,670.7899780273438,670.7999877929688,670.5,670.6099853515625,130719
2026-03-09 13:13:00,670.6099853515625,670.6699829101562,670.4099731445312,670.6099853515625,65010
2026-03-09 13:14:00,670.6199951171875,670.7100219726562,670.4461059570312,670.6500244140625,56962
2026-03-09 13:15:00,670.64501953125,670.7899780273438,670.3499755859375,670.3604125976562,129221
2026-03-09 13:16:00,670.3699951171875,670.469970703125,670.239990234375,670.2899780273438,117613
2026-03-09 13:17:00,670.2999877929688,670.4000244140625,670.0800170898438,670.1400146484375,116829
2026-03-09 13:18:00,670.1347045898438,670.2899780273438,669.9550170898438,669.969970703125,117171
2026-03-09 13:19:00,669.969970703125,669.9882202148438,669.6900024414062,669.75,139773
2026-03-09 13:20:00,669.75,669.8800048828125,669.5098876953125,669.614990234375,178893
2026-03-09 13:21:00,669.6300048828125,669.6799926757812,669.1300048828125,669.22998046875,165073
2026-03-09 13:22:00,669.2449951171875,669.4000244140625,669.0449829101562,669.3599853515625,232945
2026-03-09 13:23:00,669.3400268554688,669.4199829101562,669.0800170898438,669.219970703125,199250
2026-03-09 13:24:00,669.219970703125,669.260009765625,668.9849853515625,669.02001953125,155572
2026-03-09 13:25:00,669.0399780273438,669.1099853515625,668.7899780273438,668.8134155273438,179109
2026-03-09 13:26:00,668.8300170898438,669.0596923828125,668.7100219726562,668.9298706054688,183434
2026-03-09 13:27:00,668.919921875,669.0499877929688,668.72998046875,668.7899780273438,116397
2026-03-09 13:28:00,668.7899780273438,668.9749755859375,668.739990234375,668.8900146484375,153614
2026-03-09 13:29:00,668.8800048828125,668.977783203125,668.72998046875,668.844970703125,131311
2026-03-09 13:30:00,668.8400268554688,669.0900268554688,668.760009765625,669.02001953125,189270
2026-03-09 13:31:00,669.010009765625,669.1199951171875,668.760009765625,668.7999877929688,176265
2026-03-09 13:32:00,668.8001708984375,669.0599975585938,668.6300048828125,668.7000732421875,146095
2026-03-09 13:33:00,668.7150268554688,668.9099731445312,668.6749877929688,668.864990234375,92029
2026-03-09 13:34:00,668.875,669.030029296875,668.6400146484375,668.8099975585938,135047
2026-03-09 13:35:00,668.8300170898438,669.0,668.5599975585938,668.9099731445312,197781
2026-03-09 13:36:00,668.9099731445312,668.9099731445312,668.6300048828125,668.6500244140625,84257
2026-03-09 13:37:00,668.6400146484375,668.9000244140625,668.489990234375,668.6699829101562,101043
2026-03-09 13:38:00,668.6699829101562,668.719970703125,668.4299926757812,668.5601196289062,147572
2026-03-09 13:39:00,668.5599975585938,668.7000122070312,668.4600219726562,668.4600219726562,139880
2026-03-09 13:40:00,668.4600219726562,668.6300048828125,668.2899780273438,668.3900146484375,170744
2026-03-09 13:41:00,668.3900146484375,668.4099731445312,668.1799926757812,668.4099731445312,145912
2026-03-09 13:42:00,668.4199829101562,668.760009765625,668.2100219726562,668.2202758789062,241318
2026-03-09 13:43:00,668.239990234375,668.3900146484375,668.0900268554688,668.1099853515625,113455
2026-03-09 13:44:00,668.1099853515625,668.4400024414062,668.0900268554688,668.219970703125,80322
2026-03-09 13:45:00,668.239990234375,668.6500244140625,668.1900024414062,668.5900268554688,146153
2026-03-09 13:46:00,668.5900268554688,668.6900024414062,668.3400268554688,668.6400146484375,159828
2026-03-09 13:47:00,668.6199951171875,668.6799926757812,668.52001953125,668.6599731445312,99419
2026-03-09 13:48:00,668.6400146484375,669.0800170898438,668.6400146484375,668.7000122070312,183330
2026-03-09 13:49:00,668.7100219726562,668.9000244140625,668.5800170898438,668.6099853515625,149456
2026-03-09 13:50:00,668.6099853515625,668.7999877929688,668.47998046875,668.60498046875,131759
2026-03-09 13:51:00,668.6199951171875,668.8800048828125,668.5800170898438,668.8419799804688,79796
2026-03-09 13:52:00,668.8400268554688,669.1099853515625,668.8200073242188,669.030029296875,122982
2026-03-09 13:53:00,669.030029296875,669.1300048828125,668.8800048828125,668.9550170898438,114480
2026-03-09 13:54:00,668.9500122070312,669.25,668.8800048828125,669.1632080078125,75462
2026-03-09 13:55:00,669.1500244140625,669.3400268554688,668.9199829101562,668.9400024414062,142896
2026-03-09 13:56:00,668.9199829101562,669.1400146484375,668.77001953125,669.02001953125,107975
2026-03-09 13:57:00,669.030029296875,669.0650024414062,668.905029296875,668.9639892578125,74017
2026-03-09 13:58:00,668.969970703125,669.0,668.77001953125,668.9149780273438,100256
2026-03-09 13:59:00,668.9199829101562,668.9199829101562,668.6699829101562,668.8150024414062,66979
2026-03-09 14:00:00,668.8400268554688,669.3200073242188,668.77001953125,669.0900268554688,139153
2026-03-09 14:01:00,669.0999755859375,669.3099975585938,669.0900268554688,669.22998046875,125787
2026-03-09 14:02:00,669.2000122070312,669.3300170898438,669.1199951171875,669.2000122070312,126270
2026-03-09 14:03:00,669.2000122070312,669.3300170898438,669.1400146484375,669.27001953125,88903
2026-03-09 14:04:00,669.27001953125,669.280029296875,668.9600219726562,669.0599975585938,241960
2026-03-09 14:05:00,669.0599975585938,669.6799926757812,669.030029296875,669.6599731445312,205422
2026-03-09 14:06:00,669.64501953125,669.7899780273438,669.4149780273438,669.6500244140625,227245
2026-03-09 14:07:00,669.6400146484375,669.6699829101562,669.4400024414062,669.47998046875,120915
2026-03-09 14:08:00,669.47998046875,669.489990234375,668.9600219726562,669.3099975585938,114210
2026-03-09 14:09:00,669.3200073242188,669.3699951171875,668.9600219726562,669.1199951171875,126866
2026-03-09 14:10:00,669.114990234375,669.4199829101562,669.030029296875,669.27001953125,74062
2026-03-09 14:11:00,669.2999877929688,669.4400024414062,669.2000122070312,669.2999877929688,110011
2026-03-09 14:12:00,669.2949829101562,669.4500122070312,669.0,669.4099731445312,130289
2026-03-09 14:13:00,669.4099731445312,669.6799926757812,669.2999877929688,669.6400146484375,112406
2026-03-09 14:14:00,669.6300048828125,669.7899780273438,669.489990234375,669.5499877929688,174040
2026-03-09 14:15:00,669.5499877929688,669.60498046875,669.4000244140625,669.52001953125,72421
2026-03-09 14:16:00,669.5,669.8300170898438,669.3499755859375,669.7999877929688,82543
2026-03-09 14:17:00,669.780029296875,669.989990234375,669.72998046875,669.969970703125,149115
2026-03-09 14:18:00,669.969970703125,670.0700073242188,669.9099731445312,670.030029296875,103377
2026-03-09 14:19:00,670.0399780273438,670.27001953125,669.9000244140625,670.2100219726562,149564
2026-03-09 14:20:00,670.2100219726562,670.39501953125,670.1500244140625,670.2349853515625,146521
2026-03-09 14:21:00,670.239990234375,670.8699951171875,669.9500122070312,669.989990234375,376924
2026-03-09 14:22:00,670.0,670.0399780273438,669.5900268554688,669.9500122070312,273429
2026-03-09 14:23:00,669.97998046875,670.25,669.969970703125,670.1599731445312,99040
2026-03-09 14:24:00,670.1699829101562,670.22998046875,670.0401000976562,670.0999755859375,73973
2026-03-09 14:25:00,670.0900268554688,670.1500244140625,669.9099731445312,670.0399780273438,105000
2026-03-09 14:26:00,670.0399780273438,670.22998046875,669.9199829101562,670.1500244140625,103136
2026-03-09 14:27:00,670.1400146484375,670.1699829101562,669.9199829101562,669.97998046875,128077
2026-03-09 14:28:00,669.97998046875,670.1201171875,669.8900146484375,670.0399780273438,102595
2026-03-09 14:29:00,670.02001953125,670.1497802734375,669.97998046875,670.0599975585938,193592
2026-03-09 14:30:00,670.0599975585938,670.3900146484375,670.0,670.2100219726562,195254
2026-03-09 14:31:00,670.2050170898438,670.3400268554688,670.1300048828125,670.3250122070312,121143
2026-03-09 14:32:00,670.3150024414062,670.5999755859375,670.3099975585938,670.5,189580
2026-03-09 14:33:00,670.5,670.5050048828125,670.3499755859375,670.469970703125,70218
2026-03-09 14:34:00,670.469970703125,671.1900024414062,670.4600219726562,671.0599975585938,222151
2026-03-09 14:35:00,671.0800170898438,671.2999877929688,670.8499755859375,671.1300048828125,225212
2026-03-09 14:36:00,671.1199951171875,671.2899780273438,670.980224609375,671.0739135742188,165428
2026-03-09 14:37:00,671.0700073242188,671.0900268554688,670.760009765625,670.9600219726562,143381
2026-03-09 14:38:00,670.969970703125,671.0900268554688,670.7899780273438,670.8599853515625,150241
2026-03-09 14:39:00,670.8699951171875,671.02001953125,670.8099975585938,670.9500122070312,79206
2026-03-09 14:40:00,670.9400024414062,671.030029296875,670.75,670.989990234375,145025
2026-03-09 14:41:00,671.0,671.010009765625,670.8206787109375,670.9500122070312,72365
2026-03-09 14:42:00,670.9525146484375,671.02001953125,670.6300048828125,670.9500122070312,182048
2026-03-09 14:43:00,670.9600219726562,671.0015258789062,670.8400268554688,670.885009765625,170431
2026-03-09 14:44:00,670.8900146484375,670.9550170898438,670.8200073242188,670.8599243164062,109122
2026-03-09 14:45:00,670.8499755859375,671.0999755859375,670.780029296875,671.0322265625,144944
2026-03-09 14:46:00,671.02001953125,671.219970703125,670.9500122070312,671.1898803710938,74596
2026-03-09 14:47:00,671.1799926757812,671.239990234375,671.0700073242188,671.1699829101562,61483
2026-03-09 14:48:00,671.2000122070312,671.2249755859375,671.0700073242188,671.1500244140625,49957
2026-03-09 14:49:00,671.1580200195312,671.1699829101562,670.9400024414062,670.9400024414062,56868
2026-03-09 14:50:00,670.9349975585938,671.0499877929688,670.7000122070312,670.760009765625,73129
2026-03-09 14:51:00,670.7584228515625,671.22998046875,670.739990234375,671.0349731445312,128655
2026-03-09 14:52:00,671.02001953125,671.0900268554688,670.9400024414062,671.0900268554688,65020
2026-03-09 14:53:00,671.0800170898438,671.1900024414062,671.0570068359375,671.1099853515625,279360
2026-03-09 14:54:00,671.0999755859375,671.0999755859375,670.9000244140625,670.9000244140625,86302
2026-03-09 14:55:00,670.8900756835938,670.8900756835938,670.3800048828125,670.530029296875,209816
2026-03-09 14:56:00,670.5399780273438,670.5900268554688,670.2949829101562,670.344970703125,159851
2026-03-09 14:57:00,670.3499755859375,670.4500122070312,670.2000122070312,670.3049926757812,216514
2026-03-09 14:58:00,670.3049926757812,670.3049926757812,669.969970703125,670.0399780273438,177648
2026-03-09 14:59:00,670.030029296875,670.1900024414062,669.9378051757812,670.0800170898438,105475
2026-03-09 15:00:00,670.0999755859375,670.2999877929688,669.9099731445312,670.27001953125,145574
2026-03-09 15:01:00,670.27001953125,670.52001953125,670.2100219726562,670.5,137832
2026-03-09 15:02:00,670.489990234375,670.5800170898438,670.2999877929688,670.4500122070312,97392
2026-03-09 15:03:00,670.4500122070312,670.469970703125,670.280029296875,670.2999877929688,71116
2026-03-09 15:04:00,670.2999877929688,670.4600219726562,670.1799926757812,670.280029296875,72620
2026-03-09 15:05:00,670.27001953125,670.4000244140625,669.969970703125,669.969970703125,140829
2026-03-09 15:06:00,669.969970703125,670.0800170898438,669.9000244140625,669.989990234375,134220
2026-03-09 15:07:00,669.989990234375,670.219970703125,669.9099731445312,670.1320190429688,83456
2026-03-09 15:08:00,670.1300048828125,670.375,670.0800170898438,670.3400268554688,134881
2026-03-09 15:09:00,670.3400268554688,670.4000244140625,670.239990234375,670.33642578125,62968
2026-03-09 15:10:00,670.3402709960938,670.6500244140625,670.3200073242188,670.489990234375,134026
2026-03-09 15:11:00,670.5,670.75,670.47998046875,670.6099853515625,144541
2026-03-09 15:12:00,670.5999755859375,670.7449951171875,670.5399780273438,670.5999755859375,118841
2026-03-09 15:13:00,670.5900268554688,670.5900268554688,670.4000244140625,670.4500122070312,98347
2026-03-09 15:14:00,670.4400024414062,670.47998046875,670.3200073242188,670.4400024414062,145847
2026-03-09 15:15:00,670.4500122070312,670.531005859375,670.3200073242188,670.4199829101562,76814
2026-03-09 15:16:00,670.4299926757812,670.5399780273438,670.3800048828125,670.4000244140625,80272
2026-03-09 15:17:00,670.3800048828125,671.3599853515625,670.3300170898438,671.0499877929688,647080
2026-03-09 15:18:00,671.0399780273438,671.1199951171875,670.5999755859375,670.7949829101562,199157
2026-03-09 15:19:00,670.7949829101562,673.5399780273438,670.6400146484375,673.4099731445312,1624442
2026-03-09 15:20:00,673.4099731445312,674.6500244140625,672.97998046875,674.25,1913019
2026-03-09 15:21:00,674.260009765625,675.3499755859375,674.260009765625,674.9398803710938,849049
2026-03-09 15:22:00,674.9400024414062,675.22998046875,674.1799926757812,675.135009765625,871771
2026-03-09 15:23:00,675.1099853515625,675.7000122070312,674.8599853515625,675.3200073242188,974025
2026-03-09 15:24:00,675.3200073242188,675.5800170898438,674.5999755859375,675.1300048828125,652909
2026-03-09 15:25:00,675.1599731445312,675.3800048828125,674.719970703125,675.1900024414062,528998
2026-03-09 15:26:00,675.219970703125,676.1799926757812,674.9799194335938,676.051025390625,566897
2026-03-09 15:27:00,676.030029296875,676.760009765625,675.969970703125,676.3839721679688,807510
2026-03-09 15:28:00,676.3699951171875,677.1900024414062,675.6199951171875,676.6400146484375,705507
2026-03-09 15:29:00,676.6900024414062,677.5150146484375,676.6599731445312,677.3900146484375,552811
2026-03-09 15:30:00,677.3699951171875,677.6300048828125,675.9600219726562,676.0499877929688,487826
2026-03-09 15:31:00,676.0499877929688,677.27001953125,675.8800048828125,677.239990234375,425236
2026-03-09 15:32:00,677.260009765625,677.8599853515625,676.8699951171875,677.8400268554688,352785
2026-03-09 15:33:00,677.8499755859375,678.3800048828125,677.6199951171875,678.2802124023438,589250
2026-03-09 15:34:00,678.2999877929688,678.5150146484375,677.7800903320312,678.4199829101562,514411
2026-03-09 15:35:00,678.4199829101562,678.6500244140625,677.4400024414062,677.510009765625,440838
2026-03-09 15:36:00,677.5499877929688,678.3400268554688,677.260009765625,678.1900024414062,427402
2026-03-09 15:37:00,678.1799926757812,679.1599731445312,678.0900268554688,679.1300048828125,457212
2026-03-09 15:38:00,679.1400146484375,679.9199829101562,679.0800170898438,679.1900024414062,818615
2026-03-09 15:39:00,679.1900024414062,679.719970703125,678.9600219726562,679.6599731445312,615322
2026-03-09 15:40:00,679.6599731445312,679.6699829101562,678.1799926757812,678.2899780273438,573696
2026-03-09 15:41:00,678.280029296875,678.3499755859375,677.280029296875,677.3400268554688,550377
2026-03-09 15:42:00,677.3400268554688,677.9653930664062,677.0599975585938,677.1900024414062,556851
2026-03-09 15:43:00,677.2000122070312,678.0198974609375,676.969970703125,677.6400146484375,431688
2026-03-09 15:44:00,677.5999755859375,678.260009765625,677.2999877929688,677.875,245258
2026-03-09 15:45:00,677.8900146484375,678.0499877929688,677.4099731445312,677.77001953125,479033
2026-03-09 15:46:00,677.760009765625,678.1300048828125,677.3599853515625,677.7999877929688,268253
2026-03-09 15:47:00,677.8400268554688,678.510009765625,677.4793701171875,678.4199829101562,210919
2026-03-09 15:48:00,678.4199829101562,678.469970703125,678.0,678.0999755859375,269950
2026-03-09 15:49:00,678.1099853515625,678.1567993164062,677.5900268554688,678.02001953125,244766
2026-03-09 15:50:00,678.02001953125,678.030029296875,677.0599975585938,677.1300048828125,466697
2026-03-09 15:51:00,677.1500244140625,677.4199829101562,676.77001953125,677.25,524964
2026-03-09 15:52:00,677.25,677.6500244140625,677.2000122070312,677.22998046875,443053
2026-03-09 15:53:00,677.260009765625,677.3900146484375,676.8300170898438,677.219970703125,385726
2026-03-09 15:54:00,677.239990234375,677.5700073242188,676.9500122070312,677.1199951171875,659571
2026-03-09 15:55:00,677.1300048828125,677.6950073242188,676.9099731445312,677.6950073242188,653119
2026-03-09 15:56:00,677.6900024414062,677.989990234375,677.6300048828125,677.9000244140625,557161
2026-03-09 15:57:00,677.905029296875,678.5599975585938,677.6699829101562,678.530029296875,883156
2026-03-09 15:58:00,678.530029296875,678.760009765625,678.3300170898438,678.4849853515625,1038613
2026-03-09 15:59:00,678.47998046875,678.5,677.9199829101562,678.3159790039062,1528032
2026-03-10 09:30:00,677.719970703125,678.6099853515625,677.6799926757812,678.4400024414062,2911025
2026-03-10 09:31:00,678.4000244140625,678.6699829101562,677.8599853515625,678.52001953125,281732
2026-03-10 09:32:00,678.5499877929688,678.7849731445312,678.2437133789062,678.260009765625,237180
2026-03-10 09:33:00,678.2999877929688,678.4500122070312,677.1400146484375,677.1799926757812,393458
2026-03-10 09:34:00,677.1900024414062,677.989990234375,677.1900024414062,677.5900268554688,268520
2026-03-10 09:35:00,677.5900268554688,677.7849731445312,676.77001953125,676.8599853515625,441641
2026-03-10 09:36:00,676.8400268554688,677.6649780273438,676.8400268554688,677.1699829101562,244572
2026-03-10 09:37:00,677.1900024414062,677.4400024414062,676.8599853515625,676.9600219726562,259207
2026-03-10 09:38:00,676.9949951171875,677.7899780273438,676.8699951171875,677.3400268554688,272023
2026-03-10 09:39:00,677.3400268554688,677.6400146484375,677.2000122070312,677.2575073242188,190621
2026-03-10 09:40:00,677.239990234375,677.77001953125,677.0,677.5,232330
2026-03-10 09:41:00,677.47998046875,677.6199951171875,676.47998046875,677.0050048828125,256915
2026-03-10 09:42:00,677.02001953125,677.0499877929688,676.0800170898438,676.2899780273438,324590
2026-03-10 09:43:00,676.2999877929688,676.6900024414062,675.8400268554688,675.8800048828125,244123
2026-03-10 09:44:00,675.9000244140625,677.3499145507812,675.8300170898438,677.1799926757812,273242
2026-03-10 09:45:00,677.1699829101562,677.3400268554688,676.6900024414062,676.739990234375,280822
2026-03-10 09:46:00,676.75,677.4127807617188,676.4500122070312,677.3400268554688,156039
2026-03-10 09:47:00,677.3499755859375,677.530029296875,676.2999877929688,676.3599853515625,183193
2026-03-10 09:48:00,676.3599853515625,677.02001953125,676.3499755859375,676.780029296875,108036
2026-03-10 09:49:00,676.760009765625,677.3099975585938,676.3800048828125,677.2899780273438,159457
2026-03-10 09:50:00,677.3400268554688,677.3699951171875,676.7949829101562,677.2550048828125,174788
2026-03-10 09:51:00,677.22998046875,677.260009765625,676.7999877929688,676.9000244140625,126462
2026-03-10 09:52:00,676.9299926757812,677.0800170898438,676.4500122070312,676.5778198242188,225292
2026-03-10 09:53:00,676.5900268554688,677.1885986328125,676.5,677.1099853515625,90767
2026-03-10 09:54:00,677.0999755859375,677.1400146484375,676.2999877929688,676.3049926757812,203262
2026-03-10 09:55:00,676.3099975585938,676.5800170898438,676.0399780273438,676.1699829101562,221262
2026-03-10 09:56:00,676.1699829101562,676.4099731445312,675.8699951171875,675.9400024414062,113412
2026-03-10 09:57:00,675.9400024414062,676.1099243164062,675.5399780273438,675.9400024414062,224666
2026-03-10 09:58:00,675.9400024414062,676.0900268554688,675.52001953125,675.6300048828125,148373
2026-03-10 09:59:00,675.6400146484375,676.0,675.489990234375,675.8499755859375,156079
2026-03-10 10:00:00,675.8300170898438,675.989990234375,675.1099853515625,675.1500244140625,278510
2026-03-10 10:01:00,675.1400146484375,675.75,674.9442749023438,675.7150268554688,245901
2026-03-10 10:02:00,675.72998046875,676.1799926757812,675.6300048828125,675.7100219726562,232845
2026-03-10 10:03:00,675.739990234375,675.75,675.1900024414062,675.4564819335938,110407
2026-03-10 10:04:00,675.469970703125,676.25,675.4600219726562,676.1699829101562,143415
2026-03-10 10:05:00,676.1900024414062,676.8800048828125,676.0999755859375,676.760009765625,190275
2026-03-10 10:06:00,676.77001953125,677.030029296875,676.239990234375,676.2899780273438,132273
2026-03-10 10:07:00,676.3198852539062,676.3699951171875,675.4600219726562,675.4713134765625,136969
2026-03-10 10:08:00,675.489990234375,675.5899047851562,675.260009765625,675.3732299804688,113947
2026-03-10 10:09:00,675.3900146484375,675.405029296875,674.760009765625,674.9099731445312,198877
2026-03-10 10:10:00,674.9199829101562,675.369873046875,674.8400268554688,675.1400146484375,174395
2026-03-10 10:11:00,675.1400146484375,675.260009765625,674.8300170898438,674.9099731445312,115094
2026-03-10 10:12:00,674.9099731445312,675.6900024414062,674.9099731445312,675.489990234375,188421
2026-03-10 10:13:00,675.469970703125,675.5369873046875,675.1199951171875,675.489990234375,77876
2026-03-10 10:14:00,675.52001953125,675.6900024414062,675.3200073242188,675.530029296875,118259
2026-03-10 10:15:00,675.530029296875,675.6699829101562,674.969970703125,675.0120239257812,188720
2026-03-10 10:16:00,675.030029296875,675.5700073242188,674.8200073242188,675.3499755859375,165525
2026-03-10 10:17:00,675.3699951171875,675.7000122070312,675.239990234375,675.5999755859375,124471
2026-03-10 10:18:00,675.5900268554688,675.760009765625,675.239990234375,675.6699829101562,105092
2026-03-10 10:19:00,675.6599731445312,676.4500122070312,675.5800170898438,676.27001953125,169996
2026-03-10 10:20:00,676.2542724609375,676.8599853515625,676.1649780273438,676.8400268554688,164812
2026-03-10 10:21:00,676.8300170898438,677.1787719726562,676.6500244140625,677.1599731445312,161962
2026-03-10 10:22:00,677.1699829101562,677.4500122070312,676.9199829101562,677.4400024414062,147805
2026-03-10 10:23:00,677.4500122070312,677.489990234375,677.02001953125,677.4550170898438,94953
2026-03-10 10:24:00,677.4500122070312,677.4500122070312,676.9500122070312,677.1900024414062,229520
2026-03-10 10:25:00,677.2100219726562,677.7651977539062,677.1699829101562,677.64501953125,195164
2026-03-10 10:26:00,677.6500244140625,678.02001953125,677.5800170898438,677.9400024414062,153670
2026-03-10 10:27:00,677.9400024414062,677.9400024414062,677.4500122070312,677.5999755859375,111269
2026-03-10 10:28:00,677.5900268554688,678.0499877929688,677.5401000976562,677.72998046875,128145
2026-03-10 10:29:00,677.719970703125,677.739990234375,677.3400268554688,677.6199951171875,82713
2026-03-10 10:30:00,677.6400146484375,678.4400024414062,677.6300048828125,678.3900146484375,170719
2026-03-10 10:31:00,678.3800048828125,678.469970703125,677.9600219726562,678.1500244140625,86282
2026-03-10 10:32:00,678.1422119140625,678.530029296875,678.1300048828125,678.489990234375,103477
2026-03-10 10:33:00,678.4824829101562,678.6699829101562,678.3599853515625,678.6699829101562,97010
2026-03-10 10:34:00,678.6599731445312,679.1400146484375,678.47998046875,678.969970703125,213527
2026-03-10 10:35:00,678.9400024414062,679.1500244140625,678.6099853515625,679.0900268554688,247908
2026-03-10 10:36:00,679.0900268554688,679.260009765625,678.969970703125,679.1900024414062,119605
2026-03-10 10:37:00,679.1699829101562,679.4000244140625,678.9807739257812,679.1500244140625,125067
2026-03-10 10:38:00,679.1599731445312,679.344970703125,679.0650024414062,679.3400268554688,85898
2026-03-10 10:39:00,679.3300170898438,679.5700073242188,679.1699829101562,679.5700073242188,131494
2026-03-10 10:40:00,679.5700073242188,679.5999755859375,679.3200073242188,679.469970703125,161164
2026-03-10 10:41:00,679.4600219726562,679.8300170898438,679.3099975585938,679.8300170898438,160556
2026-03-10 10:42:00,679.8300170898438,679.97998046875,679.6300048828125,679.9299926757812,184460
2026-03-10 10:43:00,679.9199829101562,680.25,679.77001953125,680.1400146484375,228434
2026-03-10 10:44:00,680.1300048828125,680.1300048828125,679.8400268554688,680.030029296875,302767
2026-03-10 10:45:00,680.0399780273438,680.3499755859375,679.72998046875,679.9019775390625,321283
2026-03-10 10:46:00,679.9099731445312,680.010009765625,679.6900024414062,679.9349975585938,136416
2026-03-10 10:47:00,679.9400024414062,680.0599975585938,679.6199951171875,679.6199951171875,223314
2026-03-10 10:48:00,679.6199951171875,680.0800170898438,679.5599975585938,680.010009765625,160951
2026-03-10 10:49:00,680.010009765625,680.375,679.9600219726562,680.3699951171875,140956
2026-03-10 10:50:00,680.3499755859375,680.530029296875,680.2999877929688,680.3800048828125,173853
2026-03-10 10:51:00,680.3800048828125,680.6400146484375,680.260009765625,680.4680786132812,129988
2026-03-10 10:52:00,680.4500122070312,680.5399780273438,680.3200073242188,680.4699096679688,157888
2026-03-10 10:53:00,680.489990234375,680.719970703125,680.3300170898438,680.7000122070312,83812
2026-03-10 10:54:00,680.6820068359375,680.7999877929688,680.6400146484375,680.77001953125,120425
2026-03-10 10:55:00,680.77001953125,680.9600219726562,680.6799926757812,680.905029296875,248573
2026-03-10 10:56:00,680.9099731445312,681.0499877929688,680.8699951171875,680.97998046875,206164
2026-03-10 10:57:00,680.969970703125,681.0599975585938,680.85302734375,681.0507202148438,146933
2026-03-10 10:58:00,681.0599975585938,681.1599731445312,680.9500122070312,681.0650024414062,183330
2026-03-10 10:59:00,681.0700073242188,681.1599731445312,680.9099731445312,681.1400146484375,190215
2026-03-10 11:00:00,681.1300048828125,681.3699951171875,681.02001953125,681.2899780273438,248996
2026-03-10 11:01:00,681.2899780273438,681.5700073242188,681.1900024414062,681.510009765625,220360
2026-03-10 11:02:00,681.4920043945312,681.6849975585938,681.4149780273438,681.5700073242188,336187
2026-03-10 11:03:00,681.5700073242188,681.5800170898438,681.27001953125,681.3599853515625,267605
2026-03-10 11:04:00,681.364990234375,681.469970703125,681.3099975585938,681.3699951171875,153366
2026-03-10 11:05:00,681.3900146484375,681.4099731445312,681.02001953125,681.1500244140625,241219
2026-03-10 11:06:00,681.1646118164062,681.1900024414062,680.7100830078125,680.8099975585938,285216
2026-03-10 11:07:00,680.8300170898438,680.8900146484375,680.6300048828125,680.72998046875,205355
2026-03-10 11:08:00,680.72998046875,680.8200073242188,680.5499877929688,680.5999755859375,103488
2026-03-10 11:09:00,680.5900268554688,680.7000122070312,680.4650268554688,680.5900268554688,118346
2026-03-10 11:10:00,680.5999755859375,680.6300048828125,680.3400268554688,680.4404907226562,108849
2026-03-10 11:11:00,680.4600219726562,680.7698974609375,680.3599853515625,680.739990234375,165936
2026-03-10 11:12:00,680.739990234375,680.7999877929688,680.6099853515625,680.6400146484375,81058
2026-03-10 11:13:00,680.6500244140625,680.6500244140625,680.22998046875,680.3049926757812,111315
2026-03-10 11:14:00,680.3200073242188,680.5999755859375,680.3099975585938,680.4000244140625,128689
2026-03-10 11:15:00,680.4000244140625,680.8400268554688,680.3699951171875,680.6799926757812,84107
2026-03-10 11:16:00,680.6799926757812,680.9600219726562,680.5800170898438,680.9400024414062,118074
2026-03-10 11:17:00,680.9315795898438,681.4400024414062,680.9199829101562,681.2899780273438,209874
2026-03-10 11:18:00,681.27001953125,681.52001953125,681.27001953125,681.4099731445312,106723
2026-03-10 11:19:00,681.3900146484375,681.530029296875,681.3200073242188,681.4299926757812,81642
2026-03-10 11:20:00,681.4199829101562,681.5800170898438,681.2849731445312,681.4299926757812,103623
2026-03-10 11:21:00,681.4199829101562,681.4500122070312,681.1099853515625,681.3800048828125,116802
2026-03-10 11:22:00,681.3973999023438,681.3973999023438,681.02001953125,681.1900024414062,111828
2026-03-10 11:23:00,681.1849975585938,681.280029296875,681.1099853515625,681.239990234375,95075
2026-03-10 11:24:00,681.22998046875,681.2550048828125,681.010009765625,681.1599731445312,142394
2026-03-10 11:25:00,681.1900024414062,681.219970703125,680.9509887695312,681.0999755859375,125496
2026-03-10 11:26:00,681.0866088867188,681.22998046875,680.9000244140625,681.1400146484375,90296
2026-03-10 11:27:00,681.1500244140625,681.27001953125,681.1099853515625,681.1719970703125,55106
2026-03-10 11:28:00,681.1699829101562,681.219970703125,681.0399780273438,681.1599731445312,61048
2026-03-10 11:29:00,681.1599731445312,681.1599731445312,680.9199829101562,681.1099853515625,82995
2026-03-10 11:30:00,681.0999755859375,681.1708984375,680.8599853515625,680.9500122070312,66345
2026-03-10 11:31:00,680.9400024414062,681.0800170898438,680.75390625,680.8099975585938,85828
2026-03-10 11:32:00,680.8250122070312,680.8300170898438,680.510009765625,680.6699829101562,95486
2026-03-10 11:33:00,680.6500244140625,680.8800048828125,680.6199951171875,680.6300048828125,223844
2026-03-10 11:34:00,680.6300048828125,680.760009765625,680.4400024414062,680.5599975585938,101453
2026-03-10 11:35:00,680.5499877929688,680.8699951171875,680.5449829101562,680.8300170898438,69744
2026-03-10 11:36:00,680.8200073242188,680.8535766601562,680.530029296875,680.6500244140625,155614
2026-03-10 11:37:00,680.6638793945312,681.030029296875,680.614990234375,681.0,76738
2026-03-10 11:38:00,681.010009765625,681.0599975585938,680.8499755859375,680.989990234375,100508
2026-03-10 11:39:00,680.989990234375,681.0599975585938,680.8300170898438,681.02001953125,69782
2026-03-10 11:40:00,681.0499877929688,681.3099975585938,680.8900146484375,680.8900146484375,112230
2026-03-10 11:41:00,680.89501953125,681.27001953125,680.780029296875,681.239990234375,81594
2026-03-10 11:42:00,681.25,681.780029296875,681.2000122070312,681.72998046875,172628
2026-03-10 11:43:00,681.719970703125,681.9498901367188,681.5599975585938,681.6400146484375,152400
2026-03-10 11:44:00,681.6500244140625,681.6599731445312,681.4099731445312,681.489990234375,172609
2026-03-10 11:45:00,681.489990234375,681.594970703125,681.2901000976562,681.4299926757812,90456
2026-03-10 11:46:00,681.4400024414062,681.6099853515625,681.2899780273438,681.2999877929688,136079
2026-03-10 11:47:00,681.280029296875,681.2802734375,680.8300170898438,681.1298828125,219330
2026-03-10 11:48:00,681.1099853515625,681.3200073242188,681.0700073242188,681.1699829101562,63135
2026-03-10 11:49:00,681.1699829101562,681.4130249023438,681.1199951171875,681.2000122070312,52062
2026-03-10 11:50:00,681.2100219726562,681.719970703125,681.2100219726562,681.47998046875,102475
2026-03-10 11:51:00,681.47998046875,681.5,681.1699829101562,681.2449951171875,84467
2026-03-10 11:52:00,681.239990234375,681.3400268554688,681.0999755859375,681.1599731445312,176362
2026-03-10 11:53:00,681.1400146484375,681.25,681.0599975585938,681.1900024414062,93085
2026-03-10 11:54:00,681.1799926757812,681.1900024414062,680.8699951171875,680.9299926757812,139593
2026-03-10 11:55:00,680.9290161132812,681.031982421875,680.90380859375,680.989990234375,112977
2026-03-10 11:56:00,680.97998046875,681.239990234375,680.8499755859375,681.239990234375,98216
2026-03-10 11:57:00,681.25,681.4000244140625,681.1300048828125,681.2100219726562,69972
2026-03-10 11:58:00,681.219970703125,681.2899780273438,681.1500244140625,681.1950073242188,113517
2026-03-10 11:59:00,681.1950073242188,681.4600219726562,681.1799926757812,681.3699951171875,101042
2026-03-10 12:00:00,681.3599853515625,681.4000244140625,680.8699951171875,680.969970703125,124411
2026-03-10 12:01:00,680.989990234375,681.0999755859375,680.8699951171875,680.905029296875,91183
2026-03-10 12:02:00,680.9099731445312,681.0050048828125,680.8300170898438,680.9400024414062,121048
2026-03-10 12:03:00,680.9299926757812,680.9299926757812,680.5,680.5800170898438,244874
2026-03-10 12:04:00,680.5900268554688,680.77001953125,680.3699951171875,680.530029296875,95764
2026-03-10 12:05:00,680.5399780273438,680.5700073242188,679.9550170898438,679.989990234375,111914
2026-03-10 12:06:00,680.0,680.0700073242188,679.75,680.02001953125,246550
2026-03-10 12:07:00,680.02001953125,680.0800170898438,679.760009765625,679.8599853515625,132116
2026-03-10 12:08:00,679.8599853515625,680.030029296875,679.72998046875,679.8779907226562,114204
2026-03-10 12:09:00,679.9000244140625,680.1099853515625,679.6799926757812,680.0499877929688,88727
2026-03-10 12:10:00,680.0449829101562,680.6900024414062,679.9400024414062,680.6099853515625,181059
2026-03-10 12:11:00,680.593994140625,680.8499755859375,680.5499877929688,680.7012939453125,105757
2026-03-10 12:12:00,680.739990234375,680.8200073242188,680.0750122070312,680.0800170898438,92602
2026-03-10 12:13:00,680.0900268554688,680.4000244140625,680.0599975585938,680.3900146484375,90548
2026-03-10 12:14:00,680.3820190429688,680.5900268554688,680.2999877929688,680.5,122374
2026-03-10 12:15:00,680.4949951171875,680.5399780273438,680.260009765625,680.4199829101562,93900
2026-03-10 12:16:00,680.4500122070312,680.6099853515625,680.3214111328125,680.5700073242188,56659
2026-03-10 12:17:00,680.5499877929688,680.5599975585938,680.3499755859375,680.385009765625,105744
2026-03-10 12:18:00,680.3800048828125,681.1799926757812,680.3800048828125,681.1199951171875,157090
2026-03-10 12:19:00,681.1199951171875,681.25,680.8699951171875,680.97998046875,155303
2026-03-10 12:20:00,680.989990234375,681.010009765625,680.6699829101562,680.8599853515625,99133
2026-03-10 12:21:00,680.8499755859375,680.8699951171875,680.31201171875,680.3300170898438,115711
2026-03-10 12:22:00,680.3300170898438,680.7000122070312,680.2999877929688,680.5800170898438,177092
2026-03-10 12:23:00,680.5599975585938,680.8300170898438,680.4600219726562,680.5800170898438,86091
2026-03-10 12:24:00,680.5700073242188,680.719970703125,680.458984375,680.6920166015625,120669
2026-03-10 12:25:00,680.6799926757812,681.3300170898438,680.6300048828125,681.0999755859375,262279
2026-03-10 12:26:00,681.1099853515625,681.2000122070312,680.9600219726562,681.0700073242188,112874
2026-03-10 12:27:00,681.0650024414062,681.239990234375,680.9500122070312,681.1400146484375,100037
2026-03-10 12:28:00,681.1303100585938,681.1400146484375,680.6699829101562,680.6699829101562,106828
2026-03-10 12:29:00,680.6900024414062,680.7000122070312,680.4199829101562,680.5999755859375,160856
2026-03-10 12:30:00,680.6099853515625,681.010009765625,680.6099853515625,680.8900146484375,366034
2026-03-10 12:31:00,680.885009765625,681.2230224609375,680.8150024414062,681.0900268554688,142287
2026-03-10 12:32:00,681.0850219726562,681.3400268554688,681.010009765625,681.14599609375,172013
2026-03-10 12:33:00,681.1400146484375,681.219970703125,680.9000244140625,680.9749755859375,356155
2026-03-10 12:34:00,680.97998046875,681.4000244140625,680.969970703125,681.3800048828125,110574
2026-03-10 12:35:00,681.3800048828125,681.530029296875,681.3109741210938,681.35498046875,168959
2026-03-10 12:36:00,681.3699951171875,681.6199951171875,681.3499755859375,681.5549926757812,131104
2026-03-10 12:37:00,681.5599975585938,681.5700073242188,681.364990234375,681.52001953125,87509
2026-03-10 12:38:00,681.5,681.6599731445312,681.239990234375,681.3200073242188,146772
2026-03-10 12:39:00,681.3300170898438,681.6300048828125,681.2999877929688,681.5999755859375,81854
2026-03-10 12:40:00,681.5800170898438,681.6500244140625,681.3900146484375,681.530029296875,124688
2026-03-10 12:41:00,681.5349731445312,681.5499877929688,681.3599853515625,681.3900146484375,87638
2026-03-10 12:42:00,681.4000244140625,681.5806884765625,681.3300170898438,681.344970703125,91459
2026-03-10 12:43:00,681.344970703125,681.4099731445312,681.25,681.3599853515625,120735
2026-03-10 12:44:00,681.3699951171875,681.6199951171875,681.3300170898438,681.5399780273438,74620
2026-03-10 12:45:00,681.5499877929688,681.5800170898438,680.9099731445312,680.9600219726562,146333
2026-03-10 12:46:00,680.9500122070312,680.97998046875,680.6599731445312,680.7999877929688,133388
2026-03-10 12:47:00,680.7999877929688,680.8599853515625,680.6199951171875,680.780029296875,69778
2026-03-10 12:48:00,680.7899780273438,680.8699951171875,680.6199951171875,680.719970703125,67161
2026-03-10 12:49:00,680.719970703125,681.1701049804688,680.7100219726562,680.8800048828125,229024
2026-03-10 12:50:00,680.8900146484375,681.02001953125,680.77001953125,680.85498046875,302341
2026-03-10 12:51:00,680.8499755859375,681.2100219726562,680.7313232421875,681.1599731445312,80203
2026-03-10 12:52:00,681.169921875,681.8198852539062,681.1300048828125,681.7899780273438,183255
2026-03-10 12:53:00,681.7899780273438,681.8200073242188,681.4099731445312,681.4749755859375,145291
2026-03-10 12:54:00,681.47998046875,681.6599731445312,681.4199829101562,681.6400146484375,110069
2026-03-10 12:55:00,681.6400146484375,681.7100219726562,681.4920043945312,681.5900268554688,57188
2026-03-10 12:56:00,681.5800170898438,681.6799926757812,681.52001953125,681.5800170898438,69209
2026-03-10 12:57:00,681.5900268554688,681.739990234375,681.5,681.5499877929688,108057
2026-03-10 12:58:00,681.5499877929688,681.6599731445312,681.3499755859375,681.510009765625,131654
2026-03-10 12:59:00,681.510009765625,681.5399780273438,681.4299926757812,681.4500122070312,51309
2026-03-10 13:00:00,681.4500122070312,681.4500122070312,681.27001953125,681.3300170898438,121152
2026-03-10 13:01:00,681.3200073242188,681.7899780273438,681.2899780273438,681.7799072265625,120801
2026-03-10 13:02:00,681.780029296875,681.989990234375,681.6300048828125,681.9498901367188,255007
2026-03-10 13:03:00,681.9400024414062,682.0800170898438,681.8400268554688,681.9000244140625,223452
2026-03-10 13:04:00,681.9000244140625,681.9500122070312,681.77001953125,681.864990234375,152942
2026-03-10 13:05:00,681.8720092773438,682.2999877929688,681.8099975585938,682.260009765625,227418
2026-03-10 13:06:00,682.260009765625,682.3200073242188,682.125,682.1749877929688,136704
2026-03-10 13:07:00,682.1799926757812,682.3499755859375,682.1199951171875,682.22998046875,115637
2026-03-10 13:08:00,682.219970703125,682.280029296875,682.0800170898438,682.2100219726562,139693
2026-03-10 13:09:00,682.2100219726562,682.239990234375,681.8099975585938,682.0501098632812,151704
2026-03-10 13:10:00,682.030029296875,682.2899780273438,682.010009765625,682.27001953125,98894
2026-03-10 13:11:00,682.280029296875,682.3400268554688,682.0599975585938,682.0841064453125,91216
2026-03-10 13:12:00,682.0900268554688,682.125,681.7100219726562,681.7550048828125,214540
2026-03-10 13:13:00,681.75,681.8400268554688,681.5800170898438,681.75,217586
2026-03-10 13:14:00,681.75,681.8300170898438,681.6699829101562,681.8101196289062,63000
2026-03-10 13:15:00,681.8300170898438,682.1799926757812,681.760009765625,682.0499877929688,117571
2026-03-10 13:16:00,682.0499877929688,682.3900756835938,682.0349731445312,682.3300170898438,155175
2026-03-10 13:17:00,682.3200073242188,682.510009765625,682.22998046875,682.4500122070312,208942
2026-03-10 13:18:00,682.4400024414062,682.6099853515625,682.4000244140625,682.510009765625,294815
2026-03-10 13:19:00,682.5050048828125,682.72998046875,682.489990234375,682.6699829101562,194618
2026-03-10 13:20:00,682.6699829101562,682.6799926757812,682.3405151367188,682.3699951171875,201857
2026-03-10 13:21:00,682.3800048828125,682.5499877929688,682.3250122070312,682.469970703125,176606
2026-03-10 13:22:00,682.4600219726562,682.5961303710938,682.3200073242188,682.4301147460938,108714
2026-03-10 13:23:00,682.4500122070312,682.6738891601562,682.3200073242188,682.5850219726562,153203
2026-03-10 13:24:00,682.5800170898438,682.7999877929688,682.5399780273438,682.6799926757812,96595
2026-03-10 13:25:00,682.6799926757812,682.75,682.5800170898438,682.6599731445312,111369
2026-03-10 13:26:00,682.6599731445312,682.72998046875,682.5700073242188,682.72998046875,92914
2026-03-10 13:27:00,682.719970703125,683.219970703125,682.719970703125,683.0999755859375,290957
2026-03-10 13:28:00,683.0900268554688,683.3599853515625,683.0399780273438,683.3300170898438,159889
2026-03-10 13:29:00,683.3300170898438,683.3499755859375,683.1799926757812,683.2650146484375,251298
2026-03-10 13:30:00,683.25,683.25,682.7601928710938,682.7999877929688,289759
2026-03-10 13:31:00,682.8099975585938,682.8699951171875,682.5599975585938,682.7000122070312,144790
2026-03-10 13:32:00,682.6900024414062,682.8800048828125,682.530029296875,682.8800048828125,131465
2026-03-10 13:33:00,682.8599853515625,682.9199829101562,682.1500244140625,682.3599853515625,227305
2026-03-10 13:34:00,682.3699951171875,682.4299926757812,681.97998046875,682.0499877929688,218326
2026-03-10 13:35:00,682.0700073242188,682.2000122070312,681.530029296875,681.5900268554688,276067
2026-03-10 13:36:00,681.5800170898438,682.0,681.5045776367188,681.52001953125,216419
2026-03-10 13:37:00,681.5,681.5,680.8900146484375,681.0399780273438,306971
2026-03-10 13:38:00,681.0499877929688,681.1500244140625,680.6798706054688,680.8300170898438,382512
2026-03-10 13:39:00,680.8300170898438,681.3599853515625,680.6300048828125,681.3400268554688,247625
2026-03-10 13:40:00,681.3099975585938,681.4400024414062,681.0399780273438,681.0999755859375,196688
2026-03-10 13:41:00,681.0999755859375,681.7899780273438,681.0700073242188,681.5700073242188,179013
2026-03-10 13:42:00,681.5700073242188,681.6900024414062,681.1400146484375,681.3699951171875,147869
2026-03-10 13:43:00,681.4000244140625,681.6099853515625,681.3099975585938,681.3699951171875,207612
2026-03-10 13:44:00,681.3800048828125,681.4398803710938,681.0,681.2899780273438,106859
2026-03-10 13:45:00,681.2822265625,681.5,681.1799926757812,681.3900146484375,80067
2026-03-10 13:46:00,681.3800048828125,681.47998046875,681.2000122070312,681.4600219726562,117625
2026-03-10 13:47:00,681.4600219726562,681.9299926757812,681.3900146484375,681.8300170898438,136279
2026-03-10 13:48:00,681.8300170898438,682.4299926757812,681.8300170898438,682.364990234375,157815
2026-03-10 13:49:00,682.3499755859375,682.47998046875,682.0499877929688,682.0880126953125,157683
2026-03-10 13:50:00,682.0399780273438,682.219970703125,682.0,682.0900268554688,78607
2026-03-10 13:51:00,682.0999755859375,682.3800048828125,682.0800170898438,682.3699951171875,87648
2026-03-10 13:52:00,682.3599853515625,682.5900268554688,682.280029296875,682.489990234375,87449
2026-03-10 13:53:00,682.5,682.5700073242188,682.3099975585938,682.4299926757812,211882
2026-03-10 13:54:00,682.4000244140625,682.4400024414062,682.2100219726562,682.3800048828125,66634
2026-03-10 13:55:00,682.3599853515625,682.4000244140625,682.1699829101562,682.3099975585938,82099
2026-03-10 13:56:00,682.2999877929688,682.2999877929688,681.8250122070312,681.9600219726562,120696
2026-03-10 13:57:00,681.9500732421875,682.239990234375,681.9299926757812,682.17529296875,70284
2026-03-10 13:58:00,682.1599731445312,682.3800048828125,682.1500244140625,682.280029296875,135125
2026-03-10 13:59:00,682.260009765625,682.260009765625,682.02001953125,682.0469970703125,78625
2026-03-10 14:00:00,682.0499877929688,682.1099853515625,681.780029296875,681.9299926757812,158757
2026-03-10 14:01:00,681.9299926757812,682.1599731445312,681.8499755859375,681.9099731445312,291736
2026-03-10 14:02:00,681.9099731445312,682.1500244140625,681.8200073242188,681.8900146484375,140583
2026-03-10 14:03:00,681.8900146484375,682.1300048828125,681.72998046875,682.0900268554688,162637
2026-03-10 14:04:00,682.0800170898438,682.1900024414062,681.969970703125,682.0499877929688,120498
2026-03-10 14:05:00,682.0599975585938,682.0999755859375,681.760009765625,681.8800048828125,90297
2026-03-10 14:06:00,681.9099731445312,681.9400024414062,681.530029296875,681.5900268554688,110514
2026-03-10 14:07:00,681.6199951171875,681.8099975585938,681.5449829101562,681.6300048828125,153847
2026-03-10 14:08:00,681.6099853515625,681.7899780273438,681.5499877929688,681.5701293945312,121553
2026-03-10 14:09:00,681.5640258789062,681.5999755859375,681.3099975585938,681.4600219726562,110126
2026-03-10 14:10:00,681.4500122070312,681.6199951171875,681.1900024414062,681.239990234375,120023
2026-03-10 14:11:00,681.25,681.530029296875,681.1699829101562,681.47998046875,126707
2026-03-10 14:12:00,681.47998046875,681.9600219726562,681.4400024414062,681.77001953125,179720
2026-03-10 14:13:00,681.7451782226562,682.02001953125,680.6900024414062,680.8300170898438,416644
2026-03-10 14:14:00,680.8099975585938,680.8099975585938,678.5999755859375,678.6099853515625,1130936
2026-03-10 14:15:00,678.6500244140625,679.530029296875,678.3800048828125,679.1400146484375,903639
2026-03-10 14:16:00,679.1400146484375,679.7999877929688,678.6699829101562,678.77001953125,509571
2026-03-10 14:17:00,678.77001953125,679.1199951171875,678.02001953125,678.3599853515625,771854
2026-03-10 14:18:00,678.3599853515625,679.030029296875,678.0606079101562,678.0900268554688,551666
2026-03-10 14:19:00,678.0999755859375,678.4500122070312,677.6749877929688,678.0900268554688,469910
2026-03-10 14:20:00,678.0499877929688,678.760009765625,677.5399780273438,678.010009765625,713326
2026-03-10 14:21:00,678.010009765625,678.3200073242188,677.3800048828125,677.47998046875,504552
2026-03-10 14:22:00,677.47998046875,678.280029296875,677.4199829101562,678.2506103515625,287272
2026-03-10 14:23:00,678.25,678.7000122070312,677.8900146484375,678.47998046875,267448
2026-03-10 14:24:00,678.5,679.0599975585938,678.3300170898438,678.4249877929688,385560
2026-03-10 14:25:00,678.4299926757812,679.0599975585938,678.3800048828125,678.864990234375,254930
2026-03-10 14:26:00,678.8599853515625,679.7000122070312,678.8400268554688,679.6799926757812,338520
2026-03-10 14:27:00,679.6699829101562,680.1500244140625,679.27001953125,679.8099975585938,358071
2026-03-10 14:28:00,679.7899780273438,679.9400024414062,679.2999877929688,679.6400146484375,264212
2026-03-10 14:29:00,679.6099853515625,679.8200073242188,679.2000122070312,679.3499755859375,246894
2026-03-10 14:30:00,679.3150024414062,679.8200073242188,678.9199829101562,679.5800170898438,330074
2026-03-10 14:31:00,679.5599975585938,680.3699951171875,679.530029296875,679.9246826171875,361932
2026-03-10 14:32:00,679.9400024414062,680.2100219726562,679.72998046875,680.010009765625,137218
2026-03-10 14:33:00,680.030029296875,680.1749877929688,679.4000244140625,679.6090087890625,164053
2026-03-10 14:34:00,679.6300048828125,679.8699951171875,679.3800048828125,679.739990234375,95770
2026-03-10 14:35:00,679.719970703125,679.8900146484375,678.6400146484375,678.7369995117188,537286
2026-03-10 14:36:00,678.75,679.739990234375,678.3800048828125,679.52001953125,250713
2026-03-10 14:37:00,679.489990234375,680.1099853515625,679.1599731445312,679.969970703125,143562
2026-03-10 14:38:00,680.0,680.1099853515625,679.3800048828125,679.510009765625,118096
2026-03-10 14:39:00,679.6199951171875,679.6400146484375,678.9000244140625,678.9400024414062,201435
2026-03-10 14:40:00,678.9299926757812,679.1699829101562,678.6599731445312,678.6900024414062,159897
2026-03-10 14:41:00,678.6799926757812,678.9500122070312,678.4400024414062,678.8300170898438,163176
2026-03-10 14:42:00,678.8599853515625,679.4500122070312,678.760009765625,679.260009765625,151130
2026-03-10 14:43:00,679.239990234375,679.4400024414062,679.0800170898438,679.1400146484375,146118
2026-03-10 14:44:00,679.1599731445312,679.239990234375,678.72998046875,678.72998046875,113575
2026-03-10 14:45:00,678.719970703125,679.1400146484375,678.530029296875,678.6099853515625,104477
2026-03-10 14:46:00,678.6099853515625,679.1300048828125,678.5599975585938,678.8300170898438,106395
2026-03-10 14:47:00,678.8400268554688,679.4199829101562,678.8200073242188,678.9600219726562,95061
2026-03-10 14:48:00,678.9299926757812,679.2000122070312,678.9099731445312,679.0599975585938,93004
2026-03-10 14:49:00,679.0599975585938,679.2999877929688,678.8800048828125,678.9500122070312,83853
2026-03-10 14:50:00,678.97998046875,679.6500244140625,678.8699951171875,679.5800170898438,141087
2026-03-10 14:51:00,679.552978515625,679.7999877929688,679.1500244140625,679.2100219726562,99601
2026-03-10 14:52:00,679.2100219726562,679.3200073242188,678.97998046875,679.0399780273438,93747
2026-03-10 14:53:00,679.030029296875,679.030029296875,678.5800170898438,678.6099853515625,112625
2026-03-10 14:54:00,678.6099853515625,679.030029296875,678.4299926757812,678.8767700195312,228627
2026-03-10 14:55:00,678.8900146484375,679.1599731445312,678.4000244140625,678.47998046875,113958
2026-03-10 14:56:00,678.47998046875,678.8800048828125,678.4299926757812,678.6099853515625,84756
2026-03-10 14:57:00,678.6199951171875,678.7999877929688,678.4299926757812,678.72998046875,95291
2026-03-10 14:58:00,678.7000122070312,678.780029296875,678.4400024414062,678.5800170898438,83618
2026-03-10 14:59:00,678.5900268554688,678.6599731445312,678.4500122070312,678.5,79631
2026-03-10 15:00:00,678.52001953125,678.7899780273438,678.2899169921875,678.3699951171875,153263
2026-03-10 15:01:00,678.3599853515625,678.7000122070312,678.3099975585938,678.6107177734375,125910
2026-03-10 15:02:00,678.6300048828125,678.6900024414062,678.3900146484375,678.5599975585938,98942
2026-03-10 15:03:00,678.530029296875,678.7899780273438,678.3699951171875,678.780029296875,103464
2026-03-10 15:04:00,678.77001953125,679.0,678.489990234375,678.510009765625,132666
2026-03-10 15:05:00,678.5,678.7999877929688,678.4199829101562,678.6400146484375,127533
2026-03-10 15:06:00,678.6400146484375,678.72998046875,678.1799926757812,678.25,141021
2026-03-10 15:07:00,678.2401123046875,678.5999755859375,678.0599975585938,678.5900268554688,301572
2026-03-10 15:08:00,678.5599975585938,678.9349975585938,678.47998046875,678.7899780273438,151923
2026-03-10 15:09:00,678.7999877929688,678.9299926757812,678.6599731445312,678.739990234375,96827
2026-03-10 15:10:00,678.6900024414062,678.760009765625,678.3699951171875,678.6400146484375,117849
2026-03-10 15:11:00,678.6500244140625,678.6799926757812,678.1400146484375,678.3699951171875,125351
2026-03-10 15:12:00,678.3787841796875,678.530029296875,678.280029296875,678.2999877929688,88774
2026-03-10 15:13:00,678.3099975585938,678.5800170898438,678.260009765625,678.5650024414062,98546
2026-03-10 15:14:00,678.5800170898438,679.0474853515625,678.5599975585938,678.9400024414062,228642
2026-03-10 15:15:00,678.9450073242188,679.1900024414062,678.8099975585938,678.8900146484375,144541
2026-03-10 15:16:00,678.9000244140625,679.0861206054688,678.72998046875,679.0399780273438,86682
2026-03-10 15:17:00,679.010009765625,679.260009765625,678.8699951171875,679.1300048828125,84610
2026-03-10 15:18:00,679.1400146484375,679.469970703125,679.0999755859375,679.4199829101562,137331
2026-03-10 15:19:00,679.4099731445312,679.530029296875,679.1749877929688,679.3300170898438,130051
2026-03-10 15:20:00,679.3099975585938,679.4099731445312,678.5599975585938,678.719970703125,179432
2026-03-10 15:21:00,678.75,678.8099975585938,677.8599853515625,678.0631713867188,457310
2026-03-10 15:22:00,678.0700073242188,678.6300048828125,677.8800048828125,678.530029296875,444560
2026-03-10 15:23:00,678.52001953125,679.02001953125,678.3699951171875,678.7000122070312,141514
2026-03-10 15:24:00,678.7100219726562,678.7598876953125,678.3599853515625,678.6199951171875,143521
2026-03-10 15:25:00,678.6300048828125,678.6400146484375,678.0599975585938,678.1400146484375,113533
2026-03-10 15:26:00,678.1500244140625,678.1500244140625,677.469970703125,677.6400146484375,168891
2026-03-10 15:27:00,677.6500244140625,678.0399780273438,677.4400024414062,677.8800048828125,224323
2026-03-10 15:28:00,677.8800048828125,677.989990234375,677.6099853515625,677.760009765625,81225
2026-03-10 15:29:00,677.8200073242188,677.97998046875,677.4099731445312,677.4099731445312,188324
2026-03-10 15:30:00,677.4199829101562,677.4500122070312,676.9500122070312,677.1199951171875,276775
2026-03-10 15:31:00,677.0999755859375,677.619384765625,677.02001953125,677.0599975585938,189941
2026-03-10 15:32:00,677.0499877929688,677.4299926757812,676.8900146484375,677.4099731445312,177239
2026-03-10 15:33:00,677.4000244140625,677.5499877929688,677.1900024414062,677.1900024414062,165766
2026-03-10 15:34:00,677.2000122070312,677.22998046875,676.75,677.030029296875,258582
2026-03-10 15:35:00,677.0399780273438,677.2000122070312,676.739990234375,676.75,232583
2026-03-10 15:36:00,676.7651977539062,676.9199829101562,676.6099853515625,676.8599853515625,206904
2026-03-10 15:37:00,676.8599853515625,677.2999877929688,676.8400268554688,677.0,270162
2026-03-10 15:38:00,677.010009765625,677.3200073242188,676.8800048828125,677.260009765625,221081
2026-03-10 15:39:00,677.2650146484375,677.6500244140625,677.1199951171875,677.5,374799
2026-03-10 15:40:00,677.5,678.3200073242188,676.8099975585938,678.0,836962
2026-03-10 15:41:00,678.02001953125,678.1099853515625,677.1900024414062,677.2349853515625,435991
2026-03-10 15:42:00,677.2999877929688,677.9400024414062,677.1400146484375,677.8699951171875,291067
2026-03-10 15:43:00,677.8599853515625,677.9600219726562,677.5599975585938,677.8300170898438,252830
2026-03-10 15:44:00,677.8200073242188,677.8800048828125,677.3599853515625,677.4550170898438,142543
2026-03-10 15:45:00,677.4500122070312,677.77001953125,677.3699951171875,677.47998046875,169406
2026-03-10 15:46:00,677.465087890625,677.530029296875,677.1799926757812,677.3599853515625,206200
2026-03-10 15:47:00,677.3499755859375,677.469970703125,677.010009765625,677.0800170898438,248645
2026-03-10 15:48:00,677.0900268554688,677.0999755859375,676.5599975585938,676.6300048828125,250491
2026-03-10 15:49:00,676.6199951171875,676.8822021484375,676.469970703125,676.760009765625,264546
2026-03-10 15:50:00,676.77001953125,677.010009765625,676.25,676.719970703125,408515
2026-03-10 15:51:00,676.75,676.9000244140625,676.3200073242188,676.3499755859375,355053
2026-03-10 15:52:00,676.3699951171875,677.0197143554688,676.3699951171875,676.6099853515625,252542
2026-03-10 15:53:00,676.6005859375,676.9400024414062,676.5399780273438,676.6400146484375,270234
2026-03-10 15:54:00,676.6599731445312,676.8599853515625,676.47998046875,676.75,364276
2026-03-10 15:55:00,676.75,677.1900024414062,676.35498046875,676.52001953125,622684
2026-03-10 15:56:00,676.52001953125,676.5700073242188,676.27001953125,676.4299926757812,368469
2026-03-10 15:57:00,676.4400024414062,676.655029296875,676.22998046875,676.5349731445312,392081
2026-03-10 15:58:00,676.5499877929688,676.8499755859375,676.489990234375,676.72998046875,613855
2026-03-10 15:59:00,676.72998046875,677.1300048828125,676.5499877929688,677.0499877929688,1289770
2026-03-11 09:30:00,677.5800170898438,678.2000122070312,677.5700073242188,678.1400146484375,2757799
2026-03-11 09:31:00,678.1300048828125,678.1900024414062,677.52001953125,677.7899780273438,233407
2026-03-11 09:32:00,677.780029296875,678.3800048828125,677.7550048828125,678.1599731445312,196390
2026-03-11 09:33:00,678.1500244140625,678.239990234375,677.7501831054688,677.9400024414062,218539
2026-03-11 09:34:00,677.9299926757812,678.1199951171875,677.6400146484375,677.780029296875,156356
2026-03-11 09:35:00,677.780029296875,678.2100219726562,677.6696166992188,677.75,196510
2026-03-11 09:36:00,677.7349853515625,678.0999755859375,677.6099853515625,677.77001953125,184829
2026-03-11 09:37:00,677.7899780273438,678.3300170898438,677.719970703125,678.3001098632812,179814
2026-03-11 09:38:00,678.3200073242188,678.3699951171875,677.969970703125,678.072021484375,145007
2026-03-11 09:39:00,678.0499877929688,678.4400024414062,678.0499877929688,678.3900146484375,145967
2026-03-11 09:40:00,678.3800048828125,678.5,678.0999755859375,678.3400268554688,221833
2026-03-11 09:41:00,678.3300170898438,678.3499755859375,677.989990234375,678.1900024414062,134830
2026-03-11 09:42:00,678.1900024414062,678.25,677.6699829101562,677.7501220703125,218893
2026-03-11 09:43:00,677.75,677.830078125,677.4400024414062,677.5604858398438,139577
2026-03-11 09:44:00,677.5900268554688,677.5999755859375,677.1699829101562,677.3499755859375,122312
2026-03-11 09:45:00,677.3599853515625,677.9199829101562,677.1500244140625,677.6799926757812,245794
2026-03-11 09:46:00,677.6400146484375,677.6599731445312,677.1513061523438,677.2600708007812,158242
2026-03-11 09:47:00,677.260009765625,677.3699951171875,676.9299926757812,676.9400024414062,284818
2026-03-11 09:48:00,676.9199829101562,676.9199829101562,676.5,676.6199951171875,208156
2026-03-11 09:49:00,676.61572265625,676.9099731445312,676.4199829101562,676.6900024414062,188171
2026-03-11 09:50:00,676.7100219726562,676.739990234375,676.3200073242188,676.3699951171875,195797
2026-03-11 09:51:00,676.39501953125,676.4299926757812,676.1300048828125,676.3200073242188,102601
2026-03-11 09:52:00,676.3300170898438,676.8900146484375,676.2849731445312,676.8400268554688,148522
2026-03-11 09:53:00,676.8599853515625,677.6494750976562,676.8599853515625,677.0599975585938,308374
2026-03-11 09:54:00,677.0599975585938,677.1799926757812,676.719970703125,677.02001953125,155287
2026-03-11 09:55:00,677.0399780273438,677.2999877929688,676.6500244140625,676.75,152755
2026-03-11 09:56:00,676.739990234375,677.0,676.530029296875,676.9591064453125,143317
2026-03-11 09:57:00,676.926025390625,677.1400146484375,676.6994018554688,677.0800170898438,139570
2026-03-11 09:58:00,677.0789794921875,678.1699829101562,677.030029296875,677.9199829101562,227188
2026-03-11 09:59:00,677.8900146484375,677.97998046875,677.6099853515625,677.8900146484375,249427
2026-03-11 10:00:00,677.9000244140625,679.8800048828125,677.6900024414062,679.719970703125,474764
2026-03-11 10:01:00,679.739990234375,680.0800170898438,679.0900268554688,679.3699951171875,733793
2026-03-11 10:02:00,679.3300170898438,679.4000244140625,678.75,678.9099731445312,548915
2026-03-11 10:03:00,678.8900146484375,678.8900146484375,677.8300170898438,678.3800048828125,429028
2026-03-11 10:04:00,678.4099731445312,678.8900146484375,678.239990234375,678.34912109375,257110
2026-03-11 10:05:00,678.3499755859375,679.0499877929688,678.27001953125,678.8400268554688,220819
2026-03-11 10:06:00,678.8599853515625,679.02001953125,678.0700073242188,678.1400146484375,200180
2026-03-11 10:07:00,678.1300048828125,678.5499877929688,678.0,678.0700073242188,161723
2026-03-11 10:08:00,678.0499877929688,678.1199951171875,677.4299926757812,678.030029296875,276924
2026-03-11 10:09:00,678.030029296875,678.3099975585938,677.8400268554688,677.9998779296875,165276
2026-03-11 10:10:00,678.0,678.280029296875,677.6900024414062,677.8900146484375,131561
2026-03-11 10:11:00,677.9000244140625,677.9299926757812,677.1900024414062,677.6300048828125,195585
2026-03-11 10:12:00,677.6199951171875,677.7100219726562,677.02001953125,677.52001953125,174716
2026-03-11 10:13:00,677.5,678.030029296875,677.3200073242188,677.8150024414062,163358
2026-03-11 10:14:00,677.8400268554688,678.27001953125,677.8400268554688,678.0401000976562,124179
2026-03-11 10:15:00,678.030029296875,678.260009765625,677.489990234375,677.6209716796875,114775
2026-03-11 10:16:00,677.5800170898438,677.719970703125,676.9400024414062,677.3499755859375,116786
2026-03-11 10:17:00,677.3499755859375,677.7999877929688,677.25,677.5800170898438,110444
2026-03-11 10:18:00,677.5999145507812,678.0599975585938,677.4000244140625,678.0499877929688,97734
2026-03-11 10:19:00,678.0599975585938,678.239990234375,677.6099853515625,677.8009033203125,129342
2026-03-11 10:20:00,677.75,677.8300170898438,677.3599853515625,677.7100219726562,69634
2026-03-11 10:21:00,677.7150268554688,677.8699951171875,677.3900146484375,677.47998046875,86226
2026-03-11 10:22:00,677.469970703125,677.5999755859375,677.1799926757812,677.280029296875,125438
2026-03-11 10:23:00,677.2999877929688,677.3200073242188,676.3200073242188,676.4390869140625,197961
2026-03-11 10:24:00,676.4600219726562,676.6400146484375,676.1199951171875,676.1300048828125,210408
2026-03-11 10:25:00,676.1199951171875,676.280029296875,675.739990234375,676.0682983398438,259227
2026-03-11 10:26:00,676.0800170898438,676.3099975585938,675.7100219726562,675.855712890625,131579
2026-03-11 10:27:00,675.8599853515625,675.8900146484375,675.3200073242188,675.3300170898438,252792
2026-03-11 10:28:00,675.3499755859375,675.5599975585938,675.1950073242188,675.52001953125,162615
2026-03-11 10:29:00,675.5,676.260009765625,675.4998779296875,676.1500244140625,246747
2026-03-11 10:30:00,676.1400146484375,676.4650268554688,676.0,676.4400024414062,202834
2026-03-11 10:31:00,676.4500122070312,676.8099975585938,676.0,676.010009765625,170159
2026-03-11 10:32:00,676.0599975585938,676.0999755859375,675.7100219726562,675.8599853515625,118974
2026-03-11 10:33:00,675.8400268554688,675.8800048828125,675.47998046875,675.52001953125,171324
2026-03-11 10:34:00,675.5399780273438,675.5499877929688,675.2000122070312,675.5,195765
2026-03-11 10:35:00,675.498291015625,676.1699829101562,675.4600219726562,675.8800048828125,148500
2026-03-11 10:36:00,675.8900146484375,676.5650024414062,675.8699951171875,676.5499877929688,138084
2026-03-11 10:37:00,676.5599975585938,676.7899780273438,676.3200073242188,676.77001953125,141844
2026-03-11 10:38:00,676.780029296875,677.1500244140625,676.77001953125,676.9099731445312,129646
2026-03-11 10:39:00,676.905029296875,676.989990234375,676.4299926757812,676.75,104478
2026-03-11 10:40:00,676.72998046875,677.02001953125,676.5800170898438,676.8699951171875,91208
2026-03-11 10:41:00,676.8499755859375,676.9199829101562,676.52001953125,676.8099975585938,79611
2026-03-11 10:42:00,676.8499755859375,677.260009765625,676.6599731445312,677.0,104124
2026-03-11 10:43:00,677.0,677.3699951171875,677.0,677.22998046875,144623
2026-03-11 10:44:00,677.219970703125,677.6500244140625,677.1799926757812,677.3499755859375,143224
2026-03-11 10:45:00,677.344970703125,677.5900268554688,677.1400146484375,677.5499877929688,157721
2026-03-11 10:46:00,677.5700073242188,677.719970703125,676.989990234375,676.989990234375,92465
2026-03-11 10:47:00,677.0,677.5399780273438,677.0,677.52001953125,103165
2026-03-11 10:48:00,677.530029296875,677.7899780273438,677.219970703125,677.47998046875,103864
2026-03-11 10:49:00,677.5,677.77001953125,677.5,677.7100219726562,90897
2026-03-11 10:50:00,677.6900024414062,677.8900146484375,677.5800170898438,677.77001953125,70962
2026-03-11 10:51:00,677.77001953125,677.9299926757812,677.5900268554688,677.7899780273438,60526
2026-03-11 10:52:00,677.7899780273438,677.8900146484375,677.5999755859375,677.6500854492188,56548
2026-03-11 10:53:00,677.6500244140625,677.8099975585938,677.4400024414062,677.7786254882812,107596
2026-03-11 10:54:00,677.760009765625,677.8699951171875,677.5800170898438,677.7999877929688,65895
2026-03-11 10:55:00,677.8200073242188,677.8900146484375,677.52001953125,677.5499877929688,79321
2026-03-11 10:56:00,677.5499877929688,677.7999877929688,677.5499877929688,677.7000122070312,43343
2026-03-11 10:57:00,677.739990234375,678.02001953125,677.6300048828125,677.989990234375,87519
2026-03-11 10:58:00,677.97998046875,678.3800048828125,677.8499755859375,678.22998046875,134700
2026-03-11 10:59:00,678.2000122070312,678.2551879882812,677.9099731445312,678.0700073242188,90440
2026-03-11 11:00:00,678.0800170898438,678.5399780273438,678.0499877929688,678.5050048828125,88894
2026-03-11 11:01:00,678.5399780273438,678.6400146484375,677.75,677.8499755859375,100724
2026-03-11 11:02:00,677.8400268554688,677.8400268554688,677.0499877929688,677.0700073242188,568052
2026-03-11 11:03:00,677.0800170898438,677.3800048828125,676.9299926757812,677.219970703125,106622
2026-03-11 11:04:00,677.2000122070312,677.869873046875,676.9199829101562,677.8499755859375,131909
2026-03-11 11:05:00,677.8599853515625,677.9099731445312,677.3900146484375,677.510009765625,103211
2026-03-11 11:06:00,677.489990234375,677.5,677.114990234375,677.1849975585938,80176
2026-03-11 11:07:00,677.1849975585938,677.510009765625,677.1580200195312,677.25,76145
2026-03-11 11:08:00,677.280029296875,677.3099975585938,677.02001953125,677.2000122070312,102693
2026-03-11 11:09:00,677.1300048828125,677.1900024414062,676.9400024414062,677.1099853515625,69806
2026-03-11 11:10:00,677.0999755859375,677.52001953125,676.969970703125,676.989990234375,109690
2026-03-11 11:11:00,676.989990234375,676.989990234375,676.4600219726562,676.7000732421875,167818
2026-03-11 11:12:00,676.6710815429688,676.7100219726562,675.4000244140625,675.510009765625,285988
2026-03-11 11:13:00,675.5,676.0,675.280029296875,675.8599853515625,237145
2026-03-11 11:14:00,675.8886108398438,676.0700073242188,675.6599731445312,675.7999877929688,156950
2026-03-11 11:15:00,675.7849731445312,675.8399047851562,675.1699829101562,675.239990234375,190106
2026-03-11 11:16:00,675.25,675.6400146484375,675.25,675.2899780273438,195836
2026-03-11 11:17:00,675.2899780273438,675.3900146484375,675.0349731445312,675.0999755859375,175970
2026-03-11 11:18:00,675.0700073242188,675.47998046875,674.8800048828125,675.4000244140625,267226
2026-03-11 11:19:00,675.4199829101562,675.5599975585938,675.1900024414062,675.4000244140625,154239
2026-03-11 11:20:00,675.4099731445312,675.9099731445312,675.3703002929688,675.6099853515625,225202
2026-03-11 11:21:00,675.6099853515625,675.77001953125,675.3599853515625,675.5599975585938,154196
2026-03-11 11:22:00,675.5399780273438,675.6599731445312,675.1900024414062,675.3090209960938,106807
2026-03-11 11:23:00,675.3099975585938,676.02001953125,675.1799926757812,675.9299926757812,221810
2026-03-11 11:24:00,675.9099731445312,676.3400268554688,675.8800048828125,676.239990234375,120513
2026-03-11 11:25:00,676.239990234375,676.530029296875,676.1400146484375,676.155029296875,123538
2026-03-11 11:26:00,676.1699829101562,676.22998046875,675.7999877929688,675.8599853515625,145870
2026-03-11 11:27:00,675.8699951171875,675.9500122070312,675.3400268554688,675.8300170898438,271070
2026-03-11 11:28:00,675.8400268554688,676.0399780273438,675.5499877929688,675.6300048828125,118200
2026-03-11 11:29:00,675.6199951171875,675.6199951171875,674.5900268554688,674.6699829101562,194420
2026-03-11 11:30:00,674.6799926757812,674.9199829101562,674.27001953125,674.2999877929688,260561
2026-03-11 11:31:00,674.3099975585938,674.4600219726562,674.0999755859375,674.239990234375,273702
2026-03-11 11:32:00,674.239990234375,674.6400146484375,674.1099853515625,674.6099853515625,185231
2026-03-11 11:33:00,674.5700073242188,674.8099975585938,674.5700073242188,674.7000122070312,157698
2026-03-11 11:34:00,674.719970703125,675.1699829101562,674.7094116210938,674.8900146484375,133852
2026-03-11 11:35:00,674.8881225585938,675.1199951171875,674.6799926757812,674.780029296875,101823
2026-03-11 11:36:00,674.7899780273438,675.1400146484375,674.7899780273438,674.9400024414062,74395
2026-03-11 11:37:00,674.9364013671875,675.2000122070312,674.8499755859375,674.989990234375,85524
2026-03-11 11:38:00,674.989990234375,675.2899780273438,674.8900146484375,675.15087890625,84401
2026-03-11 11:39:00,675.1599731445312,675.2050170898438,674.6799926757812,674.8699951171875,111098
2026-03-11 11:40:00,674.8599853515625,675.1400146484375,674.739990234375,674.8200073242188,131113
2026-03-11 11:41:00,674.8400268554688,675.1199951171875,674.7000122070312,674.719970703125,89190
2026-03-11 11:42:00,674.739990234375,674.864990234375,674.594970703125,674.780029296875,80830
2026-03-11 11:43:00,674.780029296875,674.9600219726562,674.6500244140625,674.719970703125,57813
2026-03-11 11:44:00,674.72998046875,674.77001953125,674.2100219726562,674.2449951171875,96465
2026-03-11 11:45:00,674.260009765625,674.3499755859375,674.0499877929688,674.219970703125,125445
2026-03-11 11:46:00,674.1900024414062,674.27001953125,674.0,674.0900268554688,99332
2026-03-11 11:47:00,674.0900268554688,674.1400146484375,673.9099731445312,674.010009765625,119784
2026-03-11 11:48:00,674.010009765625,674.02001953125,673.6599731445312,673.7750244140625,133468
2026-03-11 11:49:00,673.77001953125,674.1400146484375,673.6400146484375,673.989990234375,238819
2026-03-11 11:50:00,674.0499877929688,674.489990234375,673.9849853515625,674.3585205078125,200365
2026-03-11 11:51:00,674.3599853515625,674.8699951171875,674.3511962890625,674.739990234375,212785
2026-03-11 11:52:00,674.7999877929688,674.9180297851562,674.6300048828125,674.8400268554688,79655
2026-03-11 11:53:00,674.8499755859375,674.989990234375,674.6799926757812,674.8499755859375,63384
2026-03-11 11:54:00,674.830078125,674.989990234375,674.5900268554688,674.989990234375,101690
2026-03-11 11:55:00,674.9199829101562,675.0399780273438,674.5999755859375,674.9299926757812,178028
2026-03-11 11:56:00,674.9400024414062,674.9796752929688,674.6599731445312,674.780029296875,75088
2026-03-11 11:57:00,674.780029296875,674.8900146484375,674.469970703125,674.6500244140625,78224
2026-03-11 11:58:00,674.6300048828125,674.7000122070312,674.2000122070312,674.27001953125,74458
2026-03-11 11:59:00,674.280029296875,674.4099731445312,674.1599731445312,674.2017822265625,47599
2026-03-11 12:00:00,674.1900024414062,674.2899780273438,673.760009765625,673.9099731445312,101804
2026-03-11 12:01:00,673.9299926757812,674.0900268554688,673.8699951171875,673.9201049804688,118002
2026-03-11 12:02:00,673.9099731445312,674.1799926757812,673.5900268554688,674.02001953125,163298
2026-03-11 12:03:00,674.0396728515625,674.169921875,673.8599853515625,673.8599853515625,195550
2026-03-11 12:04:00,673.8499755859375,673.8599853515625,673.5599975585938,673.6740112304688,96001
2026-03-11 12:05:00,673.6699829101562,673.9400024414062,673.5900268554688,673.7000122070312,130786
2026-03-11 12:06:00,673.6799926757812,673.969970703125,673.6500244140625,673.8701171875,119400
2026-03-11 12:07:00,673.8900146484375,674.0449829101562,673.6599731445312,673.6599731445312,87219
2026-03-11 12:08:00,673.6400146484375,673.8599853515625,673.510009765625,673.5999755859375,66514
2026-03-11 12:09:00,673.6099853515625,673.8099975585938,673.5399780273438,673.719970703125,54181
2026-03-11 12:10:00,673.7000122070312,674.1500244140625,673.5800170898438,674.119384765625,217155
2026-03-11 12:11:00,674.1099853515625,674.1900024414062,673.7999877929688,673.8400268554688,131640
2026-03-11 12:12:00,673.8499755859375,673.9299926757812,673.6500244140625,673.8800048828125,274339
2026-03-11 12:13:00,673.8900146484375,674.2000122070312,673.8300170898438,674.2000122070312,608621
2026-03-11 12:14:00,674.2000122070312,674.4000244140625,674.0800170898438,674.3699951171875,118419
2026-03-11 12:15:00,674.3400268554688,674.510009765625,674.0,674.0150146484375,82555
2026-03-11 12:16:00,674.030029296875,674.239990234375,673.8099975585938,674.1799926757812,72581
2026-03-11 12:17:00,674.1900024414062,674.280029296875,674.0,674.1300048828125,63877
2026-03-11 12:18:00,674.1199951171875,674.510009765625,674.0900268554688,674.3800048828125,82713
2026-03-11 12:19:00,674.3699951171875,674.5,673.8300170898438,673.8599853515625,87515
2026-03-11 12:20:00,673.8699951171875,674.0,673.739990234375,673.8699951171875,99633
2026-03-11 12:21:00,673.8800048828125,674.1799926757812,673.72998046875,674.0599975585938,103231
2026-03-11 12:22:00,674.02001953125,674.510009765625,673.97998046875,674.4949951171875,80448
2026-03-11 12:23:00,674.52001953125,674.7299194335938,674.3099975585938,674.3900146484375,134703
2026-03-11 12:24:00,674.4000244140625,674.4199829101562,674.1052856445312,674.3900146484375,80385
2026-03-11 12:25:00,674.3826293945312,674.5900268554688,674.2899780273438,674.3800048828125,72694
2026-03-11 12:26:00,674.3499755859375,674.4299926757812,674.0800170898438,674.4199829101562,92510
2026-03-11 12:27:00,674.4099731445312,674.6500244140625,674.4099731445312,674.5700073242188,127640
2026-03-11 12:28:00,674.5800170898438,674.6699829101562,674.4299926757812,674.635009765625,64578
2026-03-11 12:29:00,674.6099853515625,674.739990234375,674.5,674.7050170898438,100023
2026-03-11 12:30:00,674.7000122070312,675.1500244140625,674.6500244140625,675.1400146484375,151011
2026-03-11 12:31:00,675.1500244140625,675.5,675.114990234375,675.5,186639
2026-03-11 12:32:00,675.510009765625,675.6699829101562,675.2000122070312,675.3800048828125,234418
2026-03-11 12:33:00,675.4000244140625,675.5900268554688,675.27001953125,675.5700073242188,76909
2026-03-11 12:34:00,675.557373046875,675.905029296875,675.5399780273438,675.7899780273438,100668
2026-03-11 12:35:00,675.7999877929688,675.9047241210938,675.6799926757812,675.9000244140625,99542
2026-03-11 12:36:00,675.9099731445312,675.9299926757812,675.6300048828125,675.72998046875,95052
2026-03-11 12:37:00,675.72998046875,675.9299926757812,675.7100830078125,675.8609008789062,80316
2026-03-11 12:38:00,675.8699951171875,675.9099731445312,675.3300170898438,675.3900146484375,90294
2026-03-11 12:39:00,675.409912109375,675.4299926757812,675.0900268554688,675.3499755859375,91967
2026-03-11 12:40:00,675.3499755859375,675.6500244140625,675.280029296875,675.5999755859375,59919
2026-03-11 12:41:00,675.6099853515625,676.0175170898438,675.580078125,675.9600219726562,97959
2026-03-11 12:42:00,675.9600219726562,676.0,675.739990234375,675.8599853515625,84848
2026-03-11 12:43:00,675.8400268554688,675.8599853515625,675.4299926757812,675.5700073242188,83255
2026-03-11 12:44:00,675.5700073242188,675.6300048828125,675.3400268554688,675.47998046875,109543
2026-03-11 12:45:00,675.47998046875,675.5,675.219970703125,675.4199829101562,82859
2026-03-11 12:46:00,675.3900146484375,675.669921875,675.2000122070312,675.6500244140625,82015
2026-03-11 12:47:00,675.6699829101562,675.780029296875,675.5999755859375,675.6990966796875,50068
2026-03-11 12:48:00,675.6701049804688,675.7000122070312,675.3200073242188,675.3900146484375,83296
2026-03-11 12:49:00,675.385009765625,675.4000244140625,675.1500244140625,675.3300170898438,112403
2026-03-11 12:50:00,675.3300170898438,675.6199951171875,675.3099975585938,675.5499877929688,73837
2026-03-11 12:51:00,675.5499877929688,675.8099975585938,675.5499877929688,675.7249755859375,53930
2026-03-11 12:52:00,675.739990234375,675.8099975585938,675.5900268554688,675.6799926757812,41610
2026-03-11 12:53:00,675.75,675.9400024414062,675.7000122070312,675.8895874023438,43050
2026-03-11 12:54:00,675.9000244140625,676.0565795898438,675.72998046875,675.9550170898438,97952
2026-03-11 12:55:00,675.9600219726562,676.0900268554688,675.8800048828125,675.8900146484375,70788
2026-03-11 12:56:00,675.8900146484375,675.9500122070312,675.72998046875,675.9099731445312,37166
2026-03-11 12:57:00,675.9000244140625,676.0999755859375,675.8099975585938,676.0250244140625,93794
2026-03-11 12:58:00,676.030029296875,676.3200073242188,675.9600219726562,676.27001953125,76196
2026-03-11 12:59:00,676.27001953125,676.2999877929688,676.1199951171875,676.2899780273438,83360
2026-03-11 13:00:00,676.239990234375,676.5499877929688,676.1199951171875,676.39990234375,106195
2026-03-11 13:01:00,676.4099731445312,676.4500122070312,676.1901245117188,676.22998046875,59630
2026-03-11 13:02:00,676.239990234375,676.27001953125,676.0800170898438,676.2492065429688,81981
2026-03-11 13:03:00,676.2449951171875,676.4099731445312,676.1699829101562,676.4099731445312,71912
2026-03-11 13:04:00,676.4091796875,676.47998046875,676.0999755859375,676.1300048828125,59663
2026-03-11 13:05:00,676.1300048828125,676.4199829101562,676.0650024414062,676.3800048828125,50028
2026-03-11 13:06:00,676.3800048828125,676.510009765625,676.22998046875,676.4099731445312,57484
2026-03-11 13:07:00,676.4400024414062,676.5499877929688,676.4299926757812,676.5399780273438,51846
2026-03-11 13:08:00,676.5399780273438,676.5599975585938,676.2000122070312,676.2899780273438,75882
2026-03-11 13:09:00,676.2999877929688,676.3200073242188,676.0800170898438,676.1599731445312,105648
2026-03-11 13:10:00,676.1699829101562,676.22998046875,675.9199829101562,676.0,116997
2026-03-11 13:11:00,676.0,676.0599975585938,675.760009765625,675.8049926757812,104058
2026-03-11 13:12:00,675.8099975585938,675.9000244140625,675.6900024414062,675.7999877929688,79124
2026-03-11 13:13:00,675.7999877929688,676.1300048828125,675.760009765625,676.0,78397
2026-03-11 13:14:00,676.0,676.0241088867188,675.5399780273438,675.767822265625,624655
2026-03-11 13:15:00,675.760009765625,675.9400024414062,675.6599731445312,675.9099731445312,109260
2026-03-11 13:16:00,675.9299926757812,676.0449829101562,675.8477783203125,675.9600219726562,61069
2026-03-11 13:17:00,675.9600219726562,676.0599975585938,675.9199829101562,675.9299926757812,49943
2026-03-11 13:18:00,675.9199829101562,675.9199829101562,675.4349975585938,675.4492797851562,106191
2026-03-11 13:19:00,675.4500122070312,675.5750122070312,675.3300170898438,675.52001953125,153060
2026-03-11 13:20:00,675.5599975585938,675.8699951171875,675.530029296875,675.8499755859375,68220
2026-03-11 13:21:00,675.8400268554688,676.0869140625,675.5399780273438,676.02001953125,61718
2026-03-11 13:22:00,676.02001953125,676.0700073242188,675.8699951171875,676.0,39943
2026-03-11 13:23:00,676.0,676.0700073242188,675.9099731445312,676.010009765625,42648
2026-03-11 13:24:00,676.010009765625,676.239990234375,675.97998046875,676.239990234375,38890
2026-03-11 13:25:00,676.22998046875,676.3599853515625,676.1099853515625,676.3175048828125,80383
2026-03-11 13:26:00,676.3099975585938,676.3200073242188,676.1699829101562,676.2401123046875,37538
2026-03-11 13:27:00,676.260009765625,676.77001953125,676.2100219726562,676.489990234375,131466
2026-03-11 13:28:00,676.52001953125,676.5399780273438,676.2899780273438,676.4099731445312,65675
2026-03-11 13:29:00,676.419921875,676.47998046875,676.1950073242188,676.4600219726562,103671
2026-03-11 13:30:00,676.469970703125,676.639892578125,676.4000244140625,676.469970703125,79637
2026-03-11 13:31:00,676.489990234375,676.510009765625,675.97998046875,676.2100830078125,118135
2026-03-11 13:32:00,676.219970703125,676.4400024414062,676.1099853515625,676.3200073242188,51342
2026-03-11 13:33:00,676.3400268554688,676.4600830078125,676.280029296875,676.3699951171875,76201
2026-03-11 13:34:00,676.3699951171875,676.4099731445312,676.0700073242188,676.1400146484375,47031
2026-03-11 13:35:00,676.1300048828125,676.2999877929688,675.9299926757812,675.9650268554688,69996
2026-03-11 13:36:00,675.969970703125,675.989990234375,674.989990234375,675.0549926757812,199875
2026-03-11 13:37:00,675.0399780273438,675.219970703125,673.780029296875,673.989990234375,505390
2026-03-11 13:38:00,674.02001953125,674.0800170898438,673.3400268554688,673.5399780273438,568358
2026-03-11 13:39:00,673.5800170898438,674.530029296875,673.5800170898438,674.3300170898438,458947
2026-03-11 13:40:00,674.3800048828125,674.989990234375,674.2000122070312,674.219970703125,343840
2026-03-11 13:41:00,674.25,674.4099731445312,673.9500122070312,674.2000122070312,159325
2026-03-11 13:42:00,674.2100219726562,674.3200073242188,673.75,674.1799926757812,214978
2026-03-11 13:43:00,674.1893920898438,674.52001953125,673.8900146484375,674.0598754882812,199845
2026-03-11 13:44:00,674.0999755859375,674.72998046875,674.030029296875,674.530029296875,241015
2026-03-11 13:45:00,674.5399780273438,674.6500244140625,674.25,674.5499877929688,136301
2026-03-11 13:46:00,674.5599975585938,674.6699829101562,674.22998046875,674.5599975585938,99598
2026-03-11 13:47:00,674.5599975585938,675.0,674.5,674.6900024414062,171157
2026-03-11 13:48:00,674.7100219726562,674.780029296875,674.4199829101562,674.5499877929688,102235
2026-03-11 13:49:00,674.5599975585938,674.9199829101562,674.3800048828125,674.8599853515625,84940
2026-03-11 13:50:00,674.8300170898438,675.4000244140625,674.8300170898438,675.3800048828125,191986
2026-03-11 13:51:00,675.3900146484375,675.780029296875,675.1649169921875,675.5700073242188,128416
2026-03-11 13:52:00,675.530029296875,675.7349853515625,675.3660278320312,675.3660278320312,103713
2026-03-11 13:53:00,675.3668212890625,675.4400024414062,675.0999755859375,675.2899780273438,71513
2026-03-11 13:54:00,675.2899780273438,675.4199829101562,675.030029296875,675.030029296875,66607
2026-03-11 13:55:00,675.010009765625,675.030029296875,674.489990234375,674.7944946289062,135712
2026-03-11 13:56:00,674.780029296875,675.0700073242188,674.47998046875,674.5999755859375,156415
2026-03-11 13:57:00,674.5999755859375,674.8699951171875,674.5999755859375,674.8200073242188,77275
2026-03-11 13:58:00,674.7899780273438,675.1300048828125,674.6099853515625,675.0399780273438,65855
2026-03-11 13:59:00,675.030029296875,675.25,674.969970703125,674.989990234375,62889
2026-03-11 14:00:00,674.989990234375,675.22998046875,674.8499755859375,674.9400024414062,132147
2026-03-11 14:01:00,674.9299926757812,675.030029296875,674.739990234375,674.8599853515625,133114
2026-03-11 14:02:00,674.8499755859375,675.1400146484375,674.7899780273438,674.9600219726562,147314
2026-03-11 14:03:00,674.9578247070312,675.219970703125,674.9400024414062,675.0900268554688,97187
2026-03-11 14:04:00,675.0800170898438,675.1619873046875,674.9000244140625,675.0499877929688,156039
2026-03-11 14:05:00,675.0599975585938,675.125,674.760009765625,674.8900146484375,57018
2026-03-11 14:06:00,674.8900146484375,674.9299926757812,674.7100219726562,674.780029296875,65091
2026-03-11 14:07:00,674.7899780273438,674.9400024414062,674.5900268554688,674.8599853515625,104750
2026-03-11 14:08:00,674.8499755859375,674.8699951171875,674.52001953125,674.5999755859375,110286
2026-03-11 14:09:00,674.5800170898438,674.6300048828125,674.2899780273438,674.3699951171875,115878
2026-03-11 14:10:00,674.3499755859375,674.4500122070312,674.0800170898438,674.0900268554688,122219
2026-03-11 14:11:00,674.1199951171875,674.1900024414062,673.739990234375,673.7999877929688,184295
2026-03-11 14:12:00,673.7949829101562,673.989990234375,673.7000122070312,673.8416748046875,145238
2026-03-11 14:13:00,673.8400268554688,674.1900024414062,673.780029296875,674.1558227539062,186070
2026-03-11 14:14:00,674.1500244140625,674.4000244140625,674.010009765625,674.3400268554688,234782
2026-03-11 14:15:00,674.3599853515625,674.6300048828125,674.2000122070312,674.3499755859375,166765
2026-03-11 14:16:00,674.3599853515625,674.4400024414062,674.280029296875,674.4299926757812,72351
2026-03-11 14:17:00,674.4299926757812,674.47998046875,674.2899780273438,674.4000244140625,51355
2026-03-11 14:18:00,674.4299926757812,674.97998046875,674.3800048828125,674.9500122070312,165071
2026-03-11 14:19:00,674.976318359375,675.030029296875,674.72998046875,674.8200073242188,61435
2026-03-11 14:20:00,674.8300170898438,675.1497192382812,674.8200073242188,674.969970703125,98447
2026-03-11 14:21:00,674.97998046875,675.219970703125,674.8900146484375,675.1300048828125,70998
2026-03-11 14:22:00,675.1099853515625,675.1400146484375,674.6500244140625,674.7999877929688,145256
2026-03-11 14:23:00,674.780029296875,674.8800048828125,674.6699829101562,674.8200073242188,92898
2026-03-11 14:24:00,674.8200073242188,674.8300170898438,674.3300170898438,674.7999877929688,146514
2026-03-11 14:25:00,674.760009765625,674.8499755859375,674.6300048828125,674.6500244140625,70006
2026-03-11 14:26:00,674.6500244140625,674.9000244140625,674.5900268554688,674.8200073242188,91145
2026-03-11 14:27:00,674.8300170898438,675.19189453125,674.8300170898438,675.0700073242188,114474
2026-03-11 14:28:00,675.0700073242188,675.510009765625,675.0700073242188,675.22998046875,131211
2026-03-11 14:29:00,675.22998046875,675.3200073242188,675.030029296875,675.27001953125,123352
2026-03-11 14:30:00,675.27001953125,675.489990234375,675.1900024414062,675.3499755859375,267813
2026-03-11 14:31:00,675.35498046875,675.4849853515625,675.2000122070312,675.4600219726562,446788
2026-03-11 14:32:00,675.4600219726562,675.5,675.1699829101562,675.2249755859375,157058
2026-03-11 14:33:00,675.239990234375,675.4400024414062,675.1900024414062,675.239990234375,252008
2026-03-11 14:34:00,675.260009765625,675.5599975585938,675.1400146484375,675.530029296875,113108
2026-03-11 14:35:00,675.5399780273438,675.5700073242188,675.2899780273438,675.3300170898438,108673
2026-03-11 14:36:00,675.3400268554688,675.4400024414062,675.219970703125,675.3599853515625,99650
2026-03-11 14:37:00,675.3499755859375,675.3599853515625,675.02001953125,675.2100219726562,364456
2026-03-11 14:38:00,675.219970703125,675.3400268554688,675.0999755859375,675.260009765625,166044
2026-03-11 14:39:00,675.2899780273438,675.3499755859375,674.989990234375,675.02001953125,158656
2026-03-11 14:40:00,675.02001953125,675.0599975585938,674.9000244140625,675.0599975585938,127033
2026-03-11 14:41:00,675.0700073242188,675.2000122070312,674.8400268554688,674.9299926757812,107902
2026-03-11 14:42:00,674.9349975585938,675.02001953125,674.8599853515625,674.9400024414062,94025
2026-03-11 14:43:00,674.9600219726562,675.0700073242188,674.7899780273438,675.0050048828125,151173
2026-03-11 14:44:00,675.030029296875,675.1199951171875,674.9400024414062,675.0587768554688,62799
2026-03-11 14:45:00,675.0700073242188,675.219970703125,675.0,675.1199951171875,64953
2026-03-11 14:46:00,675.0999755859375,675.2899780273438,675.0499877929688,675.097900390625,52925
2026-03-11 14:47:00,675.094970703125,675.1849975585938,674.9400024414062,675.1099853515625,204427
2026-03-11 14:48:00,675.0999755859375,675.1500244140625,674.77001953125,674.85498046875,70127
2026-03-11 14:49:00,674.8499755859375,674.8900146484375,674.760009765625,674.8078002929688,43772
2026-03-11 14:50:00,674.8150024414062,675.0299072265625,674.8150024414062,675.0097045898438,63713
2026-03-11 14:51:00,675.010009765625,675.3900146484375,675.010009765625,675.280029296875,110174
2026-03-11 14:52:00,675.280029296875,675.489990234375,675.239990234375,675.2999877929688,82029
2026-03-11 14:53:00,675.2999877929688,675.2999877929688,674.969970703125,675.2100219726562,75814
2026-03-11 14:54:00,675.2050170898438,675.7100219726562,675.2000122070312,675.4901123046875,134925
2026-03-11 14:55:00,675.489990234375,675.7899780273438,675.3800048828125,675.5800170898438,146479
2026-03-11 14:56:00,675.5885009765625,675.6400146484375,675.2999877929688,675.3400268554688,101423
2026-03-11 14:57:00,675.3400268554688,675.3400268554688,675.0900268554688,675.1799926757812,83586
2026-03-11 14:58:00,675.1900024414062,675.3300170898438,675.02001953125,675.1900024414062,91624
2026-03-11 14:59:00,675.1849975585938,675.3099975585938,675.0999755859375,675.25,81953
2026-03-11 15:00:00,675.260009765625,675.4400024414062,675.2449951171875,675.39990234375,87760
2026-03-11 15:01:00,675.4000244140625,675.469970703125,674.8699951171875,674.8699951171875,106360
2026-03-11 15:02:00,674.8599853515625,674.8800048828125,674.5399780273438,674.6234741210938,158338
2026-03-11 15:03:00,674.6199951171875,674.9000244140625,674.469970703125,674.8699951171875,534529
2026-03-11 15:04:00,674.8699951171875,675.0900268554688,674.8599853515625,674.8800048828125,95104
2026-03-11 15:05:00,674.8699951171875,674.9099731445312,674.6400146484375,674.6500244140625,81583
2026-03-11 15:06:00,674.6400146484375,674.8800048828125,674.5650024414062,674.8599853515625,165584
2026-03-11 15:07:00,674.8400268554688,674.9299926757812,674.739990234375,674.780029296875,66698
2026-03-11 15:08:00,674.77001953125,675.0,674.75,674.8099975585938,116744
2026-03-11 15:09:00,674.8200073242188,674.9500122070312,674.7899780273438,674.8150024414062,71311
2026-03-11 15:10:00,674.8300170898438,674.9500122070312,674.8099975585938,674.8599853515625,94686
2026-03-11 15:11:00,674.8499755859375,674.8900146484375,674.635009765625,674.6400146484375,86118
2026-03-11 15:12:00,674.6500244140625,674.7000122070312,674.489990234375,674.5599975585938,65088
2026-03-11 15:13:00,674.5499877929688,674.6099853515625,674.3400268554688,674.4299926757812,107433
2026-03-11 15:14:00,674.4199829101562,674.5900268554688,674.3900146484375,674.489990234375,140377
2026-03-11 15:15:00,674.4849853515625,674.5499877929688,674.3200073242188,674.3800048828125,142532
2026-03-11 15:16:00,674.3800048828125,674.719970703125,674.3599853515625,674.5700073242188,162062
2026-03-11 15:17:00,674.5900268554688,674.9500122070312,674.5800170898438,674.9099731445312,229932
2026-03-11 15:18:00,674.9149780273438,674.969970703125,674.760009765625,674.8900146484375,84201
2026-03-11 15:19:00,674.8800048828125,675.030029296875,674.7999877929688,674.9199829101562,78318
2026-03-11 15:20:00,674.9249877929688,675.0499877929688,674.8599853515625,674.989990234375,101647
2026-03-11 15:21:00,675.0,675.0700073242188,674.75,674.75,84553
2026-03-11 15:22:00,674.760009765625,674.7785034179688,674.5599975585938,674.5850219726562,114887
2026-03-11 15:23:00,674.5800170898438,674.72998046875,674.5,674.72998046875,165737
2026-03-11 15:24:00,674.719970703125,674.9000244140625,674.6099853515625,674.8800048828125,209648
2026-03-11 15:25:00,674.864990234375,675.260009765625,674.8599853515625,675.0999755859375,261505
2026-03-11 15:26:00,675.1099853515625,675.1799926757812,675.02001953125,675.0399780273438,96589
2026-03-11 15:27:00,675.030029296875,675.1300048828125,674.9600219726562,675.0050048828125,78752
2026-03-11 15:28:00,674.989990234375,675.1199951171875,674.7999877929688,674.8099975585938,101119
2026-03-11 15:29:00,674.7999877929688,675.0499877929688,674.7899780273438,674.9749755859375,67819
2026-03-11 15:30:00,674.989990234375,675.1749877929688,674.969970703125,675.0399780273438,94074
2026-03-11 15:31:00,675.0499877929688,675.1099853515625,674.77001953125,674.8300170898438,101220
2026-03-11 15:32:00,674.8200073242188,675.2449951171875,674.75,675.239990234375,136126
2026-03-11 15:33:00,675.239990234375,675.3900146484375,675.19287109375,675.3900146484375,180851
2026-03-11 15:34:00,675.3800048828125,675.8900146484375,675.3099975585938,675.7449951171875,249612
2026-03-11 15:35:00,675.780029296875,675.8250122070312,675.5349731445312,675.5700073242188,206749
2026-03-11 15:36:00,675.5700073242188,675.6900024414062,675.469970703125,675.5800170898438,151214
2026-03-11 15:37:00,675.5599975585938,675.760009765625,675.52001953125,675.760009765625,205314
2026-03-11 15:38:00,675.760009765625,676.0,675.75,675.7849731445312,198714
2026-03-11 15:39:00,675.780029296875,675.8699951171875,675.6900024414062,675.844970703125,128350
2026-03-11 15:40:00,675.8599853515625,676.25,675.8599853515625,676.010009765625,180461
2026-03-11 15:41:00,676.010009765625,676.030029296875,675.6900024414062,675.7000122070312,160452
2026-03-11 15:42:00,675.719970703125,675.8499755859375,675.7100219726562,675.77001953125,72671
2026-03-11 15:43:00,675.780029296875,675.905029296875,675.7349853515625,675.8900146484375,90684
2026-03-11 15:44:00,675.905029296875,676.0900268554688,675.905029296875,676.0761108398438,66706
2026-03-11 15:45:00,676.0700073242188,676.22998046875,675.8900146484375,675.9500122070312,210201
2026-03-11 15:46:00,675.9600219726562,676.0260009765625,675.8200073242188,675.969970703125,105278
2026-03-11 15:47:00,675.9600219726562,675.969970703125,675.8300170898438,675.9000244140625,235850
2026-03-11 15:48:00,675.8800048828125,675.9099731445312,675.5800170898438,675.5999755859375,172582
2026-03-11 15:49:00,675.5999755859375,675.6599731445312,675.5,675.6300048828125,185808
2026-03-11 15:50:00,675.6300048828125,675.8900146484375,675.4099731445312,675.8400268554688,406260
2026-03-11 15:51:00,675.8400268554688,676.219970703125,675.7750244140625,676.1500244140625,472047
2026-03-11 15:52:00,676.1599731445312,676.2000122070312,676.030029296875,676.0700073242188,244667
2026-03-11 15:53:00,676.0700073242188,676.219970703125,676.0,676.2100219726562,195133
2026-03-11 15:54:00,676.2100219726562,676.3900146484375,676.0900268554688,676.3499755859375,404920
2026-03-11 15:55:00,676.3499755859375,676.5999755859375,676.25,676.3419799804688,563089
2026-03-11 15:56:00,676.3499755859375,676.35498046875,676.1400146484375,676.2525024414062,273741
2026-03-11 15:57:00,676.260009765625,676.3200073242188,676.1500244140625,676.27001953125,404080
2026-03-11 15:58:00,676.260009765625,676.4199829101562,676.1950073242188,676.280029296875,416926
2026-03-11 15:59:00,676.280029296875,676.3800048828125,676.1599731445312,676.3300170898438,1157867
2026-03-12 09:30:00,671.1599731445312,671.3599853515625,670.4099731445312,670.6300048828125,2830211
2026-03-12 09:31:00,670.6599731445312,670.9099731445312,669.8800048828125,669.969970703125,633604
2026-03-12 09:32:00,669.9500122070312,670.75,669.8900146484375,670.530029296875,385161
2026-03-12 09:33:00,670.52001953125,670.8900146484375,670.25,670.7000122070312,433226
2026-03-12 09:34:00,670.6900024414062,671.3699951171875,670.6400146484375,670.8499755859375,382544
2026-03-12 09:35:00,670.8400268554688,671.010009765625,670.5499877929688,670.75,435895
2026-03-12 09:36:00,670.780029296875,670.9099731445312,670.4099731445312,670.47998046875,345416
2026-03-12 09:37:00,670.4849853515625,671.1900024414062,670.4400024414062,670.9000244140625,237048
2026-03-12 09:38:00,670.8900146484375,671.5499877929688,670.8499755859375,671.1799926757812,373898
2026-03-12 09:39:00,671.1900024414062,671.6500244140625,671.0900268554688,671.4000244140625,295724
2026-03-12 09:40:00,671.3599853515625,671.5499877929688,670.8699951171875,671.3099975585938,345913
2026-03-12 09:41:00,671.3099975585938,671.3499755859375,670.5999755859375,670.6300048828125,229530
2026-03-12 09:42:00,670.6400146484375,670.8200073242188,670.4000244140625,670.5900268554688,310402
2026-03-12 09:43:00,670.6099853515625,670.8200073242188,670.47998046875,670.510009765625,204644
2026-03-12 09:44:00,670.510009765625,670.5599975585938,670.22998046875,670.2899780273438,253244
2026-03-12 09:45:00,670.280029296875,670.280029296875,669.5700073242188,669.6500244140625,337082
2026-03-12 09:46:00,669.6400146484375,669.6900024414062,669.280029296875,669.3300170898438,691293
2026-03-12 09:47:00,669.3300170898438,669.3400268554688,668.7449951171875,669.1500244140625,517304
2026-03-12 09:48:00,669.1599731445312,669.5800170898438,668.9500122070312,669.530029296875,379711
2026-03-12 09:49:00,669.52001953125,670.219970703125,669.5,670.1799926757812,402319
2026-03-12 09:50:00,670.1799926757812,670.9099731445312,670.1599731445312,670.39501953125,493383
2026-03-12 09:51:00,670.4000244140625,670.8300170898438,670.1799926757812,670.1900024414062,299870
2026-03-12 09:52:00,670.1699829101562,670.2000122070312,669.60498046875,669.6199951171875,285558
2026-03-12 09:53:00,669.6300048828125,669.7000122070312,669.135009765625,669.1900024414062,201102
2026-03-12 09:54:00,669.1799926757812,669.3599853515625,669.0399780273438,669.0399780273438,262993
2026-03-12 09:55:00,669.0499877929688,669.2498779296875,668.4500122070312,668.510009765625,286046
2026-03-12 09:56:00,668.52001953125,668.7000122070312,668.1829833984375,668.5900268554688,369675
2026-03-12 09:57:00,668.5599975585938,668.8499755859375,668.4099731445312,668.5700073242188,290815
2026-03-12 09:58:00,668.5800170898438,668.7100219726562,668.3900146484375,668.5001220703125,260614
2026-03-12 09:59:00,668.52001953125,668.9299926757812,668.510009765625,668.8699951171875,348896
2026-03-12 10:00:00,668.8699951171875,669.9199829101562,668.8099975585938,669.8699951171875,520467
2026-03-12 10:01:00,669.8699951171875,670.3200073242188,669.8300170898438,670.2899780273438,510403
2026-03-12 10:02:00,670.280029296875,670.4400024414062,670.219970703125,670.4000244140625,178455
2026-03-12 10:03:00,670.3900146484375,670.739990234375,670.2000122070312,670.739990234375,335137
2026-03-12 10:04:00,670.739990234375,670.9199829101562,670.2100219726562,670.2899780273438,345353
2026-03-12 10:05:00,670.2999877929688,670.3599853515625,669.9199829101562,670.2457275390625,275470
2026-03-12 10:06:00,670.239990234375,670.469970703125,669.9000244140625,670.0700073242188,222776
2026-03-12 10:07:00,670.0700073242188,670.5399780273438,669.7000122070312,670.3800048828125,319866
2026-03-12 10:08:00,670.3800048828125,670.6400146484375,670.1599731445312,670.4099731445312,241986
2026-03-12 10:09:00,670.4000244140625,670.4600219726562,670.0499877929688,670.3200073242188,202168
2026-03-12 10:10:00,670.3400268554688,670.530029296875,670.1699829101562,670.1900024414062,204291
2026-03-12 10:11:00,670.1799926757812,670.75,670.1300048828125,670.6199951171875,175943
2026-03-12 10:12:00,670.6199951171875,671.0800170898438,670.5800170898438,671.00341796875,274336
2026-03-12 10:13:00,671.0,671.1400146484375,670.6199951171875,670.6400146484375,173954
2026-03-12 10:14:00,670.6400146484375,671.0800170898438,670.6300048828125,670.969970703125,120894
2026-03-12 10:15:00,670.989990234375,671.2000122070312,670.75,670.9500122070312,176961
2026-03-12 10:16:00,670.9450073242188,670.9949951171875,670.3400268554688,670.4500122070312,365040
2026-03-12 10:17:00,670.4400024414062,670.530029296875,670.1749877929688,670.27001953125,176952
2026-03-12 10:18:00,670.2750244140625,670.3300170898438,669.6799926757812,669.6799926757812,246449
2026-03-12 10:19:00,669.6900024414062,669.77001953125,669.5399780273438,669.5999755859375,196626
2026-03-12 10:20:00,669.5999755859375,669.6599731445312,669.280029296875,669.2999877929688,145587
2026-03-12 10:21:00,669.3098754882812,669.3499755859375,669.0399780273438,669.0900268554688,237868
2026-03-12 10:22:00,669.1199951171875,669.614990234375,669.1104736328125,669.3499755859375,322342
2026-03-12 10:23:00,669.3599853515625,669.5,669.1400146484375,669.1900024414062,109991
2026-03-12 10:24:00,669.1849975585938,669.4299926757812,669.1099853515625,669.3400268554688,185972
2026-03-12 10:25:00,669.3300170898438,669.9400024414062,669.3300170898438,669.5399780273438,215542
2026-03-12 10:26:00,669.5399780273438,669.5499877929688,669.2150268554688,669.22998046875,143407
2026-03-12 10:27:00,669.239990234375,669.385009765625,668.8900146484375,668.9199829101562,199211
2026-03-12 10:28:00,668.9000244140625,668.9600219726562,668.6900024414062,668.7199096679688,178484
2026-03-12 10:29:00,668.719970703125,668.9299926757812,668.0499877929688,668.0599975585938,335445
2026-03-12 10:30:00,668.0599975585938,668.25,667.9199829101562,668.0399780273438,331516
2026-03-12 10:31:00,668.0399780273438,668.2100219726562,667.9099731445312,667.9299926757812,202726
2026-03-12 10:32:00,667.9500122070312,668.1599731445312,667.75,668.0,293678
2026-03-12 10:33:00,668.0,668.0599975585938,667.6799926757812,667.7000122070312,299012
2026-03-12 10:34:00,667.7100219726562,668.0299072265625,667.6400146484375,668.0,270159
2026-03-12 10:35:00,668.0,668.5399780273438,667.969970703125,668.52001953125,374295
2026-03-12 10:36:00,668.530029296875,668.7000122070312,668.2000122070312,668.2000122070312,224023
2026-03-12 10:37:00,668.2000122070312,668.3699951171875,667.7100219726562,667.739990234375,279106
2026-03-12 10:38:00,667.72998046875,667.969970703125,667.2999877929688,667.9400024414062,261649
2026-03-12 10:39:00,667.9099731445312,668.2098999023438,667.8900146484375,667.9600219726562,218260
2026-03-12 10:40:00,667.9600219726562,668.3599853515625,667.8400268554688,667.9249877929688,185002
2026-03-12 10:41:00,667.9199829101562,668.25,667.739990234375,667.739990234375,257682
2026-03-12 10:42:00,667.7463989257812,667.8599853515625,667.60009765625,667.6900024414062,123803
2026-03-12 10:43:00,667.6799926757812,668.489990234375,667.6799926757812,668.3900146484375,200099
2026-03-12 10:44:00,668.3800048828125,669.1199951171875,668.3599853515625,668.9550170898438,252285
2026-03-12 10:45:00,668.9299926757812,668.97998046875,668.6900024414062,668.760009765625,136687
2026-03-12 10:46:00,668.719970703125,670.5499877929688,668.6900024414062,670.27001953125,893252
2026-03-12 10:47:00,670.280029296875,670.3699951171875,669.219970703125,669.219970703125,428700
2026-03-12 10:48:00,669.239990234375,669.3400268554688,668.9326782226562,668.9326782226562,238333
2026-03-12 10:49:00,668.9299926757812,668.9299926757812,668.1400146484375,668.4000244140625,301677
2026-03-12 10:50:00,668.3800048828125,668.6840209960938,668.0800170898438,668.0972290039062,278791
2026-03-12 10:51:00,668.0900268554688,668.4400024414062,668.0800170898438,668.1799926757812,213738
2026-03-12 10:52:00,668.1699829101562,668.5599975585938,668.1599731445312,668.219970703125,232029
2026-03-12 10:53:00,668.22998046875,668.530029296875,668.0999755859375,668.510009765625,210842
2026-03-12 10:54:00,668.510009765625,668.6599731445312,668.0999755859375,668.47998046875,219430
2026-03-12 10:55:00,668.469970703125,668.9299926757812,668.4299926757812,668.5850219726562,242714
2026-03-12 10:56:00,668.5700073242188,668.8699951171875,668.510009765625,668.77001953125,146948
2026-03-12 10:57:00,668.780029296875,668.8300170898438,668.4500122070312,668.5900268554688,135036
2026-03-12 10:58:00,668.5700073242188,668.6799926757812,668.3699951171875,668.3699951171875,157637
2026-03-12 10:59:00,668.3900146484375,668.6400146484375,668.3200073242188,668.5,241023
2026-03-12 11:00:00,668.510009765625,668.7999877929688,668.0499877929688,668.1312255859375,216385
2026-03-12 11:01:00,668.1199951171875,668.5869140625,667.9400024414062,668.0012817382812,213752
2026-03-12 11:02:00,668.010009765625,668.2000122070312,667.6900024414062,667.905029296875,208335
2026-03-12 11:03:00,667.8900146484375,668.2860717773438,667.6699829101562,668.27001953125,240810
2026-03-12 11:04:00,668.260009765625,668.3787841796875,667.9949951171875,668.1500244140625,176812
2026-03-12 11:05:00,668.1099853515625,668.3400268554688,667.969970703125,668.2100219726562,158726
2026-03-12 11:06:00,668.219970703125,668.4299926757812,668.0599975585938,668.1807250976562,130506
2026-03-12 11:07:00,668.2000122070312,668.22998046875,667.9500122070312,668.114990234375,139974
2026-03-12 11:08:00,668.1099853515625,668.27001953125,667.9299926757812,668.0449829101562,118496
2026-03-12 11:09:00,668.0599975585938,668.0800170898438,667.8499755859375,667.9199829101562,109134
2026-03-12 11:10:00,667.9000244140625,667.905029296875,667.510009765625,667.52001953125,170046
2026-03-12 11:11:00,667.52001953125,667.6500244140625,667.4000244140625,667.510009765625,199127
2026-03-12 11:12:00,667.5090942382812,667.6699829101562,667.1699829101562,667.2949829101562,273221
2026-03-12 11:13:00,667.2979736328125,667.3200073242188,666.9199829101562,667.0549926757812,302391
2026-03-12 11:14:00,667.030029296875,667.5700073242188,666.969970703125,667.3800048828125,273714
2026-03-12 11:15:00,667.3800048828125,667.6400146484375,667.1950073242188,667.27001953125,189582
2026-03-12 11:16:00,667.25,667.4199829101562,667.1699829101562,667.1749877929688,175857
2026-03-12 11:17:00,667.1900024414062,667.6849975585938,667.1199951171875,667.6400146484375,170986
2026-03-12 11:18:00,667.6400146484375,667.739990234375,667.260009765625,667.5999755859375,179683
2026-03-12 11:19:00,667.60498046875,667.6699829101562,667.3250122070312,667.3250122070312,131755
2026-03-12 11:20:00,667.3300170898438,667.6599731445312,667.3300170898438,667.4500122070312,169212
2026-03-12 11:21:00,667.4349975585938,667.4349975585938,667.1300048828125,667.239990234375,144517
2026-03-12 11:22:00,667.239990234375,667.3400268554688,667.0599975585938,667.239990234375,147505
2026-03-12 11:23:00,667.239990234375,667.760009765625,667.22998046875,667.4099731445312,184079
2026-03-12 11:24:00,667.4099731445312,667.9099731445312,667.4099731445312,667.8499755859375,278619
2026-03-12 11:25:00,667.8400268554688,668.0999755859375,667.780029296875,668.0750122070312,215377
2026-03-12 11:26:00,668.0750122070312,668.510009765625,668.02001953125,668.4650268554688,236717
2026-03-12 11:27:00,668.4600219726562,668.7100219726562,668.27001953125,668.6849975585938,226392
2026-03-12 11:28:00,668.6799926757812,668.75,668.5,668.6300048828125,183817
2026-03-12 11:29:00,668.6300048828125,668.6500244140625,668.010009765625,668.1699829101562,206791
2026-03-12 11:30:00,668.1699829101562,668.27001953125,667.8099975585938,668.1749877929688,171549
2026-03-12 11:31:00,668.1799926757812,668.5800170898438,668.1799926757812,668.385009765625,183046
2026-03-12 11:32:00,668.3900146484375,668.4099731445312,668.0900268554688,668.1300048828125,119814
2026-03-12 11:33:00,668.1300048828125,668.1300048828125,667.6799926757812,667.9600219726562,164124
2026-03-12 11:34:00,667.9500122070312,668.02001953125,667.6699829101562,667.8699951171875,139661
2026-03-12 11:35:00,667.8720092773438,668.0800170898438,667.7100219726562,667.72998046875,217158
2026-03-12 11:36:00,667.739990234375,667.760009765625,667.3200073242188,667.4299926757812,293795
2026-03-12 11:37:00,667.4299926757812,668.1400146484375,667.239990234375,667.9299926757812,320236
2026-03-12 11:38:00,667.9600219726562,668.1599731445312,667.6699829101562,668.0,136738
2026-03-12 11:39:00,667.989990234375,670.030029296875,667.989990234375,669.9500122070312,741981
2026-03-12 11:40:00,669.9400024414062,670.010009765625,668.75,668.969970703125,574170
2026-03-12 11:41:00,668.969970703125,669.5999755859375,668.6500244140625,669.47998046875,477202
2026-03-12 11:42:00,669.469970703125,669.9199829101562,669.2000122070312,669.6300048828125,438851
2026-03-12 11:43:00,669.6300048828125,670.3099975585938,669.6199951171875,669.8400268554688,472275
2026-03-12 11:44:00,669.8599853515625,670.260009765625,669.6950073242188,669.7999877929688,345592
2026-03-12 11:45:00,669.8200073242188,670.02001953125,669.4149780273438,669.8200073242188,475588
2026-03-12 11:46:00,669.8400268554688,669.9600219726562,668.97998046875,669.0499877929688,405689
2026-03-12 11:47:00,669.0599975585938,669.0700073242188,668.469970703125,668.6577758789062,385247
2026-03-12 11:48:00,668.6699829101562,669.7750244140625,668.6300048828125,669.6099853515625,239475
2026-03-12 11:49:00,669.6099853515625,669.6799926757812,669.0599975585938,669.1599731445312,113829
2026-03-12 11:50:00,669.1799926757812,669.4000244140625,669.0499877929688,669.280029296875,242909
2026-03-12 11:51:00,669.280029296875,669.4600219726562,668.6900024414062,668.8829956054688,136106
2026-03-12 11:52:00,668.8800048828125,669.4600219726562,668.8499755859375,669.3800048828125,136609
2026-03-12 11:53:00,669.3699951171875,669.6799926757812,669.1300048828125,669.3400268554688,117402
2026-03-12 11:54:00,669.3699951171875,669.6798706054688,669.0800170898438,669.5449829101562,155640
2026-03-12 11:55:00,669.544189453125,669.5700073242188,668.969970703125,669.1500244140625,153721
2026-03-12 11:56:00,669.1599731445312,669.52001953125,669.0399780273438,669.4099731445312,134439
2026-03-12 11:57:00,669.4400024414062,669.469970703125,669.0399780273438,669.1099853515625,156544
2026-03-12 11:58:00,669.1099853515625,669.1599731445312,668.8499755859375,669.030029296875,199688
2026-03-12 11:59:00,669.0399780273438,669.5050048828125,669.0399169921875,669.2999267578125,167720
2026-03-12 12:00:00,669.3099975585938,669.5800170898438,669.2100219726562,669.260009765625,157846
2026-03-12 12:01:00,669.27001953125,669.8300170898438,669.0499877929688,669.530029296875,169822
2026-03-12 12:02:00,669.5399780273438,669.719970703125,669.0800170898438,669.47998046875,119104
2026-03-12 12:03:00,669.489990234375,669.969970703125,669.47998046875,669.8599853515625,162441
2026-03-12 12:04:00,669.8499755859375,670.0499877929688,669.760009765625,670.02001953125,126651
2026-03-12 12:05:00,670.010009765625,670.3099975585938,669.9400024414062,670.1599731445312,279755
2026-03-12 12:06:00,670.1300048828125,670.1599731445312,669.5800170898438,669.7299194335938,234263
2026-03-12 12:07:00,669.72998046875,669.75,668.89501953125,668.969970703125,129878
2026-03-12 12:08:00,668.9500122070312,668.9971923828125,668.010009765625,668.0599975585938,357095
2026-03-12 12:09:00,668.0499877929688,668.1099853515625,667.6699829101562,667.8400268554688,288041
2026-03-12 12:10:00,667.8499755859375,668.3900756835938,667.72998046875,668.3200073242188,254576
2026-03-12 12:11:00,668.3060913085938,668.4000244140625,667.9299926757812,668.0,156939
2026-03-12 12:12:00,668.0,668.0800170898438,667.8505859375,667.969970703125,87427
2026-03-12 12:13:00,667.97998046875,668.6749877929688,667.9400024414062,668.60498046875,236051
2026-03-12 12:14:00,668.60498046875,668.9600219726562,668.489990234375,668.9199829101562,149030
2026-03-12 12:15:00,668.8900146484375,669.510009765625,668.8400268554688,669.469970703125,182846
2026-03-12 12:16:00,669.489990234375,669.8699951171875,669.3499755859375,669.780029296875,239353
2026-03-12 12:17:00,669.7899780273438,670.030029296875,669.4000244140625,669.5001220703125,187681
2026-03-12 12:18:00,669.510009765625,669.6400146484375,669.2100219726562,669.5499877929688,162203
2026-03-12 12:19:00,669.5599975585938,669.6699829101562,669.440185546875,669.6599731445312,124274
2026-03-12 12:20:00,669.6500244140625,670.280029296875,669.5999755859375,670.2650146484375,272360
2026-03-12 12:21:00,670.27001953125,671.0,670.260009765625,670.9600219726562,550056
2026-03-12 12:22:00,670.9600219726562,671.3099975585938,670.8200073242188,670.9000244140625,459993
2026-03-12 12:23:00,670.9099731445312,670.9400024414062,670.3699951171875,670.5,324132
2026-03-12 12:24:00,670.52001953125,670.5999755859375,669.7100219726562,669.760009765625,335416
2026-03-12 12:25:00,669.77001953125,669.8400268554688,669.4299926757812,669.5700073242188,281633
2026-03-12 12:26:00,669.5599975585938,669.6099853515625,668.7899780273438,668.969970703125,218185
2026-03-12 12:27:00,668.969970703125,669.1400146484375,668.719970703125,668.760009765625,252798
2026-03-12 12:28:00,668.760009765625,668.9600219726562,668.6699829101562,668.7999877929688,160431
2026-03-12 12:29:00,668.7999877929688,668.9799194335938,668.6599731445312,668.8400268554688,176661
2026-03-12 12:30:00,668.77001953125,668.9000244140625,668.489990234375,668.6400146484375,241860
2026-03-12 12:31:00,668.6400146484375,668.75,668.4199829101562,668.6300048828125,194780
2026-03-12 12:32:00,668.6199951171875,669.0700073242188,668.3400268554688,669.030029296875,163915
2026-03-12 12:33:00,669.0499877929688,669.52001953125,669.0,669.4500122070312,191210
2026-03-12 12:34:00,669.4400024414062,669.7100219726562,669.239990234375,669.260009765625,132453
2026-03-12 12:35:00,669.239990234375,669.4500122070312,669.1199951171875,669.3400268554688,105013
2026-03-12 12:36:00,669.3400268554688,669.60498046875,669.219970703125,669.27001953125,156044
2026-03-12 12:37:00,669.280029296875,669.6400146484375,669.1300048828125,669.6300048828125,120792
2026-03-12 12:38:00,669.6300048828125,670.1900024414062,669.469970703125,669.989990234375,315469
2026-03-12 12:39:00,669.969970703125,670.2899780273438,669.8599853515625,670.0601196289062,259464
2026-03-12 12:40:00,670.0900268554688,670.1300048828125,669.7319946289062,669.989990234375,149665
2026-03-12 12:41:00,669.989990234375,670.0899047851562,669.5700073242188,669.9099731445312,289669
2026-03-12 12:42:00,669.9099731445312,670.0700073242188,669.8200073242188,669.97998046875,82888
2026-03-12 12:43:00,669.97998046875,670.1400146484375,669.6799926757812,669.6799926757812,127609
2026-03-12 12:44:00,669.6799926757812,669.9400024414062,669.4000244140625,669.6909790039062,150255
2026-03-12 12:45:00,669.6699829101562,669.7899780273438,669.1599731445312,669.239990234375,113487
2026-03-12 12:46:00,669.239990234375,669.239990234375,668.1199951171875,668.1500244140625,159333
2026-03-12 12:47:00,668.1500244140625,668.5,668.0399780273438,668.4000244140625,142895
2026-03-12 12:48:00,668.3400268554688,668.6300048828125,668.2100219726562,668.489990234375,124265
2026-03-12 12:49:00,668.47998046875,668.989990234375,668.469970703125,668.8358764648438,119979
2026-03-12 12:50:00,668.8099975585938,669.22998046875,668.7000122070312,669.22998046875,127902
2026-03-12 12:51:00,669.239990234375,669.260009765625,668.4600219726562,668.6683959960938,135710
2026-03-12 12:52:00,668.6900024414062,668.739990234375,668.530029296875,668.5601196289062,118297
2026-03-12 12:53:00,668.5800170898438,668.7100219726562,668.094970703125,668.1199951171875,113945
2026-03-12 12:54:00,668.0999755859375,668.5,668.0800170898438,668.451904296875,181198
2026-03-12 12:55:00,668.4299926757812,668.8400268554688,668.3900146484375,668.47998046875,124924
2026-03-12 12:56:00,668.47998046875,668.52001953125,668.1900024414062,668.4299926757812,115863
2026-03-12 12:57:00,668.4299926757812,668.780029296875,668.239990234375,668.7050170898438,117386
2026-03-12 12:58:00,668.7000122070312,668.8400268554688,668.5599975585938,668.6099853515625,87522
2026-03-12 12:59:00,668.6300048828125,668.989990234375,668.5399780273438,668.8400268554688,80639
2026-03-12 13:00:00,668.8300170898438,669.0999755859375,668.6849975585938,668.7968139648438,103434
2026-03-12 13:01:00,668.7999877929688,669.176025390625,668.7899780273438,668.989990234375,86035
2026-03-12 13:02:00,669.0,669.1599731445312,668.7899780273438,668.8471069335938,109987
2026-03-12 13:03:00,668.8400268554688,669.0809936523438,668.760009765625,669.0809936523438,110742
2026-03-12 13:04:00,669.0900268554688,669.75,669.0900268554688,669.7100219726562,184739
2026-03-12 13:05:00,669.7100219726562,669.989990234375,669.5499877929688,669.9400024414062,153317
2026-03-12 13:06:00,669.9500122070312,670.2999877929688,669.5499877929688,670.2899780273438,182360
2026-03-12 13:07:00,670.2899780273438,670.3098754882812,669.8699951171875,670.0,156998
2026-03-12 13:08:00,669.9741821289062,670.0399780273438,669.3599853515625,669.3900146484375,111776
2026-03-12 13:09:00,669.3699951171875,669.489990234375,668.77001953125,668.9500122070312,135897
2026-03-12 13:10:00,668.9000244140625,669.489990234375,668.8900146484375,669.4000244140625,117133
2026-03-12 13:11:00,669.3900146484375,669.4500122070312,669.2000122070312,669.3599853515625,69434
2026-03-12 13:12:00,669.3400268554688,669.3699951171875,669.0399780273438,669.280029296875,67589
2026-03-12 13:13:00,669.280029296875,669.4600219726562,669.0900268554688,669.0900268554688,76033
2026-03-12 13:14:00,669.1099853515625,669.1300048828125,668.619873046875,668.6986083984375,132779
2026-03-12 13:15:00,668.6900024414062,668.9299926757812,668.530029296875,668.6699829101562,149511
2026-03-12 13:16:00,668.6699829101562,668.7100219726562,668.4000244140625,668.5999755859375,81341
2026-03-12 13:17:00,668.5800170898438,668.6900024414062,668.4500122070312,668.6500244140625,95956
2026-03-12 13:18:00,668.6599731445312,668.7100219726562,668.3800048828125,668.4099731445312,227611
2026-03-12 13:19:00,668.426025390625,668.47998046875,668.1099853515625,668.1300048828125,198080
2026-03-12 13:20:00,668.1199951171875,668.3300170898438,667.989990234375,668.3099975585938,190087
2026-03-12 13:21:00,668.2999877929688,668.5700073242188,668.2899780273438,668.4349975585938,149497
2026-03-12 13:22:00,668.4199829101562,669.25,668.4199829101562,669.2000122070312,173908
2026-03-12 13:23:00,669.1950073242188,669.3800048828125,668.7999877929688,669.0700073242188,147849
2026-03-12 13:24:00,669.0599975585938,669.239990234375,668.8200073242188,669.0399780273438,340913
2026-03-12 13:25:00,669.0399780273438,669.239990234375,668.780029296875,669.0900268554688,117209
2026-03-12 13:26:00,669.0999755859375,669.1599731445312,668.75,669.010009765625,97925
2026-03-12 13:27:00,669.0,669.3099975585938,668.8900146484375,668.89501953125,111631
2026-03-12 13:28:00,668.9000244140625,668.9199829101562,668.52001953125,668.52001953125,118229
2026-03-12 13:29:00,668.530029296875,668.6699829101562,668.3800048828125,668.5599975585938,79906
2026-03-12 13:30:00,668.5599975585938,668.969970703125,668.530029296875,668.9400024414062,104546
2026-03-12 13:31:00,668.9400024414062,669.2000122070312,668.7999877929688,668.8499755859375,94922
2026-03-12 13:32:00,668.8499755859375,669.0900268554688,668.6300048828125,668.97998046875,69915
2026-03-12 13:33:00,668.969970703125,669.0399780273438,668.6699829101562,668.7100219726562,114628
2026-03-12 13:34:00,668.7150268554688,668.885009765625,668.5900268554688,668.8599853515625,205254
2026-03-12 13:35:00,668.8599853515625,669.4199829101562,668.8400268554688,669.3699951171875,149905
2026-03-12 13:36:00,669.3499755859375,669.530029296875,669.1138916015625,669.4500122070312,157504
2026-03-12 13:37:00,669.4400024414062,669.530029296875,669.2999877929688,669.47998046875,75583
2026-03-12 13:38:00,669.47998046875,669.489990234375,669.1400146484375,669.3300170898438,395743
2026-03-12 13:39:00,669.2899780273438,669.4849853515625,669.1599731445312,669.47998046875,93714
2026-03-12 13:40:00,669.5,669.75,669.3800048828125,669.6199951171875,207748
2026-03-12 13:41:00,669.6300048828125,669.6400146484375,668.958984375,668.9600219726562,273739
2026-03-12 13:42:00,668.969970703125,668.97998046875,668.7000122070312,668.7550048828125,118102
2026-03-12 13:43:00,668.760009765625,668.780029296875,668.6016845703125,668.6600952148438,70863
2026-03-12 13:44:00,668.669921875,668.7899780273438,668.4503784179688,668.5399780273438,229526
2026-03-12 13:45:00,668.5399780273438,668.5399780273438,668.0700073242188,668.0800170898438,322671
2026-03-12 13:46:00,668.0700073242188,668.4000244140625,667.9500122070312,668.2061157226562,214543
2026-03-12 13:47:00,668.2000122070312,668.6599731445312,668.1699829101562,668.5700073242188,121383
2026-03-12 13:48:00,668.5800170898438,668.7899780273438,668.280029296875,668.2899780273438,108822
2026-03-12 13:49:00,668.2899780273438,668.3599853515625,668.1400146484375,668.22998046875,109179
2026-03-12 13:50:00,668.2100219726562,668.739990234375,668.1400146484375,668.72998046875,109002
2026-03-12 13:51:00,668.7249755859375,668.8099975585938,668.510009765625,668.7000122070312,104399
2026-03-12 13:52:00,668.6900024414062,668.719970703125,668.231201171875,668.4099731445312,94805
2026-03-12 13:53:00,668.4199829101562,668.4500122070312,668.1900024414062,668.239990234375,79395
2026-03-12 13:54:00,668.239990234375,668.2999877929688,668.0700073242188,668.0800170898438,138312
2026-03-12 13:55:00,668.0900268554688,668.0999755859375,667.2700805664062,667.5599975585938,501159
2026-03-12 13:56:00,667.52001953125,667.7000122070312,667.489990234375,667.567626953125,304347
2026-03-12 13:57:00,667.5499877929688,667.885009765625,667.5499877929688,667.8499755859375,136009
2026-03-12 13:58:00,667.8400268554688,668.1019897460938,667.8200073242188,668.0850219726562,254425
2026-03-12 13:59:00,668.0999755859375,668.260009765625,668.0399780273438,668.1600952148438,283088
2026-03-12 14:00:00,668.1699829101562,668.635009765625,668.1699829101562,668.6199951171875,284115
2026-03-12 14:01:00,668.6199951171875,668.6199951171875,668.3499755859375,668.469970703125,172600
2026-03-12 14:02:00,668.47998046875,668.989990234375,668.469970703125,668.6107177734375,206329
2026-03-12 14:03:00,668.5800170898438,668.85498046875,668.3900146484375,668.8150024414062,375659
2026-03-12 14:04:00,668.8300170898438,668.9099731445312,668.530029296875,668.530029296875,143054
2026-03-12 14:05:00,668.5399780273438,668.6798706054688,668.3900146484375,668.4000244140625,95251
2026-03-12 14:06:00,668.3800048828125,668.4500122070312,668.219970703125,668.3599853515625,93697
2026-03-12 14:07:00,668.3599853515625,668.9099731445312,668.3200073242188,668.8699951171875,100880
2026-03-12 14:08:00,668.8599853515625,669.1599731445312,668.739990234375,668.8200073242188,195120
2026-03-12 14:09:00,668.8300170898438,668.8400268554688,668.5650024414062,668.6699829101562,99367
2026-03-12 14:10:00,668.6900024414062,668.8099975585938,668.5999755859375,668.780029296875,81985
2026-03-12 14:11:00,668.7899780273438,668.97998046875,668.6699829101562,668.9099731445312,97641
2026-03-12 14:12:00,668.9199829101562,668.9299926757812,668.5999755859375,668.739990234375,75197
2026-03-12 14:13:00,668.75,668.9299926757812,668.52001953125,668.8300170898438,69228
2026-03-12 14:14:00,668.8200073242188,668.9249877929688,668.6599731445312,668.9197998046875,120874
2026-03-12 14:15:00,668.9199829101562,669.1500244140625,668.9199829101562,669.1199951171875,151781
2026-03-12 14:16:00,669.1099853515625,669.219970703125,668.969970703125,669.0598754882812,140298
2026-03-12 14:17:00,669.0549926757812,669.0700073242188,668.75,668.9400024414062,93106
2026-03-12 14:18:00,668.9400024414062,668.9400024414062,668.489990234375,668.5349731445312,128791
2026-03-12 14:19:00,668.5399780273438,668.5399780273438,668.1900024414062,668.25,109227
2026-03-12 14:20:00,668.280029296875,668.2899780273438,667.9299926757812,667.9299926757812,227054
2026-03-12 14:21:00,667.9249877929688,668.0399780273438,667.780029296875,667.8198852539062,275931
2026-03-12 14:22:00,667.8250122070312,668.1990966796875,667.8200073242188,667.8699951171875,236833
2026-03-12 14:23:00,667.8701171875,668.1900024414062,667.8400268554688,668.1500244140625,184824
2026-03-12 14:24:00,668.1599731445312,668.3787231445312,668.0499877929688,668.1148071289062,115540
2026-03-12 14:25:00,668.0999755859375,668.280029296875,667.9600219726562,668.1221923828125,128451
2026-03-12 14:26:00,668.1500244140625,668.22998046875,668.0499877929688,668.1400146484375,103806
2026-03-12 14:27:00,668.1099853515625,668.2899780273438,667.9099731445312,667.9849853515625,166235
2026-03-12 14:28:00,667.97998046875,668.0800170898438,667.6901245117188,667.8300170898438,170023
2026-03-12 14:29:00,667.8350219726562,668.2598876953125,667.8099975585938,668.1900024414062,130068
2026-03-12 14:30:00,668.1799926757812,668.2595825195312,668.0,668.2299194335938,203703
2026-03-12 14:31:00,668.22998046875,668.3400268554688,668.0700073242188,668.22998046875,136668
2026-03-12 14:32:00,668.219970703125,668.47998046875,668.1799926757812,668.4000244140625,120296
2026-03-12 14:33:00,668.4022216796875,668.4500122070312,668.2210083007812,668.239990234375,65074
2026-03-12 14:34:00,668.239990234375,668.280029296875,667.780029296875,667.844970703125,159739
2026-03-12 14:35:00,667.8499755859375,667.9600219726562,667.6500244140625,667.739990234375,141691
2026-03-12 14:36:00,667.760009765625,667.77001953125,667.5,667.52001953125,1269472
2026-03-12 14:37:00,667.52001953125,667.7999877929688,667.47998046875,667.760009765625,228774
2026-03-12 14:38:00,667.760009765625,667.9600219726562,667.6799926757812,667.7999877929688,173019
2026-03-12 14:39:00,667.8099975585938,668.0499877929688,667.760009765625,667.875,167713
2026-03-12 14:40:00,667.8800048828125,667.8800048828125,667.5700073242188,667.5700073242188,172697
2026-03-12 14:41:00,667.5800170898438,667.7799072265625,667.510009765625,667.7799072265625,145372
2026-03-12 14:42:00,667.77001953125,667.9550170898438,667.75,667.8400268554688,119687
2026-03-12 14:43:00,667.8200073242188,667.8599853515625,667.6300048828125,667.8049926757812,199567
2026-03-12 14:44:00,667.7999877929688,667.9000244140625,667.6400146484375,667.6984252929688,106886
2026-03-12 14:45:00,667.6799926757812,667.7999877929688,667.6300048828125,667.7000122070312,129501
2026-03-12 14:46:00,667.6900024414062,667.919921875,667.6799926757812,667.6950073242188,156951
2026-03-12 14:47:00,667.6950073242188,667.719970703125,667.5,667.5900268554688,112206
2026-03-12 14:48:00,667.594970703125,667.6500244140625,667.510009765625,667.5150146484375,145357
2026-03-12 14:49:00,667.5150146484375,667.52001953125,667.4000244140625,667.4600219726562,116376
2026-03-12 14:50:00,667.4550170898438,667.905029296875,667.4400024414062,667.885009765625,153810
2026-03-12 14:51:00,667.8900146484375,668.1799926757812,667.760009765625,667.9500122070312,180596
2026-03-12 14:52:00,667.9500122070312,668.010009765625,667.6500244140625,667.6500244140625,111829
2026-03-12 14:53:00,667.6500244140625,667.8400268554688,667.530029296875,667.8049926757812,132730
2026-03-12 14:54:00,667.7999877929688,667.8499755859375,667.719970703125,667.7999877929688,95316
2026-03-12 14:55:00,667.7899780273438,667.7899780273438,667.5800170898438,667.635009765625,98513
2026-03-12 14:56:00,667.6400146484375,667.6900024414062,667.2999877929688,667.4199829101562,205907
2026-03-12 14:57:00,667.4149780273438,667.6799926757812,667.3800048828125,667.4705810546875,172881
2026-03-12 14:58:00,667.47998046875,667.530029296875,667.2000122070312,667.2550048828125,231895
2026-03-12 14:59:00,667.2579956054688,667.39501953125,667.2050170898438,667.3289794921875,267052
2026-03-12 15:00:00,667.3200073242188,667.7000122070312,667.1599731445312,667.6799926757812,321123
2026-03-12 15:01:00,667.6900024414062,668.0399780273438,667.25,667.2750244140625,337044
2026-03-12 15:02:00,667.260009765625,667.3499755859375,666.9400024414062,666.9724731445312,239682
2026-03-12 15:03:00,666.989990234375,667.0700073242188,666.8699951171875,666.9697265625,472241
2026-03-12 15:04:00,666.969970703125,667.3699951171875,666.9650268554688,667.3250122070312,186121
2026-03-12 15:05:00,667.3200073242188,667.7899780273438,667.176025390625,667.5399780273438,360151
2026-03-12 15:06:00,667.52001953125,667.9299926757812,667.510009765625,667.8599853515625,215918
2026-03-12 15:07:00,667.8400268554688,667.9400024414062,667.364990234375,667.4600219726562,122913
2026-03-12 15:08:00,667.4349975585938,667.72998046875,667.3699951171875,667.7000122070312,92383
2026-03-12 15:09:00,667.7100219726562,667.780029296875,667.52001953125,667.6099853515625,369066
2026-03-12 15:10:00,667.6099853515625,667.8900146484375,667.5449829101562,667.719970703125,252550
2026-03-12 15:11:00,667.719970703125,667.72998046875,667.1699829101562,667.1699829101562,142876
2026-03-12 15:12:00,667.1699829101562,667.4500122070312,666.989990234375,667.3599853515625,303159
2026-03-12 15:13:00,667.364990234375,667.52001953125,667.2999877929688,667.3900146484375,164381
2026-03-12 15:14:00,667.3800048828125,667.5499877929688,667.260009765625,667.5250244140625,137723
2026-03-12 15:15:00,667.5399780273438,667.739990234375,667.4199829101562,667.4299926757812,219403
2026-03-12 15:16:00,667.4299926757812,667.6500244140625,667.3699951171875,667.380126953125,226311
2026-03-12 15:17:00,667.3900146484375,667.5800170898438,667.2999877929688,667.469970703125,405901
2026-03-12 15:18:00,667.4799194335938,667.9099731445312,667.4299926757812,667.8499755859375,330364
2026-03-12 15:19:00,667.8499755859375,667.9400024414062,667.6799926757812,667.7319946289062,248635
2026-03-12 15:20:00,667.72998046875,667.8499755859375,667.5599975585938,667.8099975585938,177485
2026-03-12 15:21:00,667.8099975585938,668.0499877929688,667.6799926757812,668.0499877929688,181266
2026-03-12 15:22:00,668.0499877929688,668.2797241210938,668.010009765625,668.2750244140625,198479
2026-03-12 15:23:00,668.27001953125,668.3900146484375,667.9949951171875,668.0449829101562,251469
2026-03-12 15:24:00,668.0250244140625,668.0499877929688,667.7349853515625,667.8599853515625,436112
2026-03-12 15:25:00,667.8499755859375,668.0800170898438,667.7349853515625,668.0499877929688,211159
2026-03-12 15:26:00,668.0416259765625,668.1599731445312,667.9000244140625,668.0,198390
2026-03-12 15:27:00,668.0,668.0700073242188,667.7899780273438,667.844970703125,166033
2026-03-12 15:28:00,667.8499145507812,668.0800170898438,667.7899780273438,667.8051147460938,168270
2026-03-12 15:29:00,667.8365478515625,667.989990234375,667.6614990234375,667.97998046875,168152
2026-03-12 15:30:00,667.989990234375,668.3499755859375,667.9166259765625,668.2999267578125,317953
2026-03-12 15:31:00,668.2899780273438,668.3200073242188,668.0900268554688,668.2150268554688,125407
2026-03-12 15:32:00,668.219970703125,668.5599975585938,668.0800170898438,668.5499877929688,149500
2026-03-12 15:33:00,668.5599975585938,668.6500244140625,668.4099731445312,668.4500122070312,369801
2026-03-12 15:34:00,668.4500122070312,668.469970703125,668.22998046875,668.2999877929688,183668
2026-03-12 15:35:00,668.2999877929688,668.4000244140625,667.7849731445312,667.7999877929688,199380
2026-03-12 15:36:00,667.7899780273438,667.97998046875,667.659912109375,667.97998046875,176896
2026-03-12 15:37:00,667.969970703125,668.3200073242188,667.9500122070312,668.1500244140625,268047
2026-03-12 15:38:00,668.14990234375,668.1500244140625,667.97998046875,668.08251953125,321321
2026-03-12 15:39:00,668.0700073242188,668.125,667.8900146484375,667.9299926757812,129856
2026-03-12 15:40:00,667.9199829101562,667.9400024414062,667.3400268554688,667.4199829101562,263565
2026-03-12 15:41:00,667.4299926757812,667.5399780273438,667.3300170898438,667.4100952148438,244630
2026-03-12 15:42:00,667.4149780273438,667.5250244140625,667.0499877929688,667.1849975585938,265968
2026-03-12 15:43:00,667.1801147460938,667.1900024414062,667.0399780273438,667.0750122070312,351605
2026-03-12 15:44:00,667.0789794921875,667.27001953125,667.0700073242188,667.1900024414062,299488
2026-03-12 15:45:00,667.1799926757812,667.219970703125,666.8900146484375,666.989990234375,417324
2026-03-12 15:46:00,667.0,667.030029296875,666.489990234375,666.719970703125,479403
2026-03-12 15:47:00,666.72998046875,666.9099731445312,666.6400146484375,666.6599731445312,522565
2026-03-12 15:48:00,666.6649780273438,666.8499755859375,666.5399780273438,666.760009765625,397357
2026-03-12 15:49:00,666.760009765625,666.9299926757812,666.6300048828125,666.719970703125,336723
2026-03-12 15:50:00,666.719970703125,666.9400024414062,666.280029296875,666.75,622484
2026-03-12 15:51:00,666.760009765625,666.8300170898438,666.5900268554688,666.7100219726562,285259
2026-03-12 15:52:00,666.7100219726562,666.7100219726562,666.47998046875,666.6199951171875,341151
2026-03-12 15:53:00,666.614990234375,666.8400268554688,666.4400024414062,666.469970703125,447296
2026-03-12 15:54:00,666.4600219726562,666.8200073242188,666.1300048828125,666.77001953125,584310
2026-03-12 15:55:00,666.780029296875,667.0700073242188,666.260009765625,666.260009765625,622582
2026-03-12 15:56:00,666.27001953125,666.3099975585938,665.97998046875,666.1199951171875,668572
2026-03-12 15:57:00,666.125,666.219970703125,665.969970703125,666.0700073242188,686151
2026-03-12 15:58:00,666.0700073242188,666.239990234375,666.0349731445312,666.1099853515625,733783
2026-03-12 15:59:00,666.1099853515625,666.3400268554688,665.905029296875,666.0399780273438,1959932
2026-03-13 09:30:00,670.094970703125,670.094970703125,670.0399780273438,670.0599975585938,3107017
2026-03-13 09:31:00,670.0599975585938,670.260009765625,669.5,669.9299926757812,463795
2026-03-13 09:32:00,669.9199829101562,670.02001953125,669.47998046875,669.6900024414062,361716
2026-03-13 09:33:00,669.6699829101562,670.29638671875,669.5499877929688,669.5900268554688,378874
2026-03-13 09:34:00,669.5900268554688,669.9199829101562,669.4199829101562,669.7849731445312,352436
2026-03-13 09:35:00,669.780029296875,669.8699951171875,669.0399780273438,669.489990234375,292618
2026-03-13 09:36:00,669.4979248046875,669.52001953125,668.9600219726562,669.3800048828125,255269
2026-03-13 09:37:00,669.3800048828125,670.239990234375,669.260009765625,670.0599975585938,343134
2026-03-13 09:38:00,670.0599975585938,670.489990234375,669.77001953125,670.4400024414062,281976
2026-03-13 09:39:00,670.4299926757812,670.6900024414062,670.2000732421875,670.3800048828125,284373
2026-03-13 09:40:00,670.4000244140625,670.5700073242188,670.1160278320312,670.5700073242188,231943
2026-03-13 09:41:00,670.5800170898438,670.719970703125,670.4099731445312,670.6599731445312,226710
2026-03-13 09:42:00,670.6400146484375,671.1500244140625,670.5,671.02001953125,315032
2026-03-13 09:43:00,671.0250244140625,671.7100219726562,670.9067993164062,671.6799926757812,364186
2026-03-13 09:44:00,671.6699829101562,671.969970703125,671.5800170898438,671.9400024414062,342180
2026-03-13 09:45:00,671.9199829101562,672.1300048828125,671.6199951171875,672.0800170898438,379584
2026-03-13 09:46:00,672.0900268554688,672.3350219726562,671.8300170898438,671.989990234375,346098
2026-03-13 09:47:00,671.989990234375,672.0399780273438,671.5418090820312,672.030029296875,418593
2026-03-13 09:48:00,672.0250244140625,672.0479736328125,671.3900146484375,671.489990234375,336015
2026-03-13 09:49:00,671.47998046875,671.510009765625,671.0800170898438,671.1199951171875,471022
2026-03-13 09:50:00,671.1300048828125,671.1400146484375,670.6500244140625,670.6900024414062,242364
2026-03-13 09:51:00,670.6699829101562,670.9550170898438,670.6400146484375,670.6950073242188,169044
2026-03-13 09:52:00,670.7000122070312,671.3400268554688,670.6599731445312,670.9400024414062,225324
2026-03-13 09:53:00,670.9600219726562,671.7000122070312,670.8350219726562,671.6500244140625,201805
2026-03-13 09:54:00,671.6599731445312,671.8599853515625,671.469970703125,671.6912841796875,271662
2026-03-13 09:55:00,671.7100219726562,671.719970703125,671.38330078125,671.47998046875,164946
2026-03-13 09:56:00,671.47998046875,671.5,670.719970703125,670.9500122070312,355778
2026-03-13 09:57:00,670.9400024414062,671.0800170898438,670.5499877929688,670.6799926757812,317325
2026-03-13 09:58:00,670.7100219726562,670.9099731445312,670.469970703125,670.8900146484375,173161
2026-03-13 09:59:00,670.8900146484375,670.989990234375,670.3699951171875,670.530029296875,337345
2026-03-13 10:00:00,670.5399780273438,671.25,670.5399780273438,671.0,318211
2026-03-13 10:01:00,671.02001953125,671.0800170898438,670.6099853515625,670.875,130072
2026-03-13 10:02:00,670.8699951171875,670.8699951171875,669.780029296875,669.8400268554688,324914
2026-03-13 10:03:00,669.8699951171875,670.0700073242188,669.72998046875,669.8203735351562,213154
2026-03-13 10:04:00,669.8300170898438,670.280029296875,669.8300170898438,670.0800170898438,144880
2026-03-13 10:05:00,670.0900268554688,670.530029296875,669.7304077148438,669.739990234375,195738
2026-03-13 10:06:00,669.75,670.2299194335938,669.6599731445312,670.1375122070312,110538
2026-03-13 10:07:00,670.1500244140625,670.3300170898438,669.6799926757812,669.6900024414062,141966
2026-03-13 10:08:00,669.6900024414062,669.7999877929688,669.22998046875,669.3099975585938,221186
2026-03-13 10:09:00,669.3250122070312,669.7100219726562,669.1199951171875,669.3300170898438,254859
2026-03-13 10:10:00,669.2999877929688,669.5,668.9199829101562,669.02001953125,257677
2026-03-13 10:11:00,669.0,669.3599853515625,668.780029296875,668.93408203125,188640
2026-03-13 10:12:00,668.9400024414062,669.2100219726562,668.8200073242188,669.0250244140625,296570
2026-03-13 10:13:00,669.0100708007812,669.2899780273438,668.8900146484375,669.0,178060
2026-03-13 10:14:00,669.0,669.219970703125,668.8602905273438,668.8602905273438,143462
2026-03-13 10:15:00,668.8599853515625,668.969970703125,668.4600219726562,668.52001953125,212976
2026-03-13 10:16:00,668.530029296875,669.0900268554688,668.4099731445312,668.4600830078125,197039
2026-03-13 10:17:00,668.469970703125,668.6500244140625,667.8599853515625,667.9500122070312,401961
2026-03-13 10:18:00,667.9400024414062,668.1099853515625,667.72998046875,667.780029296875,274974
2026-03-13 10:19:00,667.7999877929688,668.27001953125,667.72998046875,668.1799926757812,190369
2026-03-13 10:20:00,668.1799926757812,668.9144897460938,668.1099853515625,668.4401245117188,285649
2026-03-13 10:21:00,668.469970703125,668.8300170898438,668.3900146484375,668.7999877929688,149284
2026-03-13 10:22:00,668.7999877929688,668.8099975585938,668.47998046875,668.5,184179
2026-03-13 10:23:00,668.5,669.030029296875,668.3300170898438,669.0,188752
2026-03-13 10:24:00,669.0,669.0800170898438,668.52001953125,668.6500244140625,121758
2026-03-13 10:25:00,668.6599731445312,668.75,668.4299926757812,668.5900268554688,112545
2026-03-13 10:26:00,668.5800170898438,668.8300170898438,668.22998046875,668.5499877929688,181228
2026-03-13 10:27:00,668.5800170898438,669.27001953125,668.52001953125,668.8099975585938,280649
2026-03-13 10:28:00,668.7999877929688,669.0449829101562,668.3599853515625,668.969970703125,165058
2026-03-13 10:29:00,668.969970703125,669.0800170898438,668.8400268554688,668.840087890625,140286
2026-03-13 10:30:00,668.8699951171875,669.47998046875,668.6900024414062,669.4650268554688,188234
2026-03-13 10:31:00,669.4500122070312,670.1099853515625,669.3699951171875,670.0900268554688,247497
2026-03-13 10:32:00,670.0700073242188,670.22998046875,669.8499755859375,670.2000122070312,128790
2026-03-13 10:33:00,670.2100219726562,670.224609375,669.760009765625,669.8499755859375,158011
2026-03-13 10:34:00,669.8400268554688,669.8400268554688,669.169677734375,669.5,163185
2026-03-13 10:35:00,669.510009765625,669.5399780273438,668.5599975585938,668.5999755859375,144802
2026-03-13 10:36:00,668.6199951171875,668.8599853515625,668.4299926757812,668.52001953125,161067
2026-03-13 10:37:00,668.489990234375,669.4600219726562,668.489990234375,669.02001953125,160313
2026-03-13 10:38:00,669.0200805664062,669.27001953125,668.9299926757812,669.1099853515625,83993
2026-03-13 10:39:00,669.1300048828125,669.3900146484375,668.8400268554688,668.8800048828125,121344
2026-03-13 10:40:00,668.8800048828125,668.8800048828125,668.0700073242188,668.1845703125,219382
2026-03-13 10:41:00,668.1599731445312,668.2219848632812,667.6799926757812,667.75,162287
2026-03-13 10:42:00,667.7100219726562,667.989990234375,667.3397827148438,667.8101196289062,252367
2026-03-13 10:43:00,667.8300170898438,667.9099731445312,667.4400024414062,667.4862060546875,117781
2026-03-13 10:44:00,667.489990234375,667.6500244140625,667.219970703125,667.2899780273438,159499
2026-03-13 10:45:00,667.2899780273438,667.3800048828125,667.02001953125,667.0499877929688,214222
2026-03-13 10:46:00,667.0501708984375,667.22998046875,666.4000244140625,666.4299926757812,403626
2026-03-13 10:47:00,666.4199829101562,666.739990234375,666.2899780273438,666.489990234375,293602
2026-03-13 10:48:00,666.489990234375,667.0900268554688,666.469970703125,666.89501953125,428914
2026-03-13 10:49:00,666.8800048828125,667.219970703125,666.739990234375,667.0499877929688,204026
2026-03-13 10:50:00,667.0499877929688,667.5999755859375,666.7899780273438,667.1199951171875,268860
2026-03-13 10:51:00,667.0900268554688,667.219970703125,666.8400268554688,666.8400268554688,255548
2026-03-13 10:52:00,666.8300170898438,666.9099731445312,666.4500122070312,666.5800170898438,235653
2026-03-13 10:53:00,666.5900268554688,667.0900268554688,666.4500122070312,666.9000244140625,235281
2026-03-13 10:54:00,666.9099731445312,666.969970703125,666.5001220703125,666.530029296875,141056
2026-03-13 10:55:00,666.510009765625,666.8499755859375,666.0449829101562,666.0499877929688,180154
2026-03-13 10:56:00,666.0700073242188,666.0700073242188,665.2022705078125,665.239990234375,339556
2026-03-13 10:57:00,665.260009765625,665.5399780273438,664.989990234375,665.239990234375,843665
2026-03-13 10:58:00,665.219970703125,665.5,665.0599975585938,665.3499755859375,239563
2026-03-13 10:59:00,665.3699951171875,665.7150268554688,665.1599731445312,665.3300170898438,251210
2026-03-13 11:00:00,665.3400268554688,665.7100219726562,664.8099975585938,664.9400024414062,405995
2026-03-13 11:01:00,664.9500122070312,665.2100219726562,664.8400268554688,664.9600219726562,223915
2026-03-13 11:02:00,664.9600219726562,665.030029296875,664.6599731445312,664.72998046875,317916
2026-03-13 11:03:00,664.7349853515625,665.1799926757812,664.530029296875,664.9199829101562,328668
2026-03-13 11:04:00,664.9199829101562,665.1400146484375,664.8250122070312,665.0999755859375,163086
2026-03-13 11:05:00,665.1199951171875,665.52001953125,665.0300903320312,665.1199951171875,260361
2026-03-13 11:06:00,665.1099853515625,665.469970703125,664.9600219726562,664.9600830078125,240938
2026-03-13 11:07:00,664.97998046875,665.5399780273438,664.9000244140625,665.5075073242188,190484
2026-03-13 11:08:00,665.5050048828125,665.8900146484375,665.4000244140625,665.8400268554688,292797
2026-03-13 11:09:00,665.8400268554688,666.1799926757812,665.8350219726562,666.1699829101562,213027
2026-03-13 11:10:00,666.1699829101562,666.35498046875,666.090087890625,666.1300048828125,182408
2026-03-13 11:11:00,666.1300048828125,666.280029296875,665.739990234375,666.1950073242188,292168
2026-03-13 11:12:00,666.2000122070312,666.8099975585938,666.2000122070312,666.5800170898438,203476
2026-03-13 11:13:00,666.5900268554688,666.8599853515625,666.3800048828125,666.780029296875,186226
2026-03-13 11:14:00,666.7899780273438,666.9400024414062,666.6900024414062,666.8499755859375,249850
2026-03-13 11:15:00,666.8499755859375,666.9000244140625,666.489990234375,666.6699829101562,331217
2026-03-13 11:16:00,666.6699829101562,666.77001953125,666.3400268554688,666.3599853515625,106092
2026-03-13 11:17:00,666.3599853515625,666.3699951171875,666.0150146484375,666.2100219726562,148758
2026-03-13 11:18:00,666.1900024414062,666.469970703125,666.02001953125,666.3400268554688,187911
2026-03-13 11:19:00,666.3300170898438,666.4000244140625,665.7999877929688,665.8350219726562,120000
2026-03-13 11:20:00,665.8300170898438,666.0700073242188,665.5999755859375,665.9299926757812,143002
2026-03-13 11:21:00,665.9400024414062,666.3200073242188,665.8200073242188,666.1199951171875,218257
2026-03-13 11:22:00,666.1199951171875,666.3699951171875,666.0700073242188,666.1199951171875,154622
2026-03-13 11:23:00,666.1400146484375,666.1400146484375,665.3599853515625,665.385009765625,204099
2026-03-13 11:24:00,665.3699951171875,665.4099731445312,664.7750244140625,664.7899780273438,247648
2026-03-13 11:25:00,664.7899780273438,664.8900146484375,664.6300048828125,664.66748046875,261745
2026-03-13 11:26:00,664.6799926757812,664.9099731445312,664.510009765625,664.72998046875,438299
2026-03-13 11:27:00,664.7000122070312,664.8699951171875,664.4299926757812,664.469970703125,192484
2026-03-13 11:28:00,664.47998046875,664.8161010742188,664.4500122070312,664.5900268554688,172035
2026-03-13 11:29:00,664.5900268554688,664.7999877929688,664.469970703125,664.5900268554688,136229
2026-03-13 11:30:00,664.5700073242188,664.8499755859375,664.3200073242188,664.6300048828125,231008
2026-03-13 11:31:00,664.6199951171875,665.0999755859375,664.6199951171875,664.7000122070312,244267
2026-03-13 11:32:00,664.6900024414062,664.97998046875,664.6900024414062,664.780029296875,103513
2026-03-13 11:33:00,664.7999877929688,665.010009765625,664.469970703125,664.510009765625,179651
2026-03-13 11:34:00,664.52001953125,665.3300170898438,664.52001953125,665.1400146484375,245055
2026-03-13 11:35:00,665.1400146484375,665.2999877929688,664.489990234375,664.5599975585938,167172
2026-03-13 11:36:00,664.5599975585938,664.5800170898438,663.969970703125,664.1599731445312,326666
2026-03-13 11:37:00,664.1599731445312,664.6799926757812,663.9906005859375,664.6099853515625,181147
2026-03-13 11:38:00,664.5999755859375,664.9500122070312,664.4500122070312,664.8800048828125,156473
2026-03-13 11:39:00,664.8699951171875,665.0,664.47998046875,664.6300048828125,201856
2026-03-13 11:40:00,664.5999755859375,664.8599853515625,664.3800048828125,664.469970703125,138971
2026-03-13 11:41:00,664.4600219726562,664.4600219726562,663.77001953125,663.9199829101562,217732
2026-03-13 11:42:00,663.9500122070312,664.0449829101562,663.739990234375,663.739990234375,192615
2026-03-13 11:43:00,663.739990234375,663.8200073242188,663.3900146484375,663.4099731445312,226586
2026-03-13 11:44:00,663.4199829101562,663.8699951171875,663.3499755859375,663.6900024414062,202989
2026-03-13 11:45:00,663.64501953125,663.969970703125,663.6300048828125,663.719970703125,157189
2026-03-13 11:46:00,663.7100219726562,663.8099975585938,663.27001953125,663.72998046875,287308
2026-03-13 11:47:00,663.7100219726562,665.1599731445312,663.7100219726562,664.989990234375,819940
2026-03-13 11:48:00,664.97998046875,665.0599975585938,664.0999755859375,664.1500244140625,298196
2026-03-13 11:49:00,664.1699829101562,664.3400268554688,664.0499877929688,664.3198852539062,135464
2026-03-13 11:50:00,664.3400268554688,664.4299926757812,663.7949829101562,664.239990234375,280650
2026-03-13 11:51:00,664.25,664.4500122070312,663.7999877929688,663.8300170898438,143813
2026-03-13 11:52:00,663.8200073242188,663.9099731445312,663.3099975585938,663.4299926757812,175362
2026-03-13 11:53:00,663.4299926757812,663.760009765625,663.3599853515625,663.489990234375,179501
2026-03-13 11:54:00,663.5,663.9500122070312,663.489990234375,663.8920288085938,122488
2026-03-13 11:55:00,663.8800048828125,663.9600219726562,663.3200073242188,663.6099853515625,128617
2026-03-13 11:56:00,663.6300048828125,663.8800048828125,663.5079956054688,663.6400146484375,141413
2026-03-13 11:57:00,663.64501953125,663.7000122070312,663.0999755859375,663.260009765625,161655
2026-03-13 11:58:00,663.260009765625,663.4500122070312,663.219970703125,663.375,194021
2026-03-13 11:59:00,663.3699951171875,663.6900024414062,663.3400268554688,663.3800048828125,182973
2026-03-13 12:00:00,663.3599853515625,663.9199829101562,663.3400268554688,663.6199951171875,275527
2026-03-13 12:01:00,663.5999755859375,664.260009765625,663.5599975585938,664.22998046875,220001
2026-03-13 12:02:00,664.219970703125,664.2899780273438,663.47998046875,663.6099853515625,131740
2026-03-13 12:03:00,663.6099853515625,664.1596069335938,663.5399780273438,664.125,126396
2026-03-13 12:04:00,664.1231079101562,664.239990234375,663.8800048828125,663.9099731445312,80641
2026-03-13 12:05:00,663.9299926757812,664.1199951171875,663.8200073242188,663.9199829101562,108644
2026-03-13 12:06:00,663.9000244140625,664.1500244140625,663.6300048828125,663.989990234375,126731
2026-03-13 12:07:00,663.989990234375,664.6900024414062,663.969970703125,664.64990234375,179665
2026-03-13 12:08:00,664.6500244140625,664.6699829101562,664.3699951171875,664.4450073242188,176528
2026-03-13 12:09:00,664.4299926757812,664.5700073242188,664.25,664.4500122070312,92297
2026-03-13 12:10:00,664.469970703125,664.6572265625,664.2899780273438,664.4400024414062,86137
2026-03-13 12:11:00,664.4400024414062,664.8499755859375,664.3400268554688,664.8198852539062,88593
2026-03-13 12:12:00,664.8300170898438,664.9650268554688,664.5399780273438,664.5407104492188,161995
2026-03-13 12:13:00,664.5499877929688,664.6400146484375,663.418701171875,663.530029296875,295077
2026-03-13 12:14:00,663.530029296875,664.0999755859375,663.47998046875,663.969970703125,168357
2026-03-13 12:15:00,663.97998046875,664.27001953125,663.9000244140625,663.969970703125,94791
2026-03-13 12:16:00,663.969970703125,663.989990234375,663.5399780273438,663.5900268554688,170510
2026-03-13 12:17:00,663.594970703125,663.8400268554688,663.4600219726562,663.6500244140625,163812
2026-03-13 12:18:00,663.6599731445312,663.9755859375,663.6300048828125,663.8699951171875,116956
2026-03-13 12:19:00,663.8900146484375,663.9400024414062,663.7100219726562,663.7899780273438,97901
2026-03-13 12:20:00,663.780029296875,664.0499877929688,663.6199951171875,663.8400268554688,201596
2026-03-13 12:21:00,663.8499755859375,664.2849731445312,663.7999877929688,664.2849731445312,117364
2026-03-13 12:22:00,664.280029296875,664.530029296875,664.219970703125,664.4199829101562,109291
2026-03-13 12:23:00,664.4099731445312,664.5999755859375,664.2899780273438,664.3599853515625,247849
2026-03-13 12:24:00,664.3599853515625,664.5800170898438,663.9600219726562,664.1300048828125,112734
2026-03-13 12:25:00,664.1300048828125,664.239990234375,663.97998046875,664.1199951171875,101413
2026-03-13 12:26:00,664.114990234375,664.1900024414062,663.5599975585938,663.6699829101562,157884
2026-03-13 12:27:00,663.6699829101562,664.2100219726562,663.6699829101562,664.1099853515625,124986
2026-03-13 12:28:00,664.1099853515625,664.52001953125,663.97998046875,664.469970703125,133265
2026-03-13 12:29:00,664.4400024414062,664.47998046875,664.22998046875,664.3300170898438,220157
2026-03-13 12:30:00,664.3200073242188,664.7000122070312,664.1900024414062,664.64501953125,147604
2026-03-13 12:31:00,664.6699829101562,664.6900024414062,664.2899780273438,664.6400146484375,110971
2026-03-13 12:32:00,664.6400146484375,664.7650146484375,664.4749755859375,664.530029296875,164765
2026-03-13 12:33:00,664.530029296875,664.8699951171875,664.4299926757812,664.75,200024
2026-03-13 12:34:00,664.72998046875,664.72998046875,664.0,664.1099853515625,182393
2026-03-13 12:35:00,664.1099853515625,664.6900024414062,664.0999755859375,664.47998046875,142122
2026-03-13 12:36:00,664.469970703125,665.1799926757812,664.3599853515625,665.0866088867188,352959
2026-03-13 12:37:00,665.0999755859375,665.1699829101562,664.8699951171875,665.1138916015625,122196
2026-03-13 12:38:00,665.1199951171875,665.22998046875,664.7800903320312,664.8499755859375,150321
2026-03-13 12:39:00,664.8400268554688,664.8599853515625,664.239990234375,664.4000244140625,186791
2026-03-13 12:40:00,664.3599853515625,664.6500244140625,664.25,664.530029296875,120446
2026-03-13 12:41:00,664.52001953125,664.5499877929688,664.1500244140625,664.47998046875,123288
2026-03-13 12:42:00,664.47998046875,664.7999877929688,664.4199829101562,664.6900024414062,98292
2026-03-13 12:43:00,664.6900024414062,664.7100219726562,664.219970703125,664.2899780273438,122296
2026-03-13 12:44:00,664.25,664.280029296875,663.719970703125,663.75,202990
2026-03-13 12:45:00,663.739990234375,663.8499755859375,663.489990234375,663.6300048828125,151637
2026-03-13 12:46:00,663.6400146484375,663.7100219726562,663.3400268554688,663.3743286132812,193489
2026-03-13 12:47:00,663.344970703125,663.6799926757812,663.239990234375,663.625,141283
2026-03-13 12:48:00,663.6300048828125,663.9000244140625,663.6099853515625,663.6699829101562,117013
2026-03-13 12:49:00,663.6799926757812,664.0700073242188,663.6600952148438,664.030029296875,205112
2026-03-13 12:50:00,664.030029296875,664.7000122070312,663.9099731445312,664.7000122070312,182938
2026-03-13 12:51:00,664.739990234375,664.739990234375,664.3599853515625,664.5900268554688,102535
2026-03-13 12:52:00,664.5900268554688,664.760009765625,664.4199829101562,664.7449951171875,135696
2026-03-13 12:53:00,664.75,664.8099975585938,664.5800170898438,664.8099975585938,133504
2026-03-13 12:54:00,664.8200073242188,664.969970703125,664.739990234375,664.8400268554688,118307
2026-03-13 12:55:00,664.8300170898438,664.969970703125,664.197998046875,664.2000122070312,157251
2026-03-13 12:56:00,664.1799926757812,664.3099975585938,663.739990234375,663.8099975585938,212232
2026-03-13 12:57:00,663.7999877929688,664.2100219726562,663.6900024414062,664.1900024414062,161579
2026-03-13 12:58:00,664.1900024414062,664.3900146484375,663.5,663.530029296875,335462
2026-03-13 12:59:00,663.5499877929688,663.5999755859375,663.135009765625,663.3350219726562,209630
2026-03-13 13:00:00,663.3200073242188,663.6900024414062,663.2999877929688,663.3499755859375,201005
2026-03-13 13:01:00,663.3599853515625,663.6400146484375,663.3599853515625,663.489990234375,123461
2026-03-13 13:02:00,663.47998046875,663.552001953125,663.2899780273438,663.3499755859375,223052
2026-03-13 13:03:00,663.3599853515625,663.6199951171875,663.3599853515625,663.369873046875,101398
2026-03-13 13:04:00,663.3699951171875,663.5900268554688,663.3499755859375,663.469970703125,81961
2026-03-13 13:05:00,663.469970703125,663.526611328125,663.1300048828125,663.1799926757812,119603
2026-03-13 13:06:00,663.1699829101562,663.72998046875,663.1539916992188,663.52001953125,130479
2026-03-13 13:07:00,663.5,663.6099853515625,663.3699951171875,663.469970703125,86114
2026-03-13 13:08:00,663.469970703125,663.9199829101562,663.4500122070312,663.8900146484375,141661
2026-03-13 13:09:00,663.8800048828125,664.1099853515625,663.75,663.9199829101562,114482
2026-03-13 13:10:00,663.9299926757812,664.0928955078125,663.5800170898438,663.5800170898438,92823
2026-03-13 13:11:00,663.5900268554688,663.635009765625,663.3300170898438,663.4600219726562,143262
2026-03-13 13:12:00,663.4400024414062,664.4801025390625,663.4199829101562,664.385009765625,226143
2026-03-13 13:13:00,664.3800048828125,664.4400024414062,664.1599731445312,664.2949829101562,243435
2026-03-13 13:14:00,664.280029296875,664.719970703125,664.2150268554688,664.719970703125,132764
2026-03-13 13:15:00,664.75,664.9400024414062,664.5900268554688,664.8400268554688,114165
2026-03-13 13:16:00,664.8300170898438,665.0800170898438,664.760009765625,665.0,152929
2026-03-13 13:17:00,665.030029296875,665.0349731445312,664.4600219726562,664.614990234375,131402
2026-03-13 13:18:00,664.6099853515625,664.719970703125,664.1900024414062,664.3300170898438,90044
2026-03-13 13:19:00,664.3400268554688,664.8099975585938,664.1799926757812,664.77001953125,69828
2026-03-13 13:20:00,664.780029296875,664.8099975585938,664.5999755859375,664.6500244140625,66162
2026-03-13 13:21:00,664.6599731445312,664.8099975585938,664.4099731445312,664.4299926757812,69839
2026-03-13 13:22:00,664.4299926757812,664.4401245117188,663.7899780273438,663.8900146484375,130037
2026-03-13 13:23:00,663.885009765625,664.3900146484375,663.8699951171875,664.3200073242188,114637
2026-03-13 13:24:00,664.2999877929688,664.5800170898438,664.2899780273438,664.469970703125,78110
2026-03-13 13:25:00,664.4500122070312,664.5499877929688,664.1900024414062,664.3800048828125,165639
2026-03-13 13:26:00,664.3800048828125,664.3900146484375,664.0700073242188,664.0999145507812,126873
2026-03-13 13:27:00,664.080078125,664.0900268554688,663.8499755859375,664.0499877929688,112331
2026-03-13 13:28:00,664.0399780273438,664.5,664.030029296875,664.5,100894
2026-03-13 13:29:00,664.489990234375,664.6500244140625,664.280029296875,664.3699951171875,87877
2026-03-13 13:30:00,664.3499755859375,664.52001953125,663.7899780273438,663.8099975585938,163976
2026-03-13 13:31:00,663.8300170898438,663.989990234375,663.8099975585938,663.969970703125,120252
2026-03-13 13:32:00,663.97998046875,664.3599853515625,663.97998046875,664.0399780273438,110658
2026-03-13 13:33:00,664.030029296875,664.0700073242188,663.739990234375,663.989990234375,105789
2026-03-13 13:34:00,664.0,664.0650024414062,663.7999877929688,664.0198974609375,99882
2026-03-13 13:35:00,664.02001953125,664.0999755859375,663.719970703125,663.7999877929688,93141
2026-03-13 13:36:00,663.7999877929688,664.2100219726562,663.7999877929688,664.0599975585938,189233
2026-03-13 13:37:00,664.0449829101562,664.0800170898438,663.77001953125,664.02001953125,93961
2026-03-13 13:38:00,664.0399780273438,664.1799926757812,663.9000244140625,664.1500244140625,336863
2026-03-13 13:39:00,664.1500244140625,664.2899780273438,664.0700073242188,664.1300048828125,111846
2026-03-13 13:40:00,664.1400146484375,664.25,663.8499755859375,664.125,97669
2026-03-13 13:41:00,664.1300048828125,664.219970703125,663.5499877929688,663.5800170898438,196380
2026-03-13 13:42:00,663.5900268554688,663.8099975585938,663.4600219726562,663.4600219726562,106184
2026-03-13 13:43:00,663.4600830078125,663.8300170898438,663.4400024414062,663.6199951171875,92193
2026-03-13 13:44:00,663.6300048828125,664.1699829101562,663.6300048828125,663.9400024414062,187685
2026-03-13 13:45:00,663.9400024414062,664.1699829101562,663.8200073242188,663.8200073242188,115125
2026-03-13 13:46:00,663.7899780273438,663.8200073242188,663.0999755859375,663.1024780273438,318679
2026-03-13 13:47:00,663.1099853515625,663.1799926757812,662.8400268554688,663.0499877929688,301648
2026-03-13 13:48:00,663.0700073242188,663.22998046875,663.0469970703125,663.1500244140625,157182
2026-03-13 13:49:00,663.1500244140625,663.2100219726562,662.4000244140625,662.469970703125,259100
2026-03-13 13:50:00,662.4600219726562,662.5999755859375,662.0800170898438,662.4199829101562,574738
2026-03-13 13:51:00,662.4600219726562,662.7000122070312,662.4000244140625,662.469970703125,245129
2026-03-13 13:52:00,662.4600219726562,662.8699951171875,662.4400024414062,662.739990234375,174772
2026-03-13 13:53:00,662.75,662.8099975585938,662.6099853515625,662.6500854492188,122419
2026-03-13 13:54:00,662.65869140625,662.780029296875,662.47998046875,662.64501953125,189350
2026-03-13 13:55:00,662.6599731445312,663.0399780273438,662.5800170898438,662.772216796875,215162
2026-03-13 13:56:00,662.8200073242188,662.9299926757812,662.6199951171875,662.6400146484375,190284
2026-03-13 13:57:00,662.6201171875,662.7899780273438,662.5700073242188,662.5900268554688,211086
2026-03-13 13:58:00,662.5800170898438,662.6699829101562,662.3400268554688,662.5999755859375,170136
2026-03-13 13:59:00,662.6199951171875,662.8099975585938,662.5499877929688,662.6300048828125,106390
2026-03-13 14:00:00,662.6400146484375,662.9600219726562,662.5700073242188,662.77001953125,131162
2026-03-13 14:01:00,662.77001953125,662.9400024414062,662.6799926757812,662.780029296875,153373
2026-03-13 14:02:00,662.760009765625,663.030029296875,662.6649780273438,662.9027709960938,127003
2026-03-13 14:03:00,662.9000244140625,663.1900024414062,662.8900756835938,662.9600219726562,262486
2026-03-13 14:04:00,662.9622192382812,663.2999877929688,662.864990234375,663.1519165039062,128430
2026-03-13 14:05:00,663.1500244140625,663.280029296875,662.989990234375,663.1400146484375,121426
2026-03-13 14:06:00,663.1500244140625,663.3099975585938,663.0449829101562,663.0700073242188,145403
2026-03-13 14:07:00,663.0900268554688,663.1300048828125,662.75,662.9600219726562,129386
2026-03-13 14:08:00,662.9500122070312,663.0399780273438,662.8400268554688,662.9400024414062,92681
2026-03-13 14:09:00,662.9400024414062,663.1599731445312,662.8499755859375,663.1300048828125,123765
2026-03-13 14:10:00,663.1300048828125,663.3699951171875,663.1099853515625,663.2000122070312,168803
2026-03-13 14:11:00,663.2000122070312,663.52001953125,663.1500244140625,663.4299926757812,221624
2026-03-13 14:12:00,663.4299926757812,663.4500122070312,663.0438842773438,663.3200073242188,122079
2026-03-13 14:13:00,663.3200073242188,663.3800048828125,663.0700073242188,663.1799926757812,117023
2026-03-13 14:14:00,663.1900024414062,663.3900146484375,663.1799926757812,663.3800048828125,109787
2026-03-13 14:15:00,663.3699951171875,663.4199829101562,663.0999755859375,663.22998046875,85407
2026-03-13 14:16:00,663.2249755859375,663.72998046875,663.1799926757812,663.6539916992188,169339
2026-03-13 14:17:00,663.6599731445312,663.6799926757812,663.2634887695312,663.364990234375,329293
2026-03-13 14:18:00,663.35498046875,663.4299926757812,662.9400024414062,663.0100708007812,110797
2026-03-13 14:19:00,663.010009765625,663.0499877929688,662.8201293945312,662.9400024414062,112846
2026-03-13 14:20:00,662.9450073242188,663.0700073242188,662.6799926757812,662.9000244140625,148045
2026-03-13 14:21:00,662.9099731445312,663.0999755859375,662.8699951171875,662.9099731445312,77839
2026-03-13 14:22:00,662.9099731445312,663.0599975585938,662.6699829101562,662.719970703125,79727
2026-03-13 14:23:00,662.739990234375,662.739990234375,662.52001953125,662.5798950195312,72560
2026-03-13 14:24:00,662.5599975585938,662.75,662.4500122070312,662.6849975585938,101344
2026-03-13 14:25:00,662.7000122070312,663.0499877929688,662.6400146484375,662.9000244140625,129804
2026-03-13 14:26:00,662.9000244140625,662.9500122070312,662.7000122070312,662.8699951171875,70157
2026-03-13 14:27:00,662.8800048828125,662.989990234375,662.72998046875,662.75,100515
2026-03-13 14:28:00,662.760009765625,663.0399780273438,662.760009765625,663.0,96309
2026-03-13 14:29:00,662.989990234375,663.4099731445312,662.969970703125,663.3400268554688,144615
2026-03-13 14:30:00,663.3300170898438,663.7000122070312,663.0999755859375,663.659912109375,174966
2026-03-13 14:31:00,663.6500244140625,663.75,663.47998046875,663.6799926757812,95718
2026-03-13 14:32:00,663.6799926757812,664.0700073242188,663.6799926757812,663.989990234375,102195
2026-03-13 14:33:00,663.969970703125,663.9719848632812,663.7000122070312,663.8250122070312,145720
2026-03-13 14:34:00,663.8300170898438,664.22998046875,663.8099975585938,663.969970703125,122426
2026-03-13 14:35:00,663.969970703125,664.2100219726562,663.885009765625,664.1998291015625,93277
2026-03-13 14:36:00,664.1900024414062,664.4600219726562,664.125,664.1900024414062,139417
2026-03-13 14:37:00,664.1900024414062,664.219970703125,663.9099731445312,664.0900268554688,108874
2026-03-13 14:38:00,664.0549926757812,664.1799926757812,663.9498901367188,664.1400146484375,168246
2026-03-13 14:39:00,664.1400146484375,664.25,664.0399780273438,664.1500244140625,54474
2026-03-13 14:40:00,664.1599731445312,664.3300170898438,663.9949951171875,664.3150024414062,97081
2026-03-13 14:41:00,664.3200073242188,664.3200073242188,663.9818115234375,664.1300048828125,92830
2026-03-13 14:42:00,664.1199951171875,664.1749877929688,664.0599975585938,664.155029296875,106621
2026-03-13 14:43:00,664.1500244140625,664.5599975585938,664.1500244140625,664.535888671875,100398
2026-03-13 14:44:00,664.510009765625,664.5349731445312,664.3900146484375,664.4299926757812,76380
2026-03-13 14:45:00,664.4099731445312,664.469970703125,664.22998046875,664.3800048828125,112393
2026-03-13 14:46:00,664.3800048828125,664.5311279296875,664.280029296875,664.52001953125,78049
2026-03-13 14:47:00,664.52001953125,664.6699829101562,664.3699951171875,664.510009765625,100604
2026-03-13 14:48:00,664.510009765625,664.5700073242188,664.3300170898438,664.4099731445312,135045
2026-03-13 14:49:00,664.4099731445312,664.6599731445312,664.3250122070312,664.5599975585938,244076
2026-03-13 14:50:00,664.5599975585938,664.5599975585938,664.1799926757812,664.5399780273438,109854
2026-03-13 14:51:00,664.5399780273438,664.8099975585938,664.530029296875,664.6099853515625,95992
2026-03-13 14:52:00,664.614990234375,664.75,664.5,664.5100708007812,107563
2026-03-13 14:53:00,664.510009765625,664.5399780273438,664.239990234375,664.260009765625,129112
2026-03-13 14:54:00,664.260009765625,664.6400146484375,664.2000122070312,664.5399780273438,94158
2026-03-13 14:55:00,664.5499877929688,664.5499877929688,664.1900024414062,664.3099975585938,178460
2026-03-13 14:56:00,664.280029296875,664.4199829101562,664.1500244140625,664.3300170898438,92405
2026-03-13 14:57:00,664.3599853515625,664.4108276367188,664.1450805664062,664.1799926757812,90825
2026-03-13 14:58:00,664.1699829101562,664.3184204101562,663.9400024414062,664.25,138060
2026-03-13 14:59:00,664.239990234375,664.280029296875,664.0700073242188,664.1799926757812,104082
2026-03-13 15:00:00,664.1799926757812,664.2000122070312,663.9249877929688,664.010009765625,153667
2026-03-13 15:01:00,664.010009765625,664.02001953125,663.8300170898438,663.8922119140625,159487
2026-03-13 15:02:00,663.8900146484375,664.0499877929688,663.6900024414062,663.72998046875,237533
2026-03-13 15:03:00,663.719970703125,663.8800048828125,663.719970703125,663.75,116490
2026-03-13 15:04:00,663.75,663.7850952148438,663.5800170898438,663.5999755859375,132420
2026-03-13 15:05:00,663.5900268554688,663.5999755859375,663.385009765625,663.4500122070312,162356
2026-03-13 15:06:00,663.4500122070312,663.489990234375,663.2899780273438,663.3909912109375,188319
2026-03-13 15:07:00,663.3900146484375,663.4400024414062,663.2550048828125,663.4099731445312,103694
2026-03-13 15:08:00,663.4000244140625,663.8499755859375,663.39990234375,663.6900024414062,291387
2026-03-13 15:09:00,663.7000122070312,663.7899780273438,663.5900268554688,663.6799926757812,122217
2026-03-13 15:10:00,663.6699829101562,663.9199829101562,663.6199951171875,663.8900146484375,260067
2026-03-13 15:11:00,663.8800048828125,663.989990234375,663.72998046875,663.8099975585938,255621
2026-03-13 15:12:00,663.8200073242188,663.8300170898438,663.4600830078125,663.489990234375,198462
2026-03-13 15:13:00,663.5,663.6699829101562,663.4000244140625,663.6099853515625,144675
2026-03-13 15:14:00,663.5900268554688,663.6400146484375,663.4500122070312,663.5349731445312,294954
2026-03-13 15:15:00,663.5399780273438,663.9099731445312,663.5399780273438,663.8499755859375,285041
2026-03-13 15:16:00,663.8499755859375,663.9099731445312,663.4000244140625,663.4099731445312,253044
2026-03-13 15:17:00,663.4299926757812,663.8599853515625,663.4099731445312,663.6199951171875,321643
2026-03-13 15:18:00,663.6099853515625,663.75,663.4199829101562,663.72998046875,246464
2026-03-13 15:19:00,663.7449951171875,663.8350219726562,663.530029296875,663.5900268554688,175764
2026-03-13 15:20:00,663.5800170898438,663.5800170898438,662.989990234375,663.010009765625,207983
2026-03-13 15:21:00,663.010009765625,663.0499877929688,662.5900268554688,662.72998046875,240191
2026-03-13 15:22:00,662.72998046875,662.780029296875,662.5599975585938,662.5700073242188,127110
2026-03-13 15:23:00,662.5499877929688,662.75,662.510009765625,662.659912109375,182794
2026-03-13 15:24:00,662.6500244140625,662.8687133789062,662.6099853515625,662.739990234375,134599
2026-03-13 15:25:00,662.719970703125,662.77001953125,662.3800048828125,662.469970703125,208290
2026-03-13 15:26:00,662.4600219726562,662.5900268554688,662.25,662.2650146484375,175430
2026-03-13 15:27:00,662.260009765625,662.3800048828125,662.1599731445312,662.3300170898438,296323
2026-03-13 15:28:00,662.3399047851562,662.530029296875,662.3200073242188,662.489990234375,176357
2026-03-13 15:29:00,662.469970703125,662.52001953125,662.1799926757812,662.3699951171875,161472
2026-03-13 15:30:00,662.3699951171875,662.9199829101562,662.3400268554688,662.8200073242188,284645
2026-03-13 15:31:00,662.8099975585938,663.0,662.739990234375,662.8400268554688,131753
2026-03-13 15:32:00,662.8300170898438,662.9000244140625,662.5399780273438,662.6799926757812,162922
2026-03-13 15:33:00,662.6699829101562,662.719970703125,662.3400268554688,662.4439086914062,282125
2026-03-13 15:34:00,662.4500122070312,662.60009765625,662.3599853515625,662.4799194335938,127782
2026-03-13 15:35:00,662.469970703125,662.5750122070312,662.280029296875,662.4000244140625,301232
2026-03-13 15:36:00,662.4099731445312,662.4522094726562,662.2999877929688,662.4199829101562,115842
2026-03-13 15:37:00,662.4099731445312,662.489990234375,662.3300170898438,662.3350219726562,256561
2026-03-13 15:38:00,662.3499755859375,662.3499755859375,661.9600219726562,662.013916015625,292482
2026-03-13 15:39:00,662.02001953125,662.030029296875,661.77001953125,661.8049926757812,188255
2026-03-13 15:40:00,661.7999877929688,661.9650268554688,661.4600219726562,661.5900268554688,388874
2026-03-13 15:41:00,661.5999755859375,661.7100219726562,661.4600219726562,661.625,253328
2026-03-13 15:42:00,661.625,661.6500244140625,661.4099731445312,661.5800170898438,204641
2026-03-13 15:43:00,661.5599975585938,661.609375,661.3599853515625,661.489990234375,148836
2026-03-13 15:44:00,661.4849853515625,661.7100219726562,661.4600219726562,661.6900024414062,259843
2026-03-13 15:45:00,661.6900024414062,661.9879760742188,661.5,661.510009765625,550842
2026-03-13 15:46:00,661.510009765625,661.5999755859375,661.4299926757812,661.4400024414062,229139
2026-03-13 15:47:00,661.4450073242188,661.8800048828125,661.4000244140625,661.864990234375,198932
2026-03-13 15:48:00,661.8599853515625,661.9199829101562,661.7000122070312,661.9099731445312,289536
2026-03-13 15:49:00,661.9000244140625,661.969970703125,661.760009765625,661.8900146484375,365287
2026-03-13 15:50:00,661.8900146484375,662.0999755859375,661.5349731445312,661.6799926757812,988920
2026-03-13 15:51:00,661.6799926757812,661.9000244140625,661.5900268554688,661.9000244140625,346793
2026-03-13 15:52:00,661.9299926757812,662.02001953125,661.7000122070312,662.0050048828125,477157
2026-03-13 15:53:00,662.010009765625,662.2000122070312,661.885009765625,662.0399780273438,306639
2026-03-13 15:54:00,662.0499877929688,662.2650146484375,661.9774780273438,662.0499877929688,377491
2026-03-13 15:55:00,662.0499877929688,662.2550048828125,661.885009765625,662.22998046875,498783
2026-03-13 15:56:00,662.219970703125,662.4000244140625,662.0599975585938,662.2849731445312,564078
2026-03-13 15:57:00,662.2849731445312,662.489990234375,662.2349853515625,662.280029296875,574217
2026-03-13 15:58:00,662.280029296875,662.3099975585938,662.0800170898438,662.2999877929688,841822
2026-03-13 15:59:00,662.2999877929688,662.4099731445312,662.0599975585938,662.2999877929688,1367128
2026-03-16 09:30:00,668.3800048828125,668.5399780273438,667.7000122070312,668.239990234375,3686641
2026-03-16 09:31:00,668.25,668.739990234375,668.2136840820312,668.510009765625,410093
2026-03-16 09:32:00,668.510009765625,668.72998046875,668.3599853515625,668.5800170898438,242833
2026-03-16 09:33:00,668.5900268554688,668.8800048828125,668.4199829101562,668.8599853515625,315503
2026-03-16 09:34:00,668.8599853515625,668.8800048828125,668.5211791992188,668.5700073242188,249303
2026-03-16 09:35:00,668.5800170898438,669.0700073242188,668.5,668.9600219726562,264959
2026-03-16 09:36:00,668.9600219726562,669.0800170898438,668.8099975585938,668.9600219726562,228573
2026-03-16 09:37:00,668.9600219726562,669.0700073242188,668.5599975585938,668.7850952148438,277999
2026-03-16 09:38:00,668.77001953125,668.8800048828125,668.5999755859375,668.6500244140625,280325
2026-03-16 09:39:00,668.655029296875,669.010009765625,668.6400146484375,669.010009765625,274098
2026-03-16 09:40:00,669.02001953125,669.4099731445312,668.7000122070312,669.4000244140625,344238
2026-03-16 09:41:00,669.4080200195312,669.489990234375,669.2349853515625,669.3300170898438,285831
2026-03-16 09:42:00,669.3499755859375,669.760009765625,669.22998046875,669.6300048828125,276324
2026-03-16 09:43:00,669.6099853515625,669.6400146484375,669.3800048828125,669.6300048828125,261934
2026-03-16 09:44:00,669.6199951171875,669.6900024414062,669.4349975585938,669.6400146484375,190100
2026-03-16 09:45:00,669.6300048828125,670.4639892578125,669.5700073242188,670.4600219726562,364790
2026-03-16 09:46:00,670.4600219726562,670.4600219726562,670.1799926757812,670.375,335304
2026-03-16 09:47:00,670.3800048828125,670.6099853515625,670.2899780273438,670.5880126953125,378708
2026-03-16 09:48:00,670.5850219726562,670.6099853515625,669.72998046875,669.760009765625,334215
2026-03-16 09:49:00,669.77001953125,670.02001953125,669.469970703125,669.989990234375,313534
2026-03-16 09:50:00,669.97998046875,670.030029296875,669.5700073242188,669.8101196289062,260371
2026-03-16 09:51:00,669.7949829101562,669.9500122070312,669.625,669.6300048828125,264501
2026-03-16 09:52:00,669.6300048828125,669.9299926757812,669.5599975585938,669.6199951171875,514081
2026-03-16 09:53:00,669.6199951171875,669.9099731445312,669.5499877929688,669.885009765625,214699
2026-03-16 09:54:00,669.89501953125,669.989990234375,669.77001953125,669.7999877929688,107058
2026-03-16 09:55:00,669.8099975585938,669.9600219726562,669.489990234375,669.7100219726562,144242
2026-03-16 09:56:00,669.719970703125,670.219970703125,669.510009765625,670.2000122070312,283308
2026-03-16 09:57:00,670.1900024414062,670.489990234375,670.1500244140625,670.4849853515625,275307
2026-03-16 09:58:00,670.489990234375,670.8900146484375,670.47998046875,670.888671875,292053
2026-03-16 09:59:00,670.8800048828125,670.9000244140625,670.5399780273438,670.7999877929688,249262
2026-03-16 10:00:00,670.7999877929688,670.8400268554688,669.989990234375,670.3599853515625,246802
2026-03-16 10:01:00,670.3400268554688,670.6799926757812,670.0900268554688,670.5700073242188,197584
2026-03-16 10:02:00,670.5800170898438,670.8900146484375,670.3400268554688,670.8499755859375,124276
2026-03-16 10:03:00,670.8599853515625,670.8599853515625,670.3699951171875,670.3699951171875,168950
2026-03-16 10:04:00,670.3699951171875,670.5399780273438,670.1599731445312,670.3200073242188,160872
2026-03-16 10:05:00,670.3300170898438,670.3599853515625,670.0499877929688,670.1900024414062,150741
2026-03-16 10:06:00,670.1950073242188,670.6599731445312,670.0499877929688,670.6099853515625,158171
2026-03-16 10:07:00,670.6300048828125,670.7000122070312,670.469970703125,670.7000122070312,159680
2026-03-16 10:08:00,670.6799926757812,671.0399169921875,670.6199951171875,671.030029296875,202863
2026-03-16 10:09:00,671.030029296875,671.0599975585938,670.72998046875,670.7999877929688,137712
2026-03-16 10:10:00,670.7999877929688,671.4000244140625,670.739990234375,671.344970703125,320470
2026-03-16 10:11:00,671.3400268554688,671.3800048828125,671.0,671.0599975585938,211042
2026-03-16 10:12:00,671.0499877929688,671.1300048828125,670.4298706054688,670.510009765625,274223
2026-03-16 10:13:00,670.489990234375,670.7100219726562,670.47998046875,670.7000122070312,173393
2026-03-16 10:14:00,670.6900024414062,670.8300170898438,670.5250244140625,670.6400146484375,164535
2026-03-16 10:15:00,670.6500244140625,670.7999877929688,670.5,670.719970703125,151181
2026-03-16 10:16:00,670.72998046875,670.969970703125,670.6199951171875,670.77001953125,187720
2026-03-16 10:17:00,670.75,670.9298095703125,670.4000244140625,670.9000244140625,204840
2026-03-16 10:18:00,670.8900146484375,671.2100219726562,670.8300170898438,671.1900024414062,187126
2026-03-16 10:19:00,671.1900024414062,671.1950073242188,670.5,670.5700073242188,442896
2026-03-16 10:20:00,670.5800170898438,671.030029296875,670.510009765625,670.9299926757812,116268
2026-03-16 10:21:00,670.9299926757812,671.3499755859375,670.8599853515625,671.1599731445312,143788
2026-03-16 10:22:00,671.1699829101562,671.1699829101562,670.9299926757812,671.0499877929688,104006
2026-03-16 10:23:00,671.0449829101562,671.1900024414062,670.905029296875,671.010009765625,106697
2026-03-16 10:24:00,671.010009765625,671.030029296875,670.739990234375,670.9949951171875,416611
2026-03-16 10:25:00,670.989990234375,671.0700073242188,670.7000122070312,670.77001953125,147211
2026-03-16 10:26:00,670.7999877929688,671.1400146484375,670.7899780273438,670.9929809570312,230022
2026-03-16 10:27:00,670.989990234375,671.1300048828125,670.719970703125,670.7999877929688,153466
2026-03-16 10:28:00,670.7999877929688,670.9100952148438,670.6599731445312,670.6900024414062,128460
2026-03-16 10:29:00,670.7000122070312,670.719970703125,670.25,670.27001953125,242592
2026-03-16 10:30:00,670.27001953125,670.3499755859375,669.6400146484375,669.7100219726562,313154
2026-03-16 10:31:00,669.7100219726562,670.02001953125,669.6400146484375,669.739990234375,166357
2026-03-16 10:32:00,669.739990234375,670.0999755859375,669.489990234375,669.51220703125,189969
2026-03-16 10:33:00,669.510009765625,669.719970703125,669.260009765625,669.27001953125,179984
2026-03-16 10:34:00,669.280029296875,669.3499755859375,668.969970703125,669.0750122070312,283214
2026-03-16 10:35:00,669.0700073242188,669.52001953125,669.02001953125,669.52001953125,391688
2026-03-16 10:36:00,669.489990234375,669.6513061523438,669.1300048828125,669.3300170898438,202172
2026-03-16 10:37:00,669.3300170898438,669.4000244140625,669.0399780273438,669.0800170898438,244636
2026-03-16 10:38:00,669.0999755859375,669.239990234375,668.344970703125,668.3699951171875,339373
2026-03-16 10:39:00,668.3499755859375,668.780029296875,668.3300170898438,668.4000244140625,357743
2026-03-16 10:40:00,668.4000244140625,668.760009765625,668.239990234375,668.25,247061
2026-03-16 10:41:00,668.27001953125,668.760009765625,668.22998046875,668.5700073242188,311227
2026-03-16 10:42:00,668.5900268554688,668.6500244140625,668.1599731445312,668.2899780273438,167429
2026-03-16 10:43:00,668.2949829101562,668.4299926757812,668.0800170898438,668.1199951171875,270301
2026-03-16 10:44:00,668.1300048828125,668.280029296875,668.0499877929688,668.219970703125,124165
2026-03-16 10:45:00,668.2100219726562,668.5599975585938,668.1799926757812,668.3699951171875,168017
2026-03-16 10:46:00,668.3800048828125,668.6599731445312,668.2899780273438,668.5399780273438,334783
2026-03-16 10:47:00,668.489990234375,668.5999755859375,667.7999877929688,667.8400268554688,216494
2026-03-16 10:48:00,667.8400268554688,668.4199829101562,667.8350219726562,668.22998046875,191963
2026-03-16 10:49:00,668.239990234375,668.3400268554688,667.969970703125,668.0239868164062,151656
2026-03-16 10:50:00,668.02001953125,668.0250244140625,667.6099853515625,667.780029296875,274798
2026-03-16 10:51:00,667.760009765625,668.5850219726562,667.5750122070312,668.5698852539062,237577
2026-03-16 10:52:00,668.5399780273438,668.75,668.4099731445312,668.75,276712
2026-03-16 10:53:00,668.760009765625,669.030029296875,668.7534790039062,669.02001953125,162013
2026-03-16 10:54:00,668.97998046875,669.2650146484375,668.7999877929688,669.1875,130439
2026-03-16 10:55:00,669.1699829101562,669.239990234375,668.8800048828125,669.2396850585938,121153
2026-03-16 10:56:00,669.219970703125,669.3400268554688,669.0900268554688,669.2700805664062,146509
2026-03-16 10:57:00,669.27001953125,669.4500122070312,669.1199951171875,669.4180297851562,157646
2026-03-16 10:58:00,669.4099731445312,669.510009765625,669.0499877929688,669.0599975585938,125842
2026-03-16 10:59:00,669.0499877929688,669.8300170898438,669.0499877929688,669.8300170898438,147353
2026-03-16 11:00:00,669.8400268554688,669.8699951171875,669.5900268554688,669.8499755859375,119176
2026-03-16 11:01:00,669.8400268554688,669.8499755859375,669.3800048828125,669.5599975585938,153774
2026-03-16 11:02:00,669.5599975585938,669.5800170898438,669.260009765625,669.5499877929688,181015
2026-03-16 11:03:00,669.5499877929688,669.6099853515625,669.1400146484375,669.1500244140625,128861
2026-03-16 11:04:00,669.1599731445312,669.3099975585938,668.9199829101562,669.0599975585938,80312
2026-03-16 11:05:00,669.0599975585938,669.0599975585938,668.6500244140625,668.8499755859375,130652
2026-03-16 11:06:00,668.8699951171875,669.02001953125,668.6199951171875,668.989990234375,76953
2026-03-16 11:07:00,668.97998046875,668.97998046875,668.6749877929688,668.739990234375,77020
2026-03-16 11:08:00,668.7249755859375,669.0999755859375,668.7000122070312,669.0800170898438,76375
2026-03-16 11:09:00,669.0800170898438,669.2999877929688,668.8900146484375,669.2899780273438,153451
2026-03-16 11:10:00,669.2899780273438,669.2999877929688,668.763671875,668.8300170898438,122184
2026-03-16 11:11:00,668.8298950195312,668.9500122070312,668.6599731445312,668.7999877929688,177447
2026-03-16 11:12:00,668.8099975585938,668.9400024414062,668.6599731445312,668.9000244140625,65613
2026-03-16 11:13:00,668.8800048828125,669.3599853515625,668.7999877929688,669.3499755859375,92032
2026-03-16 11:14:00,669.3300170898438,669.5599975585938,669.280029296875,669.3900756835938,83505
2026-03-16 11:15:00,669.3800048828125,669.4299926757812,669.030029296875,669.1799926757812,122868
2026-03-16 11:16:00,669.1599731445312,669.1900024414062,668.8200073242188,669.0599975585938,117571
2026-03-16 11:17:00,669.0701293945312,669.3699951171875,668.8900146484375,669.3200073242188,101835
2026-03-16 11:18:00,669.3099975585938,669.64990234375,669.239990234375,669.5499877929688,77909
2026-03-16 11:19:00,669.5499877929688,669.6699829101562,669.4400024414062,669.6607055664062,66526
2026-03-16 11:20:00,669.6900024414062,669.739990234375,669.4600219726562,669.7100219726562,221810
2026-03-16 11:21:00,669.7100219726562,669.8400268554688,669.489990234375,669.8300170898438,166870
2026-03-16 11:22:00,669.8300170898438,670.1199951171875,669.7100219726562,670.1199951171875,133195
2026-03-16 11:23:00,670.1199951171875,670.1300048828125,669.8900146484375,670.0999755859375,519421
2026-03-16 11:24:00,670.1099853515625,670.2999877929688,670.0999755859375,670.1599731445312,89204
2026-03-16 11:25:00,670.1699829101562,670.2000122070312,669.8800048828125,670.010009765625,120945
2026-03-16 11:26:00,670.0050048828125,670.3200073242188,669.9910278320312,670.2000122070312,77745
2026-03-16 11:27:00,670.1900024414062,670.2401123046875,670.1199951171875,670.1400146484375,56789
2026-03-16 11:28:00,670.1300048828125,670.14501953125,669.905029296875,670.0850219726562,145737
2026-03-16 11:29:00,670.0999755859375,670.1099853515625,669.6900024414062,670.0599975585938,98508
2026-03-16 11:30:00,670.0399780273438,670.4500122070312,670.030029296875,670.3499755859375,142169
2026-03-16 11:31:00,670.3400268554688,670.5,670.1799926757812,670.4801025390625,244466
2026-03-16 11:32:00,670.489990234375,670.489990234375,670.3200073242188,670.3300170898438,83925
2026-03-16 11:33:00,670.3300170898438,670.4400024414062,670.2899780273438,670.4299926757812,100232
2026-03-16 11:34:00,670.4400024414062,670.5800170898438,670.3499755859375,670.4199829101562,134898
2026-03-16 11:35:00,670.4400024414062,670.5900268554688,670.4199829101562,670.5499877929688,129613
2026-03-16 11:36:00,670.5599975585938,670.5900268554688,670.3699951171875,670.435791015625,91685
2026-03-16 11:37:00,670.4299926757812,670.6400146484375,670.4299926757812,670.510009765625,62688
2026-03-16 11:38:00,670.52001953125,670.5499877929688,670.1699829101562,670.2150268554688,83485
2026-03-16 11:39:00,670.2150268554688,670.3699951171875,670.1599731445312,670.1799926757812,75938
2026-03-16 11:40:00,670.1599731445312,670.2271118164062,670.010009765625,670.0449829101562,108015
2026-03-16 11:41:00,670.0449829101562,670.10498046875,669.739990234375,669.8300170898438,171048
2026-03-16 11:42:00,669.8300170898438,670.1500244140625,669.7999877929688,669.989990234375,126392
2026-03-16 11:43:00,670.0,670.2098999023438,669.9099731445312,670.1799926757812,61048
2026-03-16 11:44:00,670.1900024414062,670.239990234375,669.8499755859375,669.8699951171875,59577
2026-03-16 11:45:00,669.8599853515625,670.0399780273438,669.7999877929688,670.02001953125,44968
2026-03-16 11:46:00,670.030029296875,670.1300048828125,670.010009765625,670.02001953125,51130
2026-03-16 11:47:00,670.02001953125,670.2899780273438,669.989990234375,670.1799926757812,52199
2026-03-16 11:48:00,670.1900024414062,670.2000122070312,670.0599975585938,670.1199951171875,67820
2026-03-16 11:49:00,670.114990234375,670.1900024414062,669.9550170898438,670.114990234375,71803
2026-03-16 11:50:00,670.1300048828125,670.1300048828125,669.385009765625,669.5,218238
2026-03-16 11:51:00,669.52001953125,669.760009765625,669.4099731445312,669.4299926757812,162763
2026-03-16 11:52:00,669.4400024414062,669.5499877929688,669.3200073242188,669.3200073242188,138154
2026-03-16 11:53:00,669.3200073242188,669.4199829101562,669.0800170898438,669.2999877929688,516044
2026-03-16 11:54:00,669.25,669.530029296875,669.25,669.4099731445312,69946
2026-03-16 11:55:00,669.4099731445312,669.4099731445312,669.02001953125,669.0800170898438,97364
2026-03-16 11:56:00,669.0800170898438,669.6099853515625,669.0700073242188,669.4799194335938,87539
2026-03-16 11:57:00,669.469970703125,669.5,668.7100219726562,668.77001953125,204095
2026-03-16 11:58:00,668.780029296875,669.0399780273438,668.4400024414062,668.510009765625,256924
2026-03-16 11:59:00,668.510009765625,668.6699829101562,668.4650268554688,668.469970703125,167075
2026-03-16 12:00:00,668.469970703125,668.8900146484375,668.3300170898438,668.8200073242188,187484
2026-03-16 12:01:00,668.8099975585938,668.8699951171875,668.47998046875,668.47998046875,156312
2026-03-16 12:02:00,668.47998046875,668.625,668.4000244140625,668.5,101393
2026-03-16 12:03:00,668.47998046875,668.7291870117188,668.4500122070312,668.7100219726562,109035
2026-03-16 12:04:00,668.719970703125,668.7999877929688,668.2100219726562,668.22998046875,145125
2026-03-16 12:05:00,668.22998046875,668.4600219726562,668.1799926757812,668.4299926757812,112488
2026-03-16 12:06:00,668.4299926757812,668.719970703125,668.4199829101562,668.594970703125,94023
2026-03-16 12:07:00,668.5999755859375,668.989990234375,668.4000244140625,668.989990234375,138959
2026-03-16 12:08:00,668.969970703125,669.1500244140625,668.8159790039062,668.8800048828125,108014
2026-03-16 12:09:00,668.8699951171875,668.9000244140625,668.5599975585938,668.7399291992188,52687
2026-03-16 12:10:00,668.739990234375,669.1900024414062,668.72998046875,669.1500244140625,100373
2026-03-16 12:11:00,669.1699829101562,669.1699829101562,668.8400268554688,668.9000244140625,117146
2026-03-16 12:12:00,668.8900146484375,668.9500122070312,668.530029296875,668.6900024414062,260654
2026-03-16 12:13:00,668.7000122070312,669.1099853515625,668.6400146484375,668.6599731445312,95538
2026-03-16 12:14:00,668.6500244140625,668.9400024414062,668.5599975585938,668.8707275390625,87595
2026-03-16 12:15:00,668.8599853515625,669.0999755859375,668.75,668.85498046875,73828
2026-03-16 12:16:00,668.8400268554688,668.8900146484375,668.4240112304688,668.4500122070312,94360
2026-03-16 12:17:00,668.4500122070312,669.0599975585938,668.39501953125,669.0549926757812,123050
2026-03-16 12:18:00,669.0549926757812,669.0565185546875,668.6099853515625,668.8800048828125,212131
2026-03-16 12:19:00,668.85498046875,668.9600219726562,668.6300048828125,668.6300048828125,95196
2026-03-16 12:20:00,668.6199951171875,668.7000122070312,668.47998046875,668.5599975585938,195226
2026-03-16 12:21:00,668.5700073242188,668.60498046875,667.8300170898438,667.8499755859375,2675810
2026-03-16 12:22:00,667.8699951171875,668.1400146484375,667.5900268554688,667.6699829101562,324641
2026-03-16 12:23:00,667.6599731445312,668.1300048828125,667.6599731445312,667.8400268554688,148665
2026-03-16 12:24:00,667.8599853515625,667.9099731445312,667.3599853515625,667.4000244140625,237998
2026-03-16 12:25:00,667.3900146484375,667.5,667.1500244140625,667.3460083007812,324809
2026-03-16 12:26:00,667.3400268554688,667.4600219726562,667.1900024414062,667.4000244140625,724167
2026-03-16 12:27:00,667.4199829101562,667.8200073242188,667.25,667.3049926757812,277364
2026-03-16 12:28:00,667.3099975585938,667.52001953125,667.1699829101562,667.239990234375,169843
2026-03-16 12:29:00,667.239990234375,667.530029296875,667.219970703125,667.4500122070312,96802
2026-03-16 12:30:00,667.4199829101562,667.6400146484375,667.22998046875,667.3099975585938,155736
2026-03-16 12:31:00,667.3099975585938,667.72998046875,667.1199951171875,667.7100219726562,142181
2026-03-16 12:32:00,667.72998046875,667.9299926757812,667.530029296875,667.5499877929688,175244
2026-03-16 12:33:00,667.5700073242188,667.72998046875,667.4600219726562,667.6199951171875,87780
2026-03-16 12:34:00,667.6300048828125,667.6500244140625,667.3499755859375,667.5,111700
2026-03-16 12:35:00,667.530029296875,667.9000244140625,667.5050048828125,667.7670288085938,104992
2026-03-16 12:36:00,667.760009765625,667.97998046875,667.6400146484375,667.7100219726562,148829
2026-03-16 12:37:00,667.7100219726562,667.9520263671875,667.6300048828125,667.7899780273438,157186
2026-03-16 12:38:00,667.7999877929688,668.0499877929688,667.780029296875,668.0399780273438,77826
2026-03-16 12:39:00,668.0399780273438,668.2100219726562,667.9000244140625,668.2000122070312,72544
2026-03-16 12:40:00,668.1900024414062,668.25,667.9000244140625,668.2498779296875,76479
2026-03-16 12:41:00,668.25,668.52001953125,668.2000122070312,668.3900146484375,84554
2026-03-16 12:42:00,668.3900146484375,668.6599731445312,668.239990234375,668.6400146484375,61462
2026-03-16 12:43:00,668.6199951171875,668.8900146484375,668.5599975585938,668.6199951171875,102361
2026-03-16 12:44:00,668.6099853515625,668.72998046875,668.5200805664062,668.6400146484375,58802
2026-03-16 12:45:00,668.6500244140625,668.6500244140625,668.25,668.3900146484375,188911
2026-03-16 12:46:00,668.4000244140625,668.760009765625,668.2899780273438,668.739990234375,57826
2026-03-16 12:47:00,668.72998046875,668.8099975585938,668.25,668.2650146484375,66003
2026-03-16 12:48:00,668.2650146484375,668.489990234375,668.2650146484375,668.3300170898438,42064
2026-03-16 12:49:00,668.3200073242188,668.6900024414062,668.280029296875,668.530029296875,72399
2026-03-16 12:50:00,668.52001953125,668.7100219726562,668.3900146484375,668.6950073242188,44698
2026-03-16 12:51:00,668.7000122070312,668.7999877929688,668.5800170898438,668.7999877929688,56547
2026-03-16 12:52:00,668.8099975585938,668.8699951171875,668.7238159179688,668.8400268554688,148910
2026-03-16 12:53:00,668.8400268554688,669.073974609375,668.77001953125,668.8499755859375,96496
2026-03-16 12:54:00,668.8499755859375,668.8499755859375,668.489990234375,668.5700073242188,56936
2026-03-16 12:55:00,668.5700073242188,668.8099975585938,668.489990234375,668.5399780273438,39279
2026-03-16 12:56:00,668.5399780273438,668.6400146484375,668.3300170898438,668.4149780273438,240771
2026-03-16 12:57:00,668.4199829101562,668.780029296875,668.2899780273438,668.510009765625,108021
2026-03-16 12:58:00,668.5,668.5499877929688,668.3699951171875,668.4500122070312,32197
2026-03-16 12:59:00,668.4600219726562,668.510009765625,668.27001953125,668.4249877929688,27918
2026-03-16 13:00:00,668.4299926757812,669.5,668.406005859375,669.4439697265625,388780
2026-03-16 13:01:00,669.4450073242188,669.530029296875,668.75,669.0499877929688,208929
2026-03-16 13:02:00,669.0499877929688,669.469970703125,668.9099731445312,669.239990234375,130622
2026-03-16 13:03:00,669.2100219726562,669.2100219726562,668.8200073242188,668.8400268554688,48660
2026-03-16 13:04:00,668.8099975585938,668.8699951171875,668.5999755859375,668.6900024414062,112210
2026-03-16 13:05:00,668.719970703125,669.1400146484375,668.5900268554688,668.9600219726562,78092
2026-03-16 13:06:00,668.9600219726562,669.0700073242188,668.8499755859375,668.969970703125,48424
2026-03-16 13:07:00,668.9600219726562,669.1900024414062,668.8099975585938,668.9199829101562,102845
2026-03-16 13:08:00,668.9199829101562,669.1699829101562,668.719970703125,669.1599731445312,89812
2026-03-16 13:09:00,669.1699829101562,669.1799926757812,668.9000244140625,668.9299926757812,38269
2026-03-16 13:10:00,668.9299926757812,669.3699951171875,668.9299926757812,669.0800170898438,98830
2026-03-16 13:11:00,669.0700073242188,669.4299926757812,668.97998046875,669.4099731445312,104078
2026-03-16 13:12:00,669.4000244140625,669.5700073242188,669.2000122070312,669.5155029296875,94801
2026-03-16 13:13:00,669.514404296875,669.6400146484375,669.3400268554688,669.5900268554688,102989
2026-03-16 13:14:00,669.6008911132812,669.6008911132812,669.3150024414062,669.3499755859375,79926
2026-03-16 13:15:00,669.3599853515625,669.4400024414062,669.030029296875,669.1599731445312,122272
2026-03-16 13:16:00,669.1500244140625,669.2249755859375,668.9199829101562,668.9199829101562,54498
2026-03-16 13:17:00,668.9299926757812,669.1500244140625,668.8800048828125,669.1500244140625,46687
2026-03-16 13:18:00,669.1500244140625,669.3400268554688,668.9500122070312,669.2449951171875,50351
2026-03-16 13:19:00,669.25,669.3150024414062,669.0700073242188,669.2750244140625,44092
2026-03-16 13:20:00,669.280029296875,669.5599975585938,669.22998046875,669.5449829101562,114239
2026-03-16 13:21:00,669.5449829101562,669.5535888671875,669.3099975585938,669.3837280273438,85493
2026-03-16 13:22:00,669.3599853515625,669.5900268554688,669.3049926757812,669.5701293945312,145666
2026-03-16 13:23:00,669.5700073242188,669.75,669.4349975585938,669.530029296875,121600
2026-03-16 13:24:00,669.5399780273438,669.6400146484375,669.4400024414062,669.5,67540
2026-03-16 13:25:00,669.5181274414062,669.6900024414062,669.3699951171875,669.6799926757812,84625
2026-03-16 13:26:00,669.6799926757812,669.739990234375,669.489990234375,669.5650024414062,107513
2026-03-16 13:27:00,669.5599975585938,669.6900024414062,669.489990234375,669.5800170898438,133320
2026-03-16 13:28:00,669.5700073242188,669.5700073242188,669.3699951171875,669.4500122070312,66055
2026-03-16 13:29:00,669.4400024414062,669.4400024414062,669.1400146484375,669.2000122070312,165677
2026-03-16 13:30:00,669.2000122070312,669.489990234375,669.2000122070312,669.47998046875,109296
2026-03-16 13:31:00,669.47998046875,669.5499877929688,669.3499755859375,669.510009765625,68261
2026-03-16 13:32:00,669.5,669.5599975585938,669.280029296875,669.3099975585938,55264
2026-03-16 13:33:00,669.2999877929688,669.2999877929688,668.8699951171875,669.010009765625,81509
2026-03-16 13:34:00,669.02001953125,669.2050170898438,668.9949951171875,669.0800170898438,52848
2026-03-16 13:35:00,669.0499877929688,669.2100219726562,669.010009765625,669.030029296875,54745
2026-03-16 13:36:00,669.0380249023438,669.3200073242188,669.031005859375,669.1099853515625,31770
2026-03-16 13:37:00,669.0999755859375,669.2899780273438,668.969970703125,669.260009765625,75503
2026-03-16 13:38:00,669.27001953125,669.280029296875,669.1099853515625,669.1300048828125,50161
2026-03-16 13:39:00,669.1300048828125,669.2100219726562,668.8499755859375,668.9000244140625,68960
2026-03-16 13:40:00,668.9000854492188,669.010009765625,668.8798828125,668.9099731445312,93292
2026-03-16 13:41:00,668.9000244140625,669.0999755859375,668.8499755859375,668.9299926757812,64997
2026-03-16 13:42:00,668.9400024414062,669.030029296875,668.791015625,668.791015625,69144
2026-03-16 13:43:00,668.7899780273438,668.9600219726562,668.75,668.7899780273438,69412
2026-03-16 13:44:00,668.7960205078125,668.8300170898438,668.6099853515625,668.6599731445312,71046
2026-03-16 13:45:00,668.6599731445312,669.0999755859375,668.6599731445312,668.989990234375,74891
2026-03-16 13:46:00,668.9949951171875,669.2000122070312,668.9000244140625,668.9227294921875,98892
2026-03-16 13:47:00,668.9199829101562,669.0001220703125,668.7999877929688,668.8300170898438,66463
2026-03-16 13:48:00,668.8499755859375,668.8499755859375,668.2000122070312,668.3250122070312,375887
2026-03-16 13:49:00,668.3300170898438,668.5,668.3300170898438,668.3599853515625,136687
2026-03-16 13:50:00,668.3499755859375,668.3889770507812,667.97998046875,668.0800170898438,192895
2026-03-16 13:51:00,668.0728149414062,668.719970703125,668.0728149414062,668.6599731445312,118461
2026-03-16 13:52:00,668.6599731445312,668.7000122070312,668.4400024414062,668.6199951171875,225630
2026-03-16 13:53:00,668.6099853515625,668.8699951171875,668.489990234375,668.7277221679688,115469
2026-03-16 13:54:00,668.7100219726562,668.72998046875,668.47998046875,668.6099853515625,72481
2026-03-16 13:55:00,668.5900268554688,668.7899780273438,668.469970703125,668.75,84914
2026-03-16 13:56:00,668.75,668.8300170898438,668.6300048828125,668.780029296875,52987
2026-03-16 13:57:00,668.77001953125,668.9000244140625,668.7100219726562,668.8800048828125,59655
2026-03-16 13:58:00,668.85498046875,668.989990234375,668.760009765625,668.9450073242188,47168
2026-03-16 13:59:00,668.9400024414062,668.969970703125,668.719970703125,668.7550048828125,48075
2026-03-16 14:00:00,668.760009765625,668.9299926757812,668.75,668.7899780273438,61205
2026-03-16 14:01:00,668.7949829101562,668.9400024414062,668.6599731445312,668.8200073242188,106395
2026-03-16 14:02:00,668.8298950195312,669.02001953125,668.8298950195312,668.97998046875,108506
2026-03-16 14:03:00,668.9650268554688,668.97998046875,668.8099975585938,668.8699951171875,2134080
2026-03-16 14:04:00,668.8599853515625,669.1649780273438,668.7899780273438,669.1649780273438,128840
2026-03-16 14:05:00,669.1599731445312,669.280029296875,669.0,669.219970703125,88966
2026-03-16 14:06:00,669.22998046875,669.489990234375,669.0599975585938,669.3200073242188,141937
2026-03-16 14:07:00,669.3099975585938,669.77001953125,669.1500244140625,669.760009765625,338159
2026-03-16 14:08:00,669.77001953125,669.77001953125,669.4401245117188,669.5,301018
2026-03-16 14:09:00,669.5,669.5599975585938,669.3300170898438,669.52001953125,128511
2026-03-16 14:10:00,669.52001953125,669.719970703125,669.469970703125,669.6099853515625,167540
2026-03-16 14:11:00,669.5999755859375,669.60498046875,669.280029296875,669.2949829101562,69195
2026-03-16 14:12:00,669.2999877929688,669.4749755859375,669.25,669.4000244140625,124425
2026-03-16 14:13:00,669.4000244140625,669.4400024414062,669.260009765625,669.3699951171875,32844
2026-03-16 14:14:00,669.3699951171875,669.5499877929688,669.3599853515625,669.5499877929688,63090
2026-03-16 14:15:00,669.5399780273438,669.6699829101562,669.469970703125,669.469970703125,123252
2026-03-16 14:16:00,669.469970703125,669.969970703125,669.469970703125,669.969970703125,204810
2026-03-16 14:17:00,669.969970703125,670.0599975585938,669.7999877929688,670.0050048828125,195765
2026-03-16 14:18:00,670.0,670.0050048828125,669.8200073242188,669.875,115346
2026-03-16 14:19:00,669.8900146484375,669.97998046875,669.75,669.8200073242188,86131
2026-03-16 14:20:00,669.8099975585938,669.9049072265625,669.6900024414062,669.8250122070312,82057
2026-03-16 14:21:00,669.8200073242188,669.9299926757812,669.6373901367188,669.6699829101562,91244
2026-03-16 14:22:00,669.6599731445312,669.8599853515625,669.6599731445312,669.8099975585938,62259
2026-03-16 14:23:00,669.8099975585938,670.010009765625,669.780029296875,669.9299926757812,60584
2026-03-16 14:24:00,669.9400024414062,670.0800170898438,669.885009765625,669.9500122070312,101274
2026-03-16 14:25:00,669.9600219726562,669.9600219726562,669.7659912109375,669.8900146484375,76814
2026-03-16 14:26:00,669.8800048828125,670.030029296875,669.8300170898438,669.9099731445312,74522
2026-03-16 14:27:00,669.9099731445312,670.0349731445312,669.9000244140625,670.02001953125,66709
2026-03-16 14:28:00,670.02001953125,670.0250244140625,669.5499877929688,669.6300048828125,179418
2026-03-16 14:29:00,669.6199951171875,669.8250122070312,669.6199951171875,669.7999877929688,158138
2026-03-16 14:30:00,669.7999877929688,669.97998046875,669.780029296875,669.9400024414062,98849
2026-03-16 14:31:00,669.9301147460938,669.9500122070312,669.6500244140625,669.760009765625,85731
2026-03-16 14:32:00,669.760009765625,669.8599853515625,669.590087890625,669.8400268554688,68988
2026-03-16 14:33:00,669.8800048828125,669.989990234375,669.8200073242188,669.9600219726562,79916
2026-03-16 14:34:00,669.9600219726562,669.97998046875,669.8599853515625,669.9199829101562,103364
2026-03-16 14:35:00,669.9199829101562,669.989990234375,669.739990234375,669.75,82396
2026-03-16 14:36:00,669.75,669.8400268554688,669.7050170898438,669.8400268554688,66509
2026-03-16 14:37:00,669.8400268554688,669.889892578125,669.6900024414062,669.8800048828125,120617
2026-03-16 14:38:00,669.8900146484375,670.159912109375,669.8300170898438,670.1199951171875,233147
2026-03-16 14:39:00,670.0900268554688,670.1099853515625,669.9199829101562,670.0700073242188,122921
2026-03-16 14:40:00,670.0599975585938,670.1199951171875,669.9000244140625,669.9299926757812,133464
2026-03-16 14:41:00,669.9299926757812,670.1300048828125,669.8875122070312,670.0999755859375,84435
2026-03-16 14:42:00,670.1099853515625,670.239990234375,670.0700073242188,670.1599731445312,128151
2026-03-16 14:43:00,670.1599731445312,670.1699829101562,669.9099731445312,670.0499877929688,105503
2026-03-16 14:44:00,670.0700073242188,670.2100219726562,670.0,670.1799926757812,200372
2026-03-16 14:45:00,670.2000122070312,670.3099975585938,670.17041015625,670.1900024414062,179843
2026-03-16 14:46:00,670.1950073242188,670.25,670.0650024414062,670.0800170898438,172950
2026-03-16 14:47:00,670.0750122070312,670.1799926757812,670.0399780273438,670.1199951171875,165080
2026-03-16 14:48:00,670.1300048828125,670.260009765625,670.1300048828125,670.1849975585938,89266
2026-03-16 14:49:00,670.1849975585938,670.1900024414062,670.0700073242188,670.0750122070312,146681
2026-03-16 14:50:00,670.0800170898438,670.0800170898438,669.8400268554688,669.989990234375,130964
2026-03-16 14:51:00,669.989990234375,670.0800170898438,669.9249877929688,669.97998046875,81523
2026-03-16 14:52:00,669.97998046875,670.030029296875,669.8599853515625,669.8800048828125,78558
2026-03-16 14:53:00,669.8900146484375,669.9199829101562,669.75,669.780029296875,199539
2026-03-16 14:54:00,669.77001953125,669.9199829101562,669.7100219726562,669.739990234375,107718
2026-03-16 14:55:00,669.739990234375,669.739990234375,669.594970703125,669.6500244140625,136385
2026-03-16 14:56:00,669.6500244140625,669.8200073242188,669.5750122070312,669.6300048828125,166133
2026-03-16 14:57:00,669.6400146484375,669.7100219726562,669.5399780273438,669.5501098632812,89313
2026-03-16 14:58:00,669.5599975585938,669.6649780273438,669.510009765625,669.5449829101562,140616
2026-03-16 14:59:00,669.5499877929688,669.6400146484375,669.489990234375,669.60498046875,209074
2026-03-16 15:00:00,669.60498046875,670.0,669.594970703125,669.9349975585938,195420
2026-03-16 15:01:00,669.9249877929688,669.9299926757812,669.77001953125,669.8015747070312,77377
2026-03-16 15:02:00,669.780029296875,669.8699951171875,669.6900024414062,669.72998046875,128137
2026-03-16 15:03:00,669.739990234375,669.7449951171875,669.3900146484375,669.4299926757812,100394
2026-03-16 15:04:00,669.4312744140625,669.5999755859375,669.3980102539062,669.5800170898438,133629
2026-03-16 15:05:00,669.5800170898438,669.6099853515625,669.239990234375,669.260009765625,161575
2026-03-16 15:06:00,669.260009765625,669.510009765625,669.260009765625,669.3300170898438,132056
2026-03-16 15:07:00,669.3300170898438,669.4400024414062,669.3198852539062,669.344970703125,97268
2026-03-16 15:08:00,669.3400268554688,669.594970703125,669.27001953125,669.5399780273438,152635
2026-03-16 15:09:00,669.5399780273438,671.3699951171875,669.52001953125,671.3400268554688,535778
2026-03-16 15:10:00,671.3400268554688,672.0700073242188,670.9299926757812,670.9600219726562,720496
2026-03-16 15:11:00,670.9400024414062,670.97998046875,670.3400268554688,670.64990234375,498636
2026-03-16 15:12:00,670.6300048828125,670.6599731445312,670.0599975585938,670.0900268554688,242169
2026-03-16 15:13:00,670.0700073242188,670.0800170898438,669.6599731445312,669.6799926757812,282981
2026-03-16 15:14:00,669.6599731445312,670.1199951171875,669.6500244140625,669.8499755859375,283323
2026-03-16 15:15:00,669.8350219726562,670.0349731445312,669.72998046875,669.9099731445312,193221
2026-03-16 15:16:00,669.9199829101562,670.2000122070312,669.8800048828125,670.0999755859375,233544
2026-03-16 15:17:00,670.0900268554688,670.2999877929688,670.0050048828125,670.1749877929688,308922
2026-03-16 15:18:00,670.1599731445312,670.25,669.75,669.760009765625,126438
2026-03-16 15:19:00,669.77001953125,669.8049926757812,669.3900146484375,669.4099731445312,195078
2026-03-16 15:20:00,669.4099731445312,669.5399780273438,668.9600219726562,669.4000854492188,416373
2026-03-16 15:21:00,669.4199829101562,669.6500244140625,669.3699951171875,669.5,167512
2026-03-16 15:22:00,669.5,669.739990234375,669.4400024414062,669.7000122070312,182214
2026-03-16 15:23:00,669.6900024414062,669.739990234375,669.1599731445312,669.2100219726562,211014
2026-03-16 15:24:00,669.2100219726562,669.4000244140625,669.0650024414062,669.1500244140625,202635
2026-03-16 15:25:00,669.1400146484375,669.1599731445312,668.7899780273438,668.8200073242188,308142
2026-03-16 15:26:00,668.8400268554688,668.969970703125,668.719970703125,668.8726196289062,279881
2026-03-16 15:27:00,668.8699951171875,669.0499877929688,668.7899780273438,668.875,277471
2026-03-16 15:28:00,668.8800048828125,668.9400024414062,668.760009765625,668.780029296875,265336
2026-03-16 15:29:00,668.780029296875,669.510009765625,668.6900024414062,669.27001953125,685405
2026-03-16 15:30:00,669.27001953125,669.3200073242188,668.9500122070312,669.010009765625,417865
2026-03-16 15:31:00,669.0302124023438,669.3975219726562,668.9600219726562,669.1300048828125,219545
2026-03-16 15:32:00,669.125,669.3800048828125,669.010009765625,669.2000122070312,212679
2026-03-16 15:33:00,669.2199096679688,669.27001953125,669.030029296875,669.114990234375,176502
2026-03-16 15:34:00,669.1099853515625,669.2098999023438,668.9199829101562,668.969970703125,153094
2026-03-16 15:35:00,668.969970703125,669.0900268554688,668.8099975585938,668.8200073242188,225356
2026-03-16 15:36:00,668.8200073242188,669.25,668.7999877929688,669.2000122070312,387656
2026-03-16 15:37:00,669.1799926757812,669.4299926757812,669.0,669.030029296875,164639
2026-03-16 15:38:00,669.0399780273438,669.1400146484375,668.9099731445312,669.10498046875,153705
2026-03-16 15:39:00,669.1099853515625,669.1099853515625,668.9099731445312,668.9699096679688,90287
2026-03-16 15:40:00,668.9600219726562,669.1199951171875,668.8900146484375,669.02001953125,128057
2026-03-16 15:41:00,669.02001953125,669.0399780273438,668.6900024414062,668.72998046875,163653
2026-03-16 15:42:00,668.719970703125,668.7999877929688,668.4949951171875,668.5499877929688,256156
2026-03-16 15:43:00,668.5399780273438,668.6300048828125,668.4199829101562,668.5399780273438,237381
2026-03-16 15:44:00,668.5449829101562,668.719970703125,668.4949951171875,668.6002807617188,190336
2026-03-16 15:45:00,668.5900268554688,668.7999877929688,668.5,668.5399780273438,269404
2026-03-16 15:46:00,668.5499877929688,668.8099975585938,668.5,668.5499877929688,313683
2026-03-16 15:47:00,668.5599975585938,668.5999755859375,668.4199829101562,668.5499877929688,417543
2026-03-16 15:48:00,668.5549926757812,668.72998046875,668.510009765625,668.5999755859375,371297
2026-03-16 15:49:00,668.5900268554688,668.8599853515625,668.5599975585938,668.760009765625,236092
2026-03-16 15:50:00,668.760009765625,668.885009765625,668.469970703125,668.8300170898438,434707
2026-03-16 15:51:00,668.8200073242188,669.0399780273438,668.510009765625,668.89501953125,326492
2026-03-16 15:52:00,668.8900146484375,669.0499877929688,668.6900024414062,668.7050170898438,365823
2026-03-16 15:53:00,668.719970703125,668.8798828125,668.6599731445312,668.7899780273438,404230
2026-03-16 15:54:00,668.7999877929688,668.8599853515625,668.5,668.64501953125,462102
2026-03-16 15:55:00,668.6500244140625,669.0399780273438,668.6400146484375,669.0399169921875,463342
2026-03-16 15:56:00,669.030029296875,669.1500244140625,668.9600219726562,669.0349731445312,309600
2026-03-16 15:57:00,669.0399780273438,669.0449829101562,668.8900146484375,669.0349731445312,398294
2026-03-16 15:58:00,669.030029296875,669.0999755859375,668.9099731445312,668.9500122070312,874146
2026-03-16 15:59:00,668.9450073242188,669.22998046875,668.9199829101562,668.9600219726562,1673703
2026-03-17 09:30:00,672.3900146484375,672.7000122070312,671.9099731445312,672.6500244140625,2384073
2026-03-17 09:31:00,672.6500244140625,672.8200073242188,672.3447875976562,672.7999877929688,293380
2026-03-17 09:32:00,672.8070068359375,673.5399780273438,672.6900024414062,673.510009765625,411385
2026-03-17 09:33:00,673.510009765625,673.780029296875,673.3400268554688,673.75,340447
2026-03-17 09:34:00,673.760009765625,673.8300170898438,673.3099975585938,673.4400024414062,312064
2026-03-17 09:35:00,673.4600219726562,673.7000122070312,673.3900146484375,673.6096801757812,282380
2026-03-17 09:36:00,673.5850219726562,673.6300048828125,673.3302001953125,673.4400024414062,322648
2026-03-17 09:37:00,673.4149780273438,673.489990234375,673.1900024414062,673.3800048828125,385882
2026-03-17 09:38:00,673.3699951171875,673.6799926757812,673.280029296875,673.6799926757812,189652
2026-03-17 09:39:00,673.6699829101562,673.9299926757812,673.4400024414062,673.905029296875,247153
2026-03-17 09:40:00,673.9000244140625,673.9099731445312,673.4500122070312,673.489990234375,288462
2026-03-17 09:41:00,673.489990234375,673.969970703125,673.4500122070312,673.9400024414062,161471
2026-03-17 09:42:00,673.9400024414062,673.9450073242188,673.6300048828125,673.7000122070312,173423
2026-03-17 09:43:00,673.6799926757812,673.8900146484375,673.6099853515625,673.8350219726562,125648
2026-03-17 09:44:00,673.8499755859375,673.8499755859375,673.4500122070312,673.510009765625,202129
2026-03-17 09:45:00,673.5,673.9400024414062,673.3699951171875,673.9299926757812,319510
2026-03-17 09:46:00,673.9500122070312,674.4299926757812,673.9199829101562,674.3499755859375,370437
2026-03-17 09:47:00,674.3400268554688,674.3699951171875,674.0599975585938,674.1599731445312,268891
2026-03-17 09:48:00,674.1799926757812,674.344970703125,674.1300048828125,674.344970703125,184545
2026-03-17 09:49:00,674.3400268554688,674.3800048828125,674.0900268554688,674.2498168945312,198365
2026-03-17 09:50:00,674.2449951171875,674.260009765625,673.8499755859375,673.9099731445312,228088
2026-03-17 09:51:00,673.9149780273438,674.14501953125,673.8900146484375,673.9600830078125,230408
2026-03-17 09:52:00,673.9650268554688,674.010009765625,673.6699829101562,673.9000244140625,320236
2026-03-17 09:53:00,673.9000244140625,673.9400024414062,673.760009765625,673.8400268554688,161735
2026-03-17 09:54:00,673.8300170898438,674.1199951171875,673.7100219726562,674.05810546875,210360
2026-03-17 09:55:00,674.0499877929688,674.1400146484375,673.9600219726562,674.114990234375,94409
2026-03-17 09:56:00,674.1199951171875,674.1699829101562,673.9600219726562,674.1199951171875,109588
2026-03-17 09:57:00,674.10498046875,674.1199951171875,673.719970703125,673.739990234375,126003
2026-03-17 09:58:00,673.7449951171875,673.8800048828125,673.6599731445312,673.739990234375,159066
2026-03-17 09:59:00,673.7449951171875,673.9400024414062,673.6699829101562,673.8900146484375,174463
2026-03-17 10:00:00,673.8800048828125,673.9099731445312,673.4500122070312,673.489990234375,268883
2026-03-17 10:01:00,673.489990234375,673.5999755859375,673.3699951171875,673.4099731445312,326642
2026-03-17 10:02:00,673.4149780273438,673.6400146484375,673.1649780273438,673.1799926757812,276466
2026-03-17 10:03:00,673.1900024414062,673.27001953125,672.97998046875,673.0499877929688,498681
2026-03-17 10:04:00,673.0401000976562,673.405029296875,673.0399780273438,673.1900024414062,338803
2026-03-17 10:05:00,673.2000122070312,673.5,673.125,673.5,145931
2026-03-17 10:06:00,673.489990234375,673.489990234375,673.239990234375,673.4299926757812,132897
2026-03-17 10:07:00,673.4400024414062,673.47998046875,673.239990234375,673.25,69014
2026-03-17 10:08:00,673.239990234375,673.5549926757812,673.1312255859375,673.2899780273438,148882
2026-03-17 10:09:00,673.2899780273438,673.4478759765625,673.2324829101562,673.27001953125,86527
2026-03-17 10:10:00,673.280029296875,673.3499755859375,672.9099731445312,672.9390258789062,191219
2026-03-17 10:11:00,672.9249877929688,673.0,672.52001953125,672.5399780273438,250399
2026-03-17 10:12:00,672.5499877929688,672.6900024414062,672.4099731445312,672.4400024414062,229780
2026-03-17 10:13:00,672.4400024414062,672.7750244140625,672.4349975585938,672.5549926757812,192798
2026-03-17 10:14:00,672.5499877929688,672.7000122070312,672.2849731445312,672.2999877929688,173672
2026-03-17 10:15:00,672.2999877929688,672.4000244140625,672.02001953125,672.2100219726562,300500
2026-03-17 10:16:00,672.219970703125,672.2899780273438,672.0700073242188,672.239990234375,115014
2026-03-17 10:17:00,672.22998046875,672.3699951171875,671.5599975585938,671.6099853515625,316896
2026-03-17 10:18:00,671.6099853515625,672.2899780273438,671.6099853515625,672.25,302817
2026-03-17 10:19:00,672.25,672.5999755859375,672.239990234375,672.5999755859375,341744
2026-03-17 10:20:00,672.5900268554688,672.9199829101562,672.3099975585938,672.8090209960938,210466
2026-03-17 10:21:00,672.8099975585938,672.8099975585938,672.5,672.780029296875,120126
2026-03-17 10:22:00,672.7899780273438,672.8300170898438,672.3699951171875,672.5100708007812,152485
2026-03-17 10:23:00,672.5,672.7000122070312,672.4199829101562,672.6099853515625,74464
2026-03-17 10:24:00,672.5999755859375,672.72998046875,672.480224609375,672.480224609375,71358
2026-03-17 10:25:00,672.5,672.5700073242188,672.0499877929688,672.0999755859375,166041
2026-03-17 10:26:00,672.1199951171875,672.5599975585938,672.0780029296875,672.2999877929688,108636
2026-03-17 10:27:00,672.2999877929688,672.4400024414062,672.2100219726562,672.260009765625,69617
2026-03-17 10:28:00,672.25,672.77001953125,672.2100219726562,672.6599731445312,148605
2026-03-17 10:29:00,672.6500244140625,672.6599731445312,672.3040771484375,672.5599975585938,184699
2026-03-17 10:30:00,672.5700073242188,672.8099975585938,672.5700073242188,672.6099853515625,136156
2026-03-17 10:31:00,672.6199951171875,672.6495971679688,672.1400146484375,672.4500122070312,124869
2026-03-17 10:32:00,672.5,672.8599853515625,672.4000244140625,672.8599853515625,91817
2026-03-17 10:33:00,672.8400268554688,673.1199951171875,672.6099853515625,673.0999755859375,109108
2026-03-17 10:34:00,673.0700073242188,673.0800170898438,672.9000244140625,673.030029296875,99572
2026-03-17 10:35:00,673.0399780273438,673.27001953125,672.9199829101562,673.2100219726562,91638
2026-03-17 10:36:00,673.2100219726562,673.2100219726562,672.9000244140625,672.969970703125,110707
2026-03-17 10:37:00,672.9600219726562,673.0999755859375,672.77001953125,672.8900146484375,307770
2026-03-17 10:38:00,672.8800048828125,672.9299926757812,672.3300170898438,672.469970703125,162367
2026-03-17 10:39:00,672.469970703125,672.719970703125,672.3800048828125,672.510009765625,72653
2026-03-17 10:40:00,672.510009765625,672.6400146484375,672.3300170898438,672.4005737304688,97726
2026-03-17 10:41:00,672.4099731445312,672.6199951171875,672.25,672.5399780273438,95058
2026-03-17 10:42:00,672.5499877929688,672.9420166015625,672.4500122070312,672.8800048828125,134756
2026-03-17 10:43:00,672.9091186523438,673.3300170898438,672.7999877929688,673.3099975585938,163405
2026-03-17 10:44:00,673.3099975585938,673.3800048828125,673.2000122070312,673.280029296875,94220
2026-03-17 10:45:00,673.280029296875,673.3800048828125,673.1900024414062,673.27001953125,101676
2026-03-17 10:46:00,673.280029296875,673.2899780273438,673.0599975585938,673.22998046875,105017
2026-03-17 10:47:00,673.2202758789062,673.38818359375,673.0900268554688,673.239990234375,100652
2026-03-17 10:48:00,673.239990234375,673.3988037109375,673.1500244140625,673.3900146484375,77878
2026-03-17 10:49:00,673.38427734375,673.469970703125,673.260009765625,673.2999877929688,94655
2026-03-17 10:50:00,673.3049926757812,673.364990234375,672.989990234375,673.0,159752
2026-03-17 10:51:00,673.0,673.3699951171875,672.969970703125,673.2105712890625,248644
2026-03-17 10:52:00,673.2000122070312,673.22998046875,672.9865112304688,673.1007080078125,62654
2026-03-17 10:53:00,673.0900268554688,673.3300170898438,673.0900268554688,673.22998046875,63925
2026-03-17 10:54:00,673.219970703125,673.3300170898438,673.0599975585938,673.125,62263
2026-03-17 10:55:00,673.1300048828125,673.3200073242188,673.1300048828125,673.3200073242188,55435
2026-03-17 10:56:00,673.3099975585938,673.3300170898438,673.219970703125,673.2830200195312,46101
2026-03-17 10:57:00,673.2899780273438,673.2999877929688,673.0999755859375,673.114990234375,142657
2026-03-17 10:58:00,673.1099853515625,673.1749877929688,672.9400024414062,673.030029296875,83386
2026-03-17 10:59:00,673.030029296875,673.0700073242188,672.9000244140625,673.030029296875,60399
2026-03-17 11:00:00,673.02001953125,673.27001953125,672.969970703125,673.1002807617188,125484
2026-03-17 11:01:00,673.0800170898438,673.260009765625,672.9301147460938,672.969970703125,60473
2026-03-17 11:02:00,672.97998046875,673.0700073242188,672.8800048828125,672.9400024414062,89958
2026-03-17 11:03:00,672.9500122070312,672.969970703125,672.6400146484375,672.6699829101562,117087
2026-03-17 11:04:00,672.6900024414062,672.8200073242188,672.4400024414062,672.5,90629
2026-03-17 11:05:00,672.489990234375,672.5599975585938,672.3499755859375,672.4400024414062,116469
2026-03-17 11:06:00,672.4299926757812,672.6199951171875,672.2899780273438,672.3699951171875,172032
2026-03-17 11:07:00,672.3800048828125,672.5499877929688,672.1099853515625,672.1199951171875,147710
2026-03-17 11:08:00,672.1099853515625,672.1900024414062,671.8599853515625,672.0197143554688,225213
2026-03-17 11:09:00,672.010009765625,672.0100708007812,671.8099975585938,671.8300170898438,417881
2026-03-17 11:10:00,671.8200073242188,672.0900268554688,671.6599731445312,672.0800170898438,257309
2026-03-17 11:11:00,672.0599975585938,672.239990234375,671.7305297851562,671.8298950195312,258583
2026-03-17 11:12:00,671.8200073242188,672.1900024414062,671.8099975585938,672.1300048828125,126724
2026-03-17 11:13:00,672.139892578125,672.1400146484375,671.760009765625,671.85498046875,147260
2026-03-17 11:14:00,671.8699951171875,672.1099853515625,671.85009765625,671.9299926757812,139125
2026-03-17 11:15:00,671.9199829101562,672.385009765625,671.9099731445312,672.260009765625,149177
2026-03-17 11:16:00,672.239990234375,672.625,672.239990234375,672.625,88189
2026-03-17 11:17:00,672.6300048828125,672.6799926757812,672.375,672.57470703125,112376
2026-03-17 11:18:00,672.5700073242188,672.6900024414062,671.9400024414062,672.22998046875,215292
2026-03-17 11:19:00,672.2000122070312,672.4500122070312,672.1799926757812,672.4400024414062,64919
2026-03-17 11:20:00,672.4102783203125,672.6300048828125,672.2100219726562,672.260009765625,86180
2026-03-17 11:21:00,672.239990234375,672.3800048828125,671.5999755859375,671.6199951171875,128828
2026-03-17 11:22:00,671.6199951171875,672.081298828125,671.6199951171875,672.0700073242188,194307
2026-03-17 11:23:00,672.0800170898438,672.3099975585938,671.969970703125,672.1099853515625,203569
2026-03-17 11:24:00,672.1099853515625,672.1500244140625,671.8900146484375,672.1099853515625,118236
2026-03-17 11:25:00,672.1099853515625,672.469970703125,672.0599975585938,672.3900146484375,125325
2026-03-17 11:26:00,672.3800048828125,672.5399780273438,672.239990234375,672.5,72990
2026-03-17 11:27:00,672.5,672.52001953125,671.9600219726562,671.9600219726562,122867
2026-03-17 11:28:00,671.9600219726562,672.0700073242188,671.8400268554688,671.8499755859375,191616
2026-03-17 11:29:00,671.8499755859375,671.9099731445312,671.6300048828125,671.635009765625,132565
2026-03-17 11:30:00,671.6300048828125,672.030029296875,671.6300048828125,671.989990234375,127081
2026-03-17 11:31:00,671.989990234375,672.1900024414062,671.8499755859375,671.8800048828125,81729
2026-03-17 11:32:00,671.8900146484375,671.9000244140625,671.5499877929688,671.5650024414062,104843
2026-03-17 11:33:00,671.6199951171875,671.6900024414062,671.3699951171875,671.4500122070312,545156
2026-03-17 11:34:00,671.4400024414062,671.6300048828125,671.1599731445312,671.25,161526
2026-03-17 11:35:00,671.260009765625,671.52001953125,670.989990234375,671.0050048828125,162143
2026-03-17 11:36:00,671.010009765625,671.0599975585938,670.3800048828125,670.4000244140625,577210
2026-03-17 11:37:00,670.4199829101562,670.6799926757812,670.2999877929688,670.5374755859375,367942
2026-03-17 11:38:00,670.5399780273438,670.760009765625,670.4201049804688,670.4500122070312,234175
2026-03-17 11:39:00,670.4550170898438,670.9600219726562,670.4450073242188,670.8099975585938,167707
2026-03-17 11:40:00,670.8200073242188,671.030029296875,670.6500244140625,670.9600219726562,123456
2026-03-17 11:41:00,670.9669189453125,670.989990234375,670.5900268554688,670.7449951171875,102148
2026-03-17 11:42:00,670.7550048828125,670.8101196289062,670.6099853515625,670.6500244140625,497775
2026-03-17 11:43:00,670.6599731445312,670.9600219726562,670.5999755859375,670.9500122070312,214245
2026-03-17 11:44:00,670.9598999023438,671.280029296875,670.9099731445312,671.2100219726562,166480
2026-03-17 11:45:00,671.2000122070312,671.4500122070312,671.1400146484375,671.4299926757812,90465
2026-03-17 11:46:00,671.4180297851562,671.6500244140625,671.3200073242188,671.510009765625,89619
2026-03-17 11:47:00,671.5,671.5383911132812,671.3900146484375,671.47998046875,56880
2026-03-17 11:48:00,671.47998046875,671.4949951171875,671.1099853515625,671.25,107893
2026-03-17 11:49:00,671.25,671.280029296875,670.9400024414062,670.9400024414062,79725
2026-03-17 11:50:00,670.969970703125,671.4398803710938,670.969970703125,671.3300170898438,163884
2026-03-17 11:51:00,671.3200073242188,671.6300048828125,671.260009765625,671.5,167803
2026-03-17 11:52:00,671.5,671.5598754882812,671.1199951171875,671.219970703125,70694
2026-03-17 11:53:00,671.2100219726562,671.5399780273438,671.0900268554688,671.530029296875,106460
2026-03-17 11:54:00,671.5399780273438,671.5399780273438,671.2479858398438,671.3579711914062,80736
2026-03-17 11:55:00,671.3599243164062,671.510009765625,670.9500122070312,671.3499755859375,132254
2026-03-17 11:56:00,671.3599853515625,671.469970703125,671.094970703125,671.14501953125,226259
2026-03-17 11:57:00,671.1425170898438,671.280029296875,671.010009765625,671.0399169921875,80104
2026-03-17 11:58:00,671.030029296875,671.0999755859375,670.8300170898438,670.969970703125,146479
2026-03-17 11:59:00,670.9600219726562,671.1799926757812,670.9500122070312,671.010009765625,84986
2026-03-17 12:00:00,671.02001953125,671.0999755859375,670.8099975585938,670.8599853515625,71212
2026-03-17 12:01:00,670.9000244140625,670.989990234375,670.7000122070312,670.8699951171875,107604
2026-03-17 12:02:00,670.8800048828125,670.97998046875,670.530029296875,670.594970703125,228173
2026-03-17 12:03:00,670.5900268554688,670.6699829101562,670.3099975585938,670.4349975585938,178655
2026-03-17 12:04:00,670.4400024414062,670.8300170898438,670.4400024414062,670.5900268554688,137875
2026-03-17 12:05:00,670.5999755859375,671.0,670.5800170898438,670.6799926757812,135718
2026-03-17 12:06:00,670.6699829101562,670.8699951171875,670.530029296875,670.5679931640625,129862
2026-03-17 12:07:00,670.5750122070312,670.6300048828125,669.7000122070312,670.3499755859375,272385
2026-03-17 12:08:00,670.3499755859375,670.8300170898438,670.3499755859375,670.52001953125,242587
2026-03-17 12:09:00,670.5399780273438,670.72998046875,670.3300170898438,670.7100219726562,261109
2026-03-17 12:10:00,670.6799926757812,670.9500122070312,670.5999755859375,670.8599853515625,404838
2026-03-17 12:11:00,670.8499755859375,671.27001953125,670.75,671.1699829101562,666922
2026-03-17 12:12:00,671.1500244140625,671.4000244140625,670.8900146484375,671.013671875,274930
2026-03-17 12:13:00,671.0,671.1099853515625,670.8250122070312,670.8599853515625,94408
2026-03-17 12:14:00,670.8699951171875,670.8900146484375,670.6099853515625,670.7100219726562,120013
2026-03-17 12:15:00,670.7249755859375,670.8800048828125,670.5599975585938,670.7100219726562,47239
2026-03-17 12:16:00,670.7100219726562,670.9299926757812,670.6599731445312,670.7999877929688,69552
2026-03-17 12:17:00,670.7899780273438,671.1599731445312,670.780029296875,671.1300048828125,75957
2026-03-17 12:18:00,671.1300048828125,671.4500122070312,671.0599975585938,671.4000244140625,99922
2026-03-17 12:19:00,671.4099731445312,671.5665283203125,671.1400146484375,671.5665283203125,127271
2026-03-17 12:20:00,671.5499877929688,671.5499877929688,671.25,671.3800048828125,69024
2026-03-17 12:21:00,671.3800048828125,671.469970703125,671.02001953125,671.1500244140625,89828
2026-03-17 12:22:00,671.1500244140625,671.3049926757812,671.0900268554688,671.2899780273438,68397
2026-03-17 12:23:00,671.280029296875,671.4000244140625,671.1950073242188,671.280029296875,61288
2026-03-17 12:24:00,671.2899780273438,671.5900268554688,671.2000122070312,671.47998046875,113385
2026-03-17 12:25:00,671.489990234375,671.489990234375,671.239990234375,671.3699951171875,85413
2026-03-17 12:26:00,671.3599853515625,671.4500122070312,671.22998046875,671.4199829101562,60172
2026-03-17 12:27:00,671.4099731445312,671.4500122070312,671.0,671.0499877929688,92960
2026-03-17 12:28:00,671.0399780273438,671.22998046875,670.9600219726562,671.0999755859375,77202
2026-03-17 12:29:00,671.1300048828125,671.3099975585938,671.1300048828125,671.2100219726562,83247
2026-03-17 12:30:00,671.2000122070312,671.4299926757812,671.1599731445312,671.22998046875,73076
2026-03-17 12:31:00,671.219970703125,671.2799072265625,670.989990234375,671.2100219726562,97750
2026-03-17 12:32:00,671.2100219726562,671.2899780273438,671.0599975585938,671.1199951171875,79987
2026-03-17 12:33:00,671.1199951171875,671.3200073242188,670.8499755859375,670.969970703125,113707
2026-03-17 12:34:00,670.9600219726562,671.1998901367188,670.7449951171875,671.1699829101562,157087
2026-03-17 12:35:00,671.1699829101562,671.5150146484375,671.1300048828125,671.3200073242188,92327
2026-03-17 12:36:00,671.3099975585938,671.3900146484375,670.989990234375,671.010009765625,94413
2026-03-17 12:37:00,671.0,671.1099243164062,670.719970703125,670.8399047851562,68482
2026-03-17 12:38:00,670.8300170898438,671.1199951171875,670.760009765625,671.030029296875,50609
2026-03-17 12:39:00,671.030029296875,671.030029296875,670.7899780273438,670.8900146484375,58623
2026-03-17 12:40:00,670.8900146484375,671.219970703125,670.8699951171875,670.8800048828125,87619
2026-03-17 12:41:00,670.8800048828125,671.0499877929688,670.7999877929688,671.030029296875,56819
2026-03-17 12:42:00,671.02001953125,671.0599975585938,670.7899780273438,671.0598754882812,55623
2026-03-17 12:43:00,671.0599975585938,671.3900146484375,671.0499877929688,671.1900024414062,99841
2026-03-17 12:44:00,671.1900024414062,671.5499877929688,671.1799926757812,671.5449829101562,102524
2026-03-17 12:45:00,671.5399780273438,671.6400146484375,671.4149780273438,671.6400146484375,84518
2026-03-17 12:46:00,671.6199951171875,671.635009765625,671.4600219726562,671.6099853515625,80351
2026-03-17 12:47:00,671.6099853515625,671.6099853515625,671.239990234375,671.2899780273438,147656
2026-03-17 12:48:00,671.2899780273438,671.4099731445312,671.2000122070312,671.2100219726562,64872
2026-03-17 12:49:00,671.22998046875,671.4639892578125,671.1400146484375,671.3099975585938,75346
2026-03-17 12:50:00,671.3099975585938,671.3900146484375,671.219970703125,671.3699951171875,54026
2026-03-17 12:51:00,671.3800048828125,671.489990234375,671.3099975585938,671.3200073242188,97021
2026-03-17 12:52:00,671.3300170898438,671.4000244140625,671.0900268554688,671.1300048828125,160544
2026-03-17 12:53:00,671.1400146484375,671.27001953125,671.0999755859375,671.2100219726562,58873
2026-03-17 12:54:00,671.260009765625,671.2899780273438,671.1699829101562,671.25,60002
2026-03-17 12:55:00,671.2449951171875,671.4000244140625,671.1400146484375,671.3800048828125,79666
2026-03-17 12:56:00,671.3800048828125,671.4299926757812,671.3099975585938,671.3150024414062,59200
2026-03-17 12:57:00,671.3200073242188,671.3499755859375,671.0399780273438,671.0899047851562,61121
2026-03-17 12:58:00,671.0999755859375,671.219970703125,670.9500122070312,671.010009765625,139926
2026-03-17 12:59:00,671.02001953125,671.0399780273438,670.9099731445312,670.9500122070312,70039
2026-03-17 13:00:00,670.9400024414062,671.219970703125,670.9299926757812,671.1799926757812,143283
2026-03-17 13:01:00,671.1799926757812,671.3800048828125,671.1599731445312,671.25,69101
2026-03-17 13:02:00,671.260009765625,671.8099975585938,671.2100219726562,671.7919921875,79740
2026-03-17 13:03:00,671.7899780273438,671.9299926757812,671.6199951171875,671.9299926757812,122153
2026-03-17 13:04:00,671.9299926757812,671.9400024414062,671.77001953125,671.8300170898438,82630
2026-03-17 13:05:00,671.8400268554688,671.8499755859375,671.6400146484375,671.7899780273438,119495
2026-03-17 13:06:00,671.7899780273438,671.8200073242188,671.6649780273438,671.7899780273438,124776
2026-03-17 13:07:00,671.7899780273438,671.869873046875,671.6099853515625,671.760009765625,75528
2026-03-17 13:08:00,671.760009765625,671.8900146484375,671.6900024414062,671.8400268554688,50315
2026-03-17 13:09:00,671.8499755859375,671.8900146484375,671.760009765625,671.8099975585938,74943
2026-03-17 13:10:00,671.8200073242188,671.8800048828125,671.22998046875,671.239990234375,225337
2026-03-17 13:11:00,671.239990234375,671.6099853515625,671.239990234375,671.5800170898438,97947
2026-03-17 13:12:00,671.5900268554688,671.6199951171875,671.3599853515625,671.4199829101562,71380
2026-03-17 13:13:00,671.4400024414062,671.625,671.4000244140625,671.47998046875,72237
2026-03-17 13:14:00,671.489990234375,671.594970703125,671.4199829101562,671.5900268554688,46862
2026-03-17 13:15:00,671.5800170898438,671.5850219726562,671.27001953125,671.2899780273438,72673
2026-03-17 13:16:00,671.3099975585938,671.52001953125,671.2899780273438,671.4849853515625,56258
2026-03-17 13:17:00,671.4819946289062,671.4849853515625,671.3699951171875,671.4149780273438,75149
2026-03-17 13:18:00,671.4099731445312,671.5499877929688,671.3699951171875,671.489990234375,39460
2026-03-17 13:19:00,671.489990234375,671.52001953125,671.2650146484375,671.4099731445312,69950
2026-03-17 13:20:00,671.4199829101562,671.469970703125,671.1199951171875,671.1500244140625,133134
2026-03-17 13:21:00,671.1599731445312,671.3800048828125,671.1510009765625,671.344970703125,106866
2026-03-17 13:22:00,671.3499755859375,671.5800170898438,671.3250122070312,671.510009765625,103768
2026-03-17 13:23:00,671.530029296875,671.619873046875,671.3900146484375,671.530029296875,107520
2026-03-17 13:24:00,671.52001953125,671.5800170898438,671.3699951171875,671.4616088867188,97138
2026-03-17 13:25:00,671.4600219726562,671.5,671.27001953125,671.2739868164062,51173
2026-03-17 13:26:00,671.2849731445312,671.52001953125,671.2650146484375,671.510009765625,45626
2026-03-17 13:27:00,671.510009765625,671.7050170898438,671.489990234375,671.5650024414062,64635
2026-03-17 13:28:00,671.5599975585938,671.5900268554688,671.4500122070312,671.5399780273438,34092
2026-03-17 13:29:00,671.530029296875,671.5599975585938,671.4500122070312,671.530029296875,40265
2026-03-17 13:30:00,671.530029296875,671.5700073242188,671.3300170898438,671.531005859375,64678
2026-03-17 13:31:00,671.5300903320312,671.7100219726562,671.52001953125,671.6799926757812,60738
2026-03-17 13:32:00,671.6799926757812,671.705078125,671.5800170898438,671.5900268554688,37254
2026-03-17 13:33:00,671.6099853515625,671.614990234375,671.4199829101562,671.4600219726562,70644
2026-03-17 13:34:00,671.4600219726562,671.510009765625,671.4149780273438,671.4550170898438,62499
2026-03-17 13:35:00,671.4500122070312,671.6099853515625,671.4149780273438,671.5700073242188,52016
2026-03-17 13:36:00,671.5700073242188,671.739990234375,671.510009765625,671.6901245117188,67490
2026-03-17 13:37:00,671.7100219726562,671.9349975585938,671.6500244140625,671.9099731445312,106747
2026-03-17 13:38:00,671.9299926757812,671.9550170898438,671.844970703125,671.9099731445312,89149
2026-03-17 13:39:00,671.9199829101562,671.9749755859375,671.8699951171875,671.9099731445312,53319
2026-03-17 13:40:00,671.9000244140625,671.9400024414062,671.719970703125,671.7249755859375,64731
2026-03-17 13:41:00,671.719970703125,671.8400268554688,671.6799926757812,671.719970703125,41810
2026-03-17 13:42:00,671.7100219726562,671.9099731445312,671.6699829101562,671.8200073242188,80043
2026-03-17 13:43:00,671.8099975585938,671.8200073242188,671.3099975585938,671.3099975585938,105073
2026-03-17 13:44:00,671.3200073242188,671.4600219726562,671.1900024414062,671.2899780273438,66300
2026-03-17 13:45:00,671.3300170898438,671.5,671.1699829101562,671.1701049804688,94468
2026-03-17 13:46:00,671.1699829101562,671.3800048828125,671.135009765625,671.2000122070312,226425
2026-03-17 13:47:00,671.1950073242188,671.2899780273438,671.030029296875,671.030029296875,120879
2026-03-17 13:48:00,671.0399780273438,671.3599853515625,671.0399780273438,671.280029296875,90491
2026-03-17 13:49:00,671.260009765625,671.3599853515625,671.260009765625,671.330078125,72875
2026-03-17 13:50:00,671.3300170898438,671.5,671.1799926757812,671.2100219726562,197582
2026-03-17 13:51:00,671.2100219726562,671.3800048828125,671.1749877929688,671.3599853515625,58543
2026-03-17 13:52:00,671.3699951171875,671.8104248046875,671.3499755859375,671.7999877929688,164072
2026-03-17 13:53:00,671.7999877929688,671.951171875,671.6900024414062,671.8699951171875,77972
2026-03-17 13:54:00,671.8800048828125,671.8900146484375,671.739990234375,671.840087890625,92711
2026-03-17 13:55:00,671.8400268554688,671.8699951171875,671.6300048828125,671.6900024414062,97763
2026-03-17 13:56:00,671.6799926757812,671.8499755859375,671.6699829101562,671.739990234375,86706
2026-03-17 13:57:00,671.75,671.8599243164062,671.6900024414062,671.8350219726562,65052
2026-03-17 13:58:00,671.8400268554688,671.8599853515625,671.6953125,671.72998046875,133704
2026-03-17 13:59:00,671.72998046875,671.75,671.6300048828125,671.7000122070312,63308
2026-03-17 14:00:00,671.7000122070312,671.8400268554688,671.5399780273438,671.5700073242188,1731082
2026-03-17 14:01:00,671.5700073242188,671.5800170898438,671.4099731445312,671.4600219726562,115857
2026-03-17 14:02:00,671.4400024414062,671.8068237304688,671.4400024414062,671.760009765625,120204
2026-03-17 14:03:00,671.77001953125,672.0,671.7650146484375,671.8599853515625,165577
2026-03-17 14:04:00,671.8599853515625,671.9299926757812,671.8099975585938,671.9000244140625,107968
2026-03-17 14:05:00,671.9000244140625,672.010009765625,671.6749877929688,671.7200927734375,216504
2026-03-17 14:06:00,671.75,672.1199951171875,671.739990234375,672.0800170898438,114203
2026-03-17 14:07:00,672.080078125,672.22998046875,672.030029296875,672.2098999023438,566689
2026-03-17 14:08:00,672.2100219726562,672.219970703125,672.0700073242188,672.0999755859375,131324
2026-03-17 14:09:00,672.0999755859375,672.2100219726562,672.0700073242188,672.2100219726562,67290
2026-03-17 14:10:00,672.2050170898438,672.2999877929688,672.1199951171875,672.1624755859375,125189
2026-03-17 14:11:00,672.1699829101562,672.1900024414062,672.030029296875,672.0599975585938,74624
2026-03-17 14:12:00,672.0701293945312,672.14990234375,671.9199829101562,671.9849853515625,111323
2026-03-17 14:13:00,671.97998046875,671.989990234375,671.8599853515625,671.9199829101562,82215
2026-03-17 14:14:00,671.9099731445312,671.973876953125,671.8599853515625,671.8599853515625,78734
2026-03-17 14:15:00,671.8699951171875,671.9299926757812,671.8400268554688,671.875,82466
2026-03-17 14:16:00,671.8900146484375,671.986328125,671.8699951171875,671.8900146484375,64139
2026-03-17 14:17:00,671.8800048828125,671.9299926757812,671.760009765625,671.760009765625,74119
2026-03-17 14:18:00,671.7698974609375,671.8699951171875,671.72998046875,671.8200073242188,64139
2026-03-17 14:19:00,671.8200073242188,671.8499755859375,671.719970703125,671.7899780273438,61405
2026-03-17 14:20:00,671.7999877929688,671.8200073242188,671.6799926757812,671.760009765625,85240
2026-03-17 14:21:00,671.77001953125,671.77001953125,671.5399780273438,671.6099853515625,282030
2026-03-17 14:22:00,671.6199951171875,671.7000122070312,671.6199951171875,671.6799926757812,56809
2026-03-17 14:23:00,671.6900024414062,671.6900024414062,671.2999877929688,671.3400268554688,191123
2026-03-17 14:24:00,671.3499145507812,671.4199829101562,670.9299926757812,670.9600219726562,196947
2026-03-17 14:25:00,670.9500122070312,671.239990234375,670.8800048828125,670.9000244140625,165513
2026-03-17 14:26:00,670.9099731445312,671.1699829101562,670.8599853515625,671.0399780273438,144873
2026-03-17 14:27:00,671.0399780273438,671.1900024414062,670.9199829101562,670.9199829101562,114490
2026-03-17 14:28:00,670.9299926757812,671.1400146484375,670.9199829101562,671.0599975585938,76974
2026-03-17 14:29:00,671.0599975585938,671.1500244140625,670.8800048828125,670.9000244140625,111635
2026-03-17 14:30:00,670.9000244140625,671.0549926757812,670.8200073242188,670.97998046875,99414
2026-03-17 14:31:00,670.97998046875,671.0,670.8499755859375,670.8599853515625,123365
2026-03-17 14:32:00,670.8699951171875,671.1900024414062,670.739990234375,671.1699829101562,154989
2026-03-17 14:33:00,671.1699829101562,671.1699829101562,670.97998046875,671.010009765625,140327
2026-03-17 14:34:00,671.02001953125,671.1300048828125,671.010009765625,671.0900268554688,94029
2026-03-17 14:35:00,671.092529296875,671.1699829101562,670.9550170898438,671.1099853515625,143856
2026-03-17 14:36:00,671.10498046875,671.2000122070312,671.030029296875,671.0399780273438,89745
2026-03-17 14:37:00,671.0499877929688,671.0900268554688,670.9199829101562,670.989990234375,230688
2026-03-17 14:38:00,670.969970703125,671.0999755859375,670.9400024414062,671.0150146484375,78935
2026-03-17 14:39:00,671.02001953125,671.2000122070312,670.969970703125,671.0399780273438,309400
2026-03-17 14:40:00,671.0399780273438,671.2000122070312,670.9600219726562,671.0800170898438,154080
2026-03-17 14:41:00,671.0900268554688,671.1099243164062,670.885009765625,670.8900146484375,65618
2026-03-17 14:42:00,670.9000244140625,671.010009765625,670.8800048828125,670.9600219726562,113628
2026-03-17 14:43:00,670.9500122070312,671.0999755859375,670.9299926757812,671.02001953125,67355
2026-03-17 14:44:00,671.0180053710938,671.030029296875,670.7899780273438,670.8599853515625,72946
2026-03-17 14:45:00,670.8599853515625,670.9600219726562,670.8300170898438,670.8699951171875,83922
2026-03-17 14:46:00,670.8800048828125,671.1300048828125,670.8499755859375,671.0999755859375,163195
2026-03-17 14:47:00,671.1099853515625,671.1699829101562,671.0,671.0499877929688,75692
2026-03-17 14:48:00,671.0499877929688,671.1799926757812,671.02001953125,671.1400146484375,75105
2026-03-17 14:49:00,671.1300048828125,671.1749877929688,671.094970703125,671.1199951171875,62039
2026-03-17 14:50:00,671.1099853515625,671.1199951171875,670.9099731445312,671.030029296875,104596
2026-03-17 14:51:00,671.030029296875,671.3300170898438,671.030029296875,671.3200073242188,122043
2026-03-17 14:52:00,671.3099975585938,671.3499755859375,671.260009765625,671.3499755859375,97877
2026-03-17 14:53:00,671.3400268554688,671.4400024414062,671.280029296875,671.3599853515625,105980
2026-03-17 14:54:00,671.3599853515625,671.4400024414062,671.3599853515625,671.4000244140625,86449
2026-03-17 14:55:00,671.4000244140625,671.4000244140625,671.010009765625,671.0499877929688,151999
2026-03-17 14:56:00,671.0499877929688,671.0700073242188,670.8499755859375,670.9600219726562,119225
2026-03-17 14:57:00,670.9400024414062,671.125,670.9400024414062,671.0499877929688,118526
2026-03-17 14:58:00,671.0499877929688,671.1099853515625,671.02001953125,671.0800170898438,64823
2026-03-17 14:59:00,671.0800170898438,671.0900268554688,671.02001953125,671.0899047851562,69423
2026-03-17 15:00:00,671.0900268554688,671.1799926757812,670.9949951171875,671.0349731445312,107207
2026-03-17 15:01:00,671.0499877929688,671.1649780273438,671.030029296875,671.135009765625,85586
2026-03-17 15:02:00,671.1300048828125,671.3400268554688,671.0599975585938,671.2009887695312,124149
2026-03-17 15:03:00,671.2100219726562,671.2100219726562,670.969970703125,671.0399780273438,148589
2026-03-17 15:04:00,671.0399780273438,671.0999755859375,671.0,671.010009765625,107419
2026-03-17 15:05:00,671.0,671.02001953125,670.875,670.885009765625,166512
2026-03-17 15:06:00,670.8800048828125,670.9450073242188,670.5900268554688,670.6599731445312,190128
2026-03-17 15:07:00,670.6699829101562,670.77197265625,670.6199951171875,670.719970703125,122662
2026-03-17 15:08:00,670.7150268554688,670.989990234375,670.7050170898438,670.9400024414062,217404
2026-03-17 15:09:00,670.9500122070312,671.030029296875,670.8800048828125,670.989990234375,99153
2026-03-17 15:10:00,670.989990234375,671.22998046875,670.9692993164062,671.1799926757812,405245
2026-03-17 15:11:00,671.1900024414062,671.1900024414062,670.969970703125,671.10498046875,279379
2026-03-17 15:12:00,671.10498046875,671.10498046875,670.97998046875,671.0599975585938,65793
2026-03-17 15:13:00,671.0700073242188,671.1900024414062,671.030029296875,671.135009765625,73839
2026-03-17 15:14:00,671.1300048828125,671.2000122070312,671.10498046875,671.1900024414062,323838
2026-03-17 15:15:00,671.1950073242188,671.60498046875,671.1400146484375,671.580078125,295903
2026-03-17 15:16:00,671.5800170898438,671.5900268554688,671.4000244140625,671.4199829101562,136386
2026-03-17 15:17:00,671.4199829101562,671.4500122070312,671.2999877929688,671.3300170898438,120085
2026-03-17 15:18:00,671.3400268554688,671.5599975585938,671.3049926757812,671.5501098632812,104213
2026-03-17 15:19:00,671.551025390625,671.5700073242188,671.4000244140625,671.4199829101562,153570
2026-03-17 15:20:00,671.4099731445312,671.4500122070312,671.2550048828125,671.3099975585938,364406
2026-03-17 15:21:00,671.2999877929688,671.375,671.1699829101562,671.1799926757812,156646
2026-03-17 15:22:00,671.1849975585938,671.2999877929688,671.0999755859375,671.1500244140625,93103
2026-03-17 15:23:00,671.1433715820312,671.25,671.1099853515625,671.1400146484375,78817
2026-03-17 15:24:00,671.1500244140625,671.219970703125,671.1300048828125,671.1699829101562,84914
2026-03-17 15:25:00,671.1799926757812,671.2100219726562,671.0599975585938,671.0599975585938,147039
2026-03-17 15:26:00,671.0700073242188,671.2100219726562,671.0499877929688,671.0982055664062,154435
2026-03-17 15:27:00,671.0999755859375,671.1300048828125,671.0349731445312,671.0700073242188,99633
2026-03-17 15:28:00,671.0700073242188,671.219970703125,671.0599975585938,671.1300048828125,123514
2026-03-17 15:29:00,671.1300048828125,671.1300048828125,670.969970703125,671.0399780273438,262758
2026-03-17 15:30:00,671.0399780273438,671.2650146484375,671.02001953125,671.239990234375,178454
2026-03-17 15:31:00,671.22998046875,671.2449951171875,671.0700073242188,671.2376708984375,154709
2026-03-17 15:32:00,671.2349853515625,671.280029296875,671.094970703125,671.1300048828125,121430
2026-03-17 15:33:00,671.125,671.1900024414062,671.0800170898438,671.0900268554688,170205
2026-03-17 15:34:00,671.0900268554688,671.0900268554688,670.9450073242188,670.989990234375,168515
2026-03-17 15:35:00,671.0,671.1400146484375,671.0,671.0349731445312,144896
2026-03-17 15:36:00,671.0349731445312,671.0700073242188,670.969970703125,671.010009765625,92371
2026-03-17 15:37:00,671.010009765625,671.0869750976562,671.0050048828125,671.0599975585938,78407
2026-03-17 15:38:00,671.0599975585938,671.0850219726562,670.9500122070312,670.989990234375,99205
2026-03-17 15:39:00,670.9849853515625,671.02001953125,670.9400024414062,670.989990234375,99934
2026-03-17 15:40:00,670.989990234375,671.1400146484375,670.989990234375,671.0750122070312,328943
2026-03-17 15:41:00,671.0700073242188,671.1500244140625,671.0499877929688,671.0499877929688,150760
2026-03-17 15:42:00,671.0599975585938,671.0650024414062,670.8599853515625,670.9349975585938,278787
2026-03-17 15:43:00,670.9299926757812,670.9500122070312,670.75,670.9000244140625,162725
2026-03-17 15:44:00,670.8900146484375,670.9199829101562,670.8200073242188,670.8599853515625,132967
2026-03-17 15:45:00,670.8699951171875,671.1099853515625,670.8499755859375,671.0714721679688,328782
2026-03-17 15:46:00,671.0750122070312,671.1900024414062,671.0,671.0700073242188,195037
2026-03-17 15:47:00,671.0700073242188,671.114990234375,670.9600219726562,671.0,192180
2026-03-17 15:48:00,671.0,671.1749877929688,670.97998046875,671.1599731445312,156898
2026-03-17 15:49:00,671.1699829101562,671.2100219726562,671.1199951171875,671.1749877929688,247497
2026-03-17 15:50:00,671.1799926757812,671.280029296875,670.6950073242188,670.7050170898438,497240
2026-03-17 15:51:00,670.7050170898438,670.97998046875,670.7050170898438,670.8099975585938,315164
2026-03-17 15:52:00,670.8099975585938,670.9099731445312,670.72998046875,670.8198852539062,1176908
2026-03-17 15:53:00,670.8099975585938,670.8150024414062,670.6500244140625,670.7899780273438,324923
2026-03-17 15:54:00,670.7849731445312,671.239990234375,670.5800170898438,671.2050170898438,367270
2026-03-17 15:55:00,671.2000122070312,671.2000122070312,670.7100219726562,670.7150268554688,376860
2026-03-17 15:56:00,670.7100219726562,670.77001953125,670.6199951171875,670.625,362927
2026-03-17 15:57:00,670.6300048828125,670.6400146484375,670.469970703125,670.52001953125,664919
2026-03-17 15:58:00,670.510009765625,670.6199951171875,670.47998046875,670.6119995117188,776735
2026-03-17 15:59:00,670.6199951171875,670.97998046875,670.5900268554688,670.72998046875,1798494
2026-03-18 09:30:00,668.3599853515625,668.4600219726562,668.125,668.1799926757812,4684816
2026-03-18 09:31:00,667.97998046875,668.5399780273438,667.8800048828125,668.5,369943
2026-03-18 09:32:00,668.5,669.0599975585938,668.25,668.8200073242188,265326
2026-03-18 09:33:00,668.780029296875,668.8400268554688,668.47998046875,668.6400146484375,204493
2026-03-18 09:34:00,668.6199951171875,668.780029296875,668.510009765625,668.77001953125,191523
2026-03-18 09:35:00,668.780029296875,668.989990234375,668.5,668.8499755859375,310347
2026-03-18 09:36:00,668.8350219726562,668.9400024414062,668.590087890625,668.77001953125,303537
2026-03-18 09:37:00,668.760009765625,669.2600708007812,668.6799926757812,669.0,291704
2026-03-18 09:38:00,669.0399780273438,669.2999877929688,668.7899780273438,669.22998046875,363523
2026-03-18 09:39:00,669.22998046875,669.27001953125,668.9199829101562,669.0900268554688,184905
2026-03-18 09:40:00,669.0800170898438,669.3900146484375,669.030029296875,669.3699951171875,299486
2026-03-18 09:41:00,669.3800048828125,669.5599975585938,669.1199951171875,669.1699829101562,201683
2026-03-18 09:42:00,669.1900024414062,669.5599975585938,669.1199951171875,669.3599853515625,179262
2026-03-18 09:43:00,669.3599853515625,669.3900146484375,668.4099731445312,668.5599975585938,451486
2026-03-18 09:44:00,668.5499877929688,668.75,668.2650146484375,668.7301025390625,246373
2026-03-18 09:45:00,668.719970703125,668.8699951171875,668.5700073242188,668.864990234375,213760
2026-03-18 09:46:00,668.8699951171875,669.719970703125,668.510009765625,669.6099853515625,272903
2026-03-18 09:47:00,669.5999755859375,669.6199951171875,669.22998046875,669.4920043945312,198834
2026-03-18 09:48:00,669.47998046875,669.5900268554688,668.9600219726562,668.97998046875,186543
2026-03-18 09:49:00,668.97998046875,669.4299926757812,668.9500122070312,669.0850219726562,160186
2026-03-18 09:50:00,669.0850219726562,669.3200073242188,668.8599853515625,668.9500122070312,181608
2026-03-18 09:51:00,668.9600219726562,669.0999755859375,668.5399780273438,668.5999755859375,170351
2026-03-18 09:52:00,668.5850219726562,669.22998046875,668.5850219726562,669.2100219726562,195613
2026-03-18 09:53:00,669.1799926757812,669.2098999023438,668.6900024414062,668.7999877929688,158919
2026-03-18 09:54:00,668.8099975585938,669.0399780273438,668.5900268554688,668.75,137823
2026-03-18 09:55:00,668.77001953125,669.1300048828125,668.7100219726562,668.760009765625,113866
2026-03-18 09:56:00,668.760009765625,668.8099975585938,668.47998046875,668.6699829101562,150193
2026-03-18 09:57:00,668.6699829101562,668.72998046875,668.3499755859375,668.4749755859375,232532
2026-03-18 09:58:00,668.4600219726562,669.1300048828125,668.4400024414062,669.1099853515625,196178
2026-03-18 09:59:00,669.1099853515625,669.2899780273438,669.010009765625,669.280029296875,202130
2026-03-18 10:00:00,669.280029296875,669.4099731445312,668.6699829101562,668.6799926757812,186862
2026-03-18 10:01:00,668.6900024414062,669.1400146484375,668.6699829101562,668.97998046875,93515
2026-03-18 10:02:00,668.9600219726562,669.0700073242188,668.2000122070312,668.25,106773
2026-03-18 10:03:00,668.260009765625,668.6199951171875,667.9299926757812,668.5399780273438,250276
2026-03-18 10:04:00,668.530029296875,668.8699951171875,668.4500122070312,668.4600219726562,164599
2026-03-18 10:05:00,668.469970703125,668.6950073242188,668.219970703125,668.27197265625,108642
2026-03-18 10:06:00,668.260009765625,668.8499755859375,668.2100219726562,668.72998046875,152753
2026-03-18 10:07:00,668.719970703125,669.1599731445312,668.3599853515625,669.1400146484375,138439
2026-03-18 10:08:00,669.1199951171875,669.3699951171875,668.9299926757812,669.3699951171875,171975
2026-03-18 10:09:00,669.3499755859375,669.3499755859375,668.8499755859375,668.8800048828125,103352
2026-03-18 10:10:00,668.8499755859375,668.9000244140625,668.2000122070312,668.239990234375,176081
2026-03-18 10:11:00,668.239990234375,668.3300170898438,667.9600219726562,668.02001953125,145698
2026-03-18 10:12:00,668.0311279296875,668.2100219726562,667.8300170898438,667.9400024414062,195772
2026-03-18 10:13:00,667.9400024414062,668.1400146484375,667.239990234375,667.27001953125,283621
2026-03-18 10:14:00,667.280029296875,667.4500122070312,667.1599731445312,667.1599731445312,297563
2026-03-18 10:15:00,667.1599731445312,667.719970703125,667.1300048828125,667.4600219726562,219654
2026-03-18 10:16:00,667.4500122070312,667.8400268554688,667.3499755859375,667.5499877929688,149513
2026-03-18 10:17:00,667.5700073242188,667.6096801757812,667.3499755859375,667.5718994140625,133059
2026-03-18 10:18:00,667.5700073242188,667.75,667.4400024414062,667.510009765625,82002
2026-03-18 10:19:00,667.510009765625,667.739990234375,667.4299926757812,667.5399780273438,129913
2026-03-18 10:20:00,667.5399780273438,667.7000122070312,667.3800048828125,667.4000244140625,95557
2026-03-18 10:21:00,667.405029296875,667.6099853515625,667.3699951171875,667.469970703125,84932
2026-03-18 10:22:00,667.47998046875,667.6849975585938,667.2899780273438,667.3150024414062,183208
2026-03-18 10:23:00,667.2899780273438,667.510009765625,667.2550048828125,667.4199829101562,92609
2026-03-18 10:24:00,667.4099731445312,667.5399169921875,667.2100219726562,667.280029296875,115182
2026-03-18 10:25:00,667.2999877929688,667.3699951171875,666.6400146484375,666.6799926757812,162835
2026-03-18 10:26:00,666.6799926757812,666.72998046875,665.9400024414062,665.9799194335938,337144
2026-03-18 10:27:00,665.989990234375,666.2000122070312,665.9299926757812,665.9400024414062,220537
2026-03-18 10:28:00,665.9400024414062,666.0399780273438,665.719970703125,665.8300170898438,281862
2026-03-18 10:29:00,665.8400268554688,666.1400146484375,665.8300170898438,665.9600219726562,233211
2026-03-18 10:30:00,665.969970703125,666.3400268554688,665.9000244140625,666.239990234375,273570
2026-03-18 10:31:00,666.25,666.4199829101562,666.1199951171875,666.1400146484375,202803
2026-03-18 10:32:00,666.1199951171875,666.530029296875,666.1199951171875,666.52001953125,177915
2026-03-18 10:33:00,666.510009765625,666.9400024414062,666.3800048828125,666.8200073242188,211919
2026-03-18 10:34:00,666.8200073242188,666.8499755859375,666.1500244140625,666.2199096679688,157653
2026-03-18 10:35:00,666.239990234375,666.4400024414062,666.0499877929688,666.135009765625,137447
2026-03-18 10:36:00,666.1300048828125,666.3400268554688,666.0900268554688,666.2000122070312,124180
2026-03-18 10:37:00,666.2000122070312,666.2000122070312,665.9534912109375,666.0700073242188,107050
2026-03-18 10:38:00,666.0599975585938,666.5700073242188,666.0599975585938,666.5,151481
2026-03-18 10:39:00,666.510009765625,666.5499877929688,666.0900268554688,666.1099243164062,101864
2026-03-18 10:40:00,666.0999755859375,666.1799926757812,665.919921875,666.0548095703125,96282
2026-03-18 10:41:00,666.0499877929688,666.1300048828125,665.9299926757812,665.97998046875,95575
2026-03-18 10:42:00,666.0,666.280029296875,665.969970703125,666.02001953125,115323
2026-03-18 10:43:00,666.02001953125,666.0599975585938,665.72998046875,665.8323974609375,180152
2026-03-18 10:44:00,665.8300170898438,666.1199951171875,665.7550048828125,665.9400024414062,93959
2026-03-18 10:45:00,665.9099731445312,666.4600219726562,665.8900146484375,666.2999877929688,167323
2026-03-18 10:46:00,666.3200073242188,666.3699951171875,666.1300048828125,666.135009765625,94707
2026-03-18 10:47:00,666.1500244140625,666.4199829101562,666.0499877929688,666.3900146484375,92936
2026-03-18 10:48:00,666.3800048828125,666.4199829101562,665.7999877929688,665.8300170898438,130106
2026-03-18 10:49:00,665.8300170898438,665.9299926757812,665.6599731445312,665.9199829101562,96536
2026-03-18 10:50:00,665.927001953125,666.1699829101562,665.8800048828125,666.1599731445312,86058
2026-03-18 10:51:00,666.1699829101562,666.3699951171875,666.1099853515625,666.1849975585938,85178
2026-03-18 10:52:00,666.1799926757812,666.1900024414062,665.8800048828125,665.9000244140625,131643
2026-03-18 10:53:00,665.9000244140625,666.22998046875,665.8900146484375,666.2100219726562,64985
2026-03-18 10:54:00,666.2000122070312,666.4199829101562,666.1900024414062,666.219970703125,130929
2026-03-18 10:55:00,666.219970703125,666.4100952148438,666.1624755859375,666.364990234375,63750
2026-03-18 10:56:00,666.3800048828125,666.489990234375,666.27001953125,666.4199829101562,97870
2026-03-18 10:57:00,666.4099731445312,666.6649780273438,666.4000244140625,666.5599975585938,181124
2026-03-18 10:58:00,666.5549926757812,666.9099731445312,666.4400024414062,666.8599853515625,211667
2026-03-18 10:59:00,666.875,667.155029296875,666.760009765625,667.1400146484375,256040
2026-03-18 11:00:00,667.1300048828125,667.7100219726562,667.1099853515625,667.655029296875,254431
2026-03-18 11:01:00,667.6500244140625,667.7150268554688,667.219970703125,667.2849731445312,336933
2026-03-18 11:02:00,667.2899780273438,667.3200073242188,666.739990234375,666.9299926757812,183013
2026-03-18 11:03:00,666.9299926757812,667.1400146484375,666.780029296875,667.0546264648438,84820
2026-03-18 11:04:00,667.0499877929688,667.2100219726562,666.9600219726562,667.2000122070312,93775
2026-03-18 11:05:00,667.1699829101562,667.489990234375,667.1300048828125,667.4400024414062,74903
2026-03-18 11:06:00,667.4500122070312,667.8400268554688,667.239990234375,667.8400268554688,88940
2026-03-18 11:07:00,667.8400268554688,668.0,667.719970703125,667.9600219726562,142845
2026-03-18 11:08:00,667.9500122070312,668.0,667.7100219726562,667.8049926757812,116742
2026-03-18 11:09:00,667.7899780273438,667.9758911132812,667.6199951171875,667.9400024414062,129631
2026-03-18 11:10:00,667.9600219726562,667.9739990234375,667.5449829101562,667.614990234375,137932
2026-03-18 11:11:00,667.6300048828125,667.8499755859375,667.5449829101562,667.8099975585938,125228
2026-03-18 11:12:00,667.8096923828125,667.9099731445312,667.6199951171875,667.9000244140625,93097
2026-03-18 11:13:00,667.9000244140625,667.969970703125,667.6599731445312,667.760009765625,103749
2026-03-18 11:14:00,667.7899780273438,667.8400268554688,667.3499755859375,667.510009765625,125132
2026-03-18 11:15:00,667.510009765625,667.7249755859375,667.4199829101562,667.5401000976562,62622
2026-03-18 11:16:00,667.5549926757812,667.6599731445312,667.3900146484375,667.4400024414062,100848
2026-03-18 11:17:00,667.4400024414062,667.5599975585938,667.3399047851562,667.4199829101562,101526
2026-03-18 11:18:00,667.4190063476562,667.5900268554688,667.030029296875,667.0399780273438,140005
2026-03-18 11:19:00,667.0200805664062,667.0900268554688,666.7899780273438,666.8579711914062,121608
2026-03-18 11:20:00,666.8699951171875,667.0549926757812,666.5499877929688,666.5499877929688,123145
2026-03-18 11:21:00,666.5700073242188,666.6500244140625,666.4000244140625,666.489990234375,107438
2026-03-18 11:22:00,666.489990234375,666.8200073242188,666.4299926757812,666.75,104477
2026-03-18 11:23:00,666.7449951171875,667.0700073242188,666.719970703125,666.989990234375,96627
2026-03-18 11:24:00,667.010009765625,667.1699829101562,666.8699951171875,667.1300048828125,159592
2026-03-18 11:25:00,667.1099853515625,667.280029296875,667.0079956054688,667.0499877929688,77140
2026-03-18 11:26:00,667.0800170898438,667.22998046875,667.0700073242188,667.0800170898438,40590
2026-03-18 11:27:00,667.0800170898438,667.260009765625,666.989990234375,667.2119750976562,86810
2026-03-18 11:28:00,667.2349853515625,667.280029296875,667.0900268554688,667.1500244140625,56517
2026-03-18 11:29:00,667.1500244140625,667.1799926757812,666.8900146484375,666.9342041015625,86227
2026-03-18 11:30:00,666.9099731445312,667.1300048828125,666.8200073242188,667.030029296875,85805
2026-03-18 11:31:00,667.030029296875,667.0700073242188,666.7999877929688,666.9199829101562,71613
2026-03-18 11:32:00,666.9199829101562,667.3400268554688,666.8900756835938,667.3200073242188,68872
2026-03-18 11:33:00,667.3150024414062,667.6199951171875,667.239990234375,667.6199951171875,167076
2026-03-18 11:34:00,667.6199951171875,667.6199951171875,667.3099975585938,667.330078125,120602
2026-03-18 11:35:00,667.3400268554688,667.4000244140625,667.0800170898438,667.3200073242188,121613
2026-03-18 11:36:00,667.3300170898438,667.3701171875,667.2100219726562,667.2899780273438,73163
2026-03-18 11:37:00,667.2999877929688,667.510009765625,667.27001953125,667.375,43053
2026-03-18 11:38:00,667.3895874023438,667.5700073242188,667.3400268554688,667.469970703125,107145
2026-03-18 11:39:00,667.469970703125,667.5150146484375,667.2899780273438,667.3499755859375,58687
2026-03-18 11:40:00,667.3400268554688,667.4099731445312,667.0800170898438,667.0800170898438,75161
2026-03-18 11:41:00,667.0700073242188,667.3699951171875,666.719970703125,666.8150024414062,165963
2026-03-18 11:42:00,666.8250122070312,666.9450073242188,666.75,666.8250122070312,73518
2026-03-18 11:43:00,666.8200073242188,667.1099853515625,666.8200073242188,667.0999755859375,62543
2026-03-18 11:44:00,667.0999755859375,667.1500244140625,667.010009765625,667.1300048828125,43976
2026-03-18 11:45:00,667.1300048828125,667.2899780273438,667.0150146484375,667.1649780273438,52278
2026-03-18 11:46:00,667.1500244140625,667.280029296875,666.7000122070312,666.7100219726562,74950
2026-03-18 11:47:00,666.72998046875,667.3280029296875,666.719970703125,667.3280029296875,68861
2026-03-18 11:48:00,667.3200073242188,667.3800048828125,667.0700073242188,667.1199951171875,123032
2026-03-18 11:49:00,667.1298828125,667.135009765625,666.7650146484375,666.8699951171875,93799
2026-03-18 11:50:00,666.8699951171875,667.1199951171875,666.77001953125,666.8140258789062,95573
2026-03-18 11:51:00,666.8200073242188,667.0700073242188,666.698974609375,666.7139892578125,90329
2026-03-18 11:52:00,666.719970703125,667.22998046875,666.6699829101562,667.1901245117188,78436
2026-03-18 11:53:00,667.2100219726562,667.2349853515625,666.8200073242188,666.885009765625,45915
2026-03-18 11:54:00,666.8599853515625,667.3300170898438,666.8599853515625,667.3300170898438,86889
2026-03-18 11:55:00,667.3200073242188,667.4400024414062,667.1799926757812,667.4149780273438,126282
2026-03-18 11:56:00,667.4099731445312,667.4650268554688,667.0449829101562,667.239990234375,120536
2026-03-18 11:57:00,667.22998046875,667.27001953125,666.9400024414062,666.9500122070312,66181
2026-03-18 11:58:00,666.9400024414062,667.4349975585938,666.9349975585938,667.4349975585938,76778
2026-03-18 11:59:00,667.4199829101562,667.4500122070312,667.02001953125,667.0399780273438,98854
2026-03-18 12:00:00,667.030029296875,667.0599975585938,666.5650024414062,666.5999755859375,87350
2026-03-18 12:01:00,666.5999755859375,666.719970703125,666.5399780273438,666.5999755859375,56523
2026-03-18 12:02:00,666.6199951171875,666.7000122070312,666.510009765625,666.6099853515625,129346
2026-03-18 12:03:00,666.6199951171875,666.8350219726562,666.5800170898438,666.7501220703125,55303
2026-03-18 12:04:00,666.7550048828125,666.8900146484375,666.6900024414062,666.8800048828125,59824
2026-03-18 12:05:00,666.8900146484375,666.8900146484375,666.5999755859375,666.6649780273438,71082
2026-03-18 12:06:00,666.6599731445312,666.9249877929688,666.6300048828125,666.8900146484375,45723
2026-03-18 12:07:00,666.905029296875,666.97998046875,666.780029296875,666.864990234375,64443
2026-03-18 12:08:00,666.8599853515625,667.0800170898438,666.72998046875,666.9299926757812,103272
2026-03-18 12:09:00,666.9099731445312,666.9199829101562,666.6799926757812,666.7100219726562,51515
2026-03-18 12:10:00,666.7000122070312,666.8099975585938,666.4918212890625,666.7299194335938,85520
2026-03-18 12:11:00,666.7249755859375,666.9299926757812,666.6799926757812,666.8099975585938,76348
2026-03-18 12:12:00,666.7999877929688,667.0700073242188,666.7999877929688,667.0139770507812,53771
2026-03-18 12:13:00,667.030029296875,667.3679809570312,666.9199829101562,667.3400268554688,149498
2026-03-18 12:14:00,667.3201293945312,667.4100952148438,667.2410278320312,667.2999877929688,67651
2026-03-18 12:15:00,667.3099975585938,667.3300170898438,666.9600219726562,666.9600219726562,79339
2026-03-18 12:16:00,666.9600219726562,667.22998046875,666.8079833984375,667.219970703125,63920
2026-03-18 12:17:00,667.2100219726562,667.3599853515625,667.1900024414062,667.2750244140625,65059
2026-03-18 12:18:00,667.280029296875,667.3350219726562,667.0999755859375,667.260009765625,42175
2026-03-18 12:19:00,667.260009765625,667.3499755859375,667.0999755859375,667.3499755859375,37830
2026-03-18 12:20:00,667.3599853515625,667.5800170898438,667.219970703125,667.3201904296875,102690
2026-03-18 12:21:00,667.3400268554688,667.4166259765625,667.2899780273438,667.3099975585938,43923
2026-03-18 12:22:00,667.3300170898438,667.4400024414062,667.1799926757812,667.4000244140625,34123
2026-03-18 12:23:00,667.39501953125,667.510009765625,667.25,667.4400024414062,41656
2026-03-18 12:24:00,667.4400024414062,667.4400024414062,667.27001953125,667.4099731445312,39252
2026-03-18 12:25:00,667.405029296875,667.4400024414062,667.0,667.0999755859375,94349
2026-03-18 12:26:00,667.0800170898438,667.22998046875,667.0599975585938,667.1500244140625,53878
2026-03-18 12:27:00,667.1599731445312,667.3099975585938,667.1599731445312,667.1799926757812,56724
2026-03-18 12:28:00,667.1799926757812,667.22998046875,667.02001953125,667.0900268554688,69453
2026-03-18 12:29:00,667.0900268554688,667.27001953125,667.0700073242188,667.0700073242188,93947
2026-03-18 12:30:00,667.0700073242188,667.1300048828125,666.9199829101562,666.969970703125,89556
2026-03-18 12:31:00,666.969970703125,667.2960205078125,666.9400024414062,667.1099853515625,60967
2026-03-18 12:32:00,667.10498046875,667.1649780273438,666.8900146484375,667.1400146484375,64617
2026-03-18 12:33:00,667.1400146484375,667.1599731445312,666.4299926757812,666.6900024414062,180409
2026-03-18 12:34:00,666.6900024414062,666.8099975585938,666.27001953125,666.3499755859375,140183
2026-03-18 12:35:00,666.3400268554688,666.385009765625,665.8300170898438,665.8499755859375,144524
2026-03-18 12:36:00,665.8699951171875,666.2700805664062,665.8499755859375,666.2700805664062,120307
2026-03-18 12:37:00,666.2999877929688,666.6099853515625,666.25,666.52001953125,140187
2026-03-18 12:38:00,666.530029296875,666.6300048828125,666.3499755859375,666.5499877929688,68962
2026-03-18 12:39:00,666.5700073242188,666.8200073242188,666.52001953125,666.6849975585938,111150
2026-03-18 12:40:00,666.6849975585938,666.7000122070312,666.4199829101562,666.4299926757812,53261
2026-03-18 12:41:00,666.469970703125,666.6699829101562,666.3599853515625,666.6699829101562,40196
2026-03-18 12:42:00,666.6699829101562,666.8300170898438,666.5900268554688,666.6699829101562,88532
2026-03-18 12:43:00,666.6799926757812,666.739990234375,666.510009765625,666.6400146484375,49787
2026-03-18 12:44:00,666.6500244140625,666.6500244140625,666.4500122070312,666.5,62570
2026-03-18 12:45:00,666.489990234375,666.5,666.239990234375,666.3800048828125,70180
2026-03-18 12:46:00,666.3800048828125,666.5700073242188,666.2849731445312,666.510009765625,54212
2026-03-18 12:47:00,666.510009765625,666.5599975585938,666.4199829101562,666.4500122070312,34208
2026-03-18 12:48:00,666.4600219726562,666.719970703125,666.4600219726562,666.5,58218
2026-03-18 12:49:00,666.489990234375,666.635009765625,666.4650268554688,666.5999755859375,25202
2026-03-18 12:50:00,666.5850219726562,666.5850219726562,666.39501953125,666.5499877929688,35612
2026-03-18 12:51:00,666.5599975585938,666.6599731445312,666.5,666.5999755859375,35738
2026-03-18 12:52:00,666.5999755859375,666.8499755859375,666.4500122070312,666.8201293945312,52504
2026-03-18 12:53:00,666.8200073242188,667.1199951171875,666.7999877929688,667.1099853515625,126452
2026-03-18 12:54:00,667.0999755859375,667.0999755859375,666.9199829101562,667.02001953125,75311
2026-03-18 12:55:00,667.02001953125,667.1099853515625,666.9299926757812,667.10498046875,64846
2026-03-18 12:56:00,667.0999755859375,667.1799926757812,666.905029296875,667.1799926757812,43458
2026-03-18 12:57:00,667.1900024414062,667.2000122070312,666.9299926757812,667.0449829101562,62273
2026-03-18 12:58:00,667.0499877929688,667.0700073242188,666.8250122070312,666.8280029296875,93627
2026-03-18 12:59:00,666.8200073242188,666.9099731445312,666.4500122070312,666.5499877929688,122597
2026-03-18 13:00:00,666.5399780273438,666.6300048828125,666.364990234375,666.39501953125,127697
2026-03-18 13:01:00,666.4000244140625,666.4299926757812,665.760009765625,665.8400268554688,367037
2026-03-18 13:02:00,665.8499755859375,666.0599975585938,665.8499755859375,666.0399780273438,108976
2026-03-18 13:03:00,666.0449829101562,666.2100219726562,666.0449829101562,666.0700073242188,76227
2026-03-18 13:04:00,666.0800170898438,666.3355102539062,666.0800170898438,666.2999877929688,49602
2026-03-18 13:05:00,666.2899780273438,666.3400268554688,666.0800170898438,666.0900268554688,161688
2026-03-18 13:06:00,666.0900268554688,666.4099731445312,665.9500122070312,666.4000244140625,112269
2026-03-18 13:07:00,666.4000244140625,666.4199829101562,666.25,666.4000244140625,73513
2026-03-18 13:08:00,666.4099731445312,666.4400024414062,665.9400024414062,665.969970703125,63506
2026-03-18 13:09:00,665.969970703125,666.0499877929688,665.8720703125,665.9299926757812,56815
2026-03-18 13:10:00,665.9299926757812,666.1099853515625,665.9199829101562,665.97998046875,55566
2026-03-18 13:11:00,665.97998046875,666.010009765625,665.4299926757812,665.489990234375,165721
2026-03-18 13:12:00,665.47998046875,665.719970703125,665.47998046875,665.7100219726562,128184
2026-03-18 13:13:00,665.7100219726562,665.8300170898438,665.6199951171875,665.6900024414062,81669
2026-03-18 13:14:00,665.7000122070312,665.739990234375,665.5999755859375,665.6500244140625,72822
2026-03-18 13:15:00,665.6400146484375,665.8200073242188,665.5800170898438,665.6400146484375,75964
2026-03-18 13:16:00,665.6300048828125,665.8200073242188,665.4600219726562,665.6500244140625,128609
2026-03-18 13:17:00,665.6599731445312,665.9299926757812,665.6599731445312,665.7999877929688,157007
2026-03-18 13:18:00,665.798095703125,665.9299926757812,665.719970703125,665.8599853515625,88492
2026-03-18 13:19:00,665.864990234375,666.02001953125,665.864990234375,665.9500122070312,99149
2026-03-18 13:20:00,665.9500122070312,666.02001953125,665.8150024414062,665.9099731445312,82547
2026-03-18 13:21:00,665.9199829101562,666.1300048828125,665.8599853515625,665.9259033203125,77886
2026-03-18 13:22:00,665.9199829101562,666.0562744140625,665.8400268554688,665.8599853515625,64541
2026-03-18 13:23:00,665.8599853515625,666.0700073242188,665.8400268554688,666.0,54000
2026-03-18 13:24:00,665.9940185546875,666.1099853515625,665.8800048828125,666.0599975585938,74669
2026-03-18 13:25:00,666.0650024414062,666.0800170898438,665.75,665.8049926757812,80266
2026-03-18 13:26:00,665.7999877929688,665.9099731445312,665.6900024414062,665.89501953125,192542
2026-03-18 13:27:00,665.9000244140625,665.9500122070312,665.7880249023438,665.9299926757812,52320
2026-03-18 13:28:00,665.9349975585938,665.9401245117188,665.739990234375,665.8599853515625,87437
2026-03-18 13:29:00,665.8699951171875,665.9000244140625,665.780029296875,665.8400268554688,95880
2026-03-18 13:30:00,665.8400268554688,665.97998046875,665.5299072265625,665.5499877929688,113530
2026-03-18 13:31:00,665.5549926757812,665.5687866210938,665.2899780273438,665.3499755859375,126092
2026-03-18 13:32:00,665.3699951171875,665.8499755859375,665.3699951171875,665.7899780273438,121546
2026-03-18 13:33:00,665.7999877929688,665.8200073242188,665.6699829101562,665.77001953125,80640
2026-03-18 13:34:00,665.77001953125,666.02001953125,665.719970703125,666.010009765625,130053
2026-03-18 13:35:00,666.030029296875,666.375,666.02001953125,666.3300170898438,167378
2026-03-18 13:36:00,666.3300170898438,666.3699951171875,666.0700073242188,666.3699951171875,93238
2026-03-18 13:37:00,666.375,666.4600219726562,666.25,666.3699951171875,102911
2026-03-18 13:38:00,666.3699951171875,666.4299926757812,666.280029296875,666.3900146484375,128766
2026-03-18 13:39:00,666.39501953125,666.530029296875,666.2999877929688,666.375,100658
2026-03-18 13:40:00,666.375,666.4000244140625,666.10009765625,666.1199951171875,147401
2026-03-18 13:41:00,666.1199951171875,666.1950073242188,665.9450073242188,666.125,108868
2026-03-18 13:42:00,666.1199951171875,666.1300048828125,665.8200073242188,665.97998046875,121752
2026-03-18 13:43:00,665.9849853515625,666.0499877929688,665.8200073242188,665.8800048828125,96795
2026-03-18 13:44:00,665.9000244140625,666.0599975585938,665.8400268554688,665.9199829101562,74425
2026-03-18 13:45:00,665.9199829101562,666.239990234375,665.8400268554688,666.2100219726562,134221
2026-03-18 13:46:00,666.2100219726562,666.6099853515625,666.1799926757812,666.5802001953125,204763
2026-03-18 13:47:00,666.5900268554688,666.6500244140625,666.4199829101562,666.6099853515625,140637
2026-03-18 13:48:00,666.6099853515625,666.6400146484375,666.239990234375,666.4199829101562,87800
2026-03-18 13:49:00,666.4099731445312,666.469970703125,666.1099853515625,666.1599731445312,60312
2026-03-18 13:50:00,666.1599731445312,666.1599731445312,665.9212036132812,665.989990234375,67456
2026-03-18 13:51:00,665.97998046875,666.469970703125,665.97998046875,666.4600219726562,45462
2026-03-18 13:52:00,666.4500122070312,666.4500122070312,666.25,666.2750244140625,44024
2026-03-18 13:53:00,666.280029296875,666.2849731445312,666.0800170898438,666.1799926757812,35014
2026-03-18 13:54:00,666.2000122070312,666.5300903320312,666.2000122070312,666.530029296875,64074
2026-03-18 13:55:00,666.5499877929688,666.5700073242188,666.2999877929688,666.4000244140625,88912
2026-03-18 13:56:00,666.4000244140625,666.6500244140625,666.3699951171875,666.6400146484375,64398
2026-03-18 13:57:00,666.6400146484375,666.72998046875,666.530029296875,666.7000122070312,126235
2026-03-18 13:58:00,666.6900024414062,666.8699951171875,666.5999755859375,666.8499755859375,80528
2026-03-18 13:59:00,666.8599853515625,666.8599853515625,666.6500244140625,666.719970703125,133680
2026-03-18 14:00:00,666.7100219726562,667.3800048828125,666.6500244140625,667.2100219726562,284635
2026-03-18 14:01:00,667.2000122070312,667.4400024414062,666.77001953125,667.0050048828125,203344
2026-03-18 14:02:00,666.989990234375,667.1199951171875,666.6500244140625,666.9000244140625,123696
2026-03-18 14:03:00,666.9199829101562,666.9749755859375,666.469970703125,666.7750244140625,347964
2026-03-18 14:04:00,666.780029296875,667.3200073242188,666.7349853515625,667.0800170898438,231513
2026-03-18 14:05:00,667.0599975585938,667.0999755859375,666.5700073242188,666.6300048828125,117223
2026-03-18 14:06:00,666.5800170898438,666.8699951171875,666.5399780273438,666.6099853515625,107442
2026-03-18 14:07:00,666.6199951171875,666.8099975585938,666.4400024414062,666.6799926757812,87176
2026-03-18 14:08:00,666.6599731445312,666.8200073242188,666.5599975585938,666.8049926757812,60134
2026-03-18 14:09:00,666.77001953125,666.77001953125,666.4400024414062,666.489990234375,71544
2026-03-18 14:10:00,666.5,666.760009765625,666.2000122070312,666.239990234375,109648
2026-03-18 14:11:00,666.25,666.469970703125,666.1950073242188,666.2999877929688,69369
2026-03-18 14:12:00,666.2899780273438,666.6165161132812,666.22998046875,666.5850219726562,106363
2026-03-18 14:13:00,666.5800170898438,666.739990234375,666.469970703125,666.7200927734375,86737
2026-03-18 14:14:00,666.739990234375,666.75,666.3800048828125,666.5599975585938,118313
2026-03-18 14:15:00,666.5499877929688,666.5700073242188,665.3900146484375,665.4400024414062,365761
2026-03-18 14:16:00,665.4600219726562,666.0,665.4500122070312,665.7999877929688,211523
2026-03-18 14:17:00,665.8200073242188,666.3099975585938,665.6950073242188,665.7100219726562,172966
2026-03-18 14:18:00,665.7100219726562,665.7999877929688,665.5599975585938,665.6649780273438,100595
2026-03-18 14:19:00,665.6900024414062,665.8400268554688,665.5599975585938,665.6500244140625,77167
2026-03-18 14:20:00,665.6300048828125,666.0,665.6300048828125,665.760009765625,96217
2026-03-18 14:21:00,665.72998046875,665.8300170898438,665.510009765625,665.5999755859375,101159
2026-03-18 14:22:00,665.5800170898438,665.72998046875,665.469970703125,665.6500244140625,96937
2026-03-18 14:23:00,665.6500244140625,665.74609375,665.52001953125,665.5499877929688,68351
2026-03-18 14:24:00,665.5700073242188,665.780029296875,665.3800048828125,665.780029296875,132104
2026-03-18 14:25:00,665.780029296875,665.8900146484375,665.5999755859375,665.7100219726562,136104
2026-03-18 14:26:00,665.760009765625,666.010009765625,665.6699829101562,665.989990234375,126429
2026-03-18 14:27:00,665.97998046875,666.030029296875,665.6900024414062,665.8880004882812,95002
2026-03-18 14:28:00,665.9299926757812,666.1599731445312,665.9000244140625,666.1500244140625,124517
2026-03-18 14:29:00,666.1400146484375,666.1699829101562,665.989990234375,666.1199951171875,81137
2026-03-18 14:30:00,666.1099853515625,666.2999877929688,665.9400024414062,666.2100219726562,90802
2026-03-18 14:31:00,666.2100219726562,666.2100219726562,665.6300048828125,665.7000122070312,158556
2026-03-18 14:32:00,665.6900024414062,665.8499755859375,665.2999877929688,665.3599853515625,129833
2026-03-18 14:33:00,665.3682861328125,665.530029296875,665.2100219726562,665.260009765625,167740
2026-03-18 14:34:00,665.280029296875,665.4299926757812,664.6199951171875,664.6599731445312,400726
2026-03-18 14:35:00,664.6699829101562,665.2999877929688,664.510009765625,665.030029296875,396487
2026-03-18 14:36:00,665.0399780273438,665.7999877929688,665.0399780273438,665.7999877929688,282078
2026-03-18 14:37:00,665.7999877929688,666.1699829101562,665.3300170898438,665.4099731445312,206478
2026-03-18 14:38:00,665.4199829101562,665.6099853515625,665.0599975585938,665.219970703125,239519
2026-03-18 14:39:00,665.2000122070312,665.4598999023438,664.719970703125,664.760009765625,225432
2026-03-18 14:40:00,664.739990234375,664.9099731445312,664.4099731445312,664.5700073242188,341781
2026-03-18 14:41:00,664.5700073242188,665.1400146484375,664.510009765625,664.7509155273438,399102
2026-03-18 14:42:00,664.760009765625,665.3200073242188,664.760009765625,665.2100219726562,262499
2026-03-18 14:43:00,665.2000122070312,665.5399780273438,665.0900268554688,665.2100219726562,147148
2026-03-18 14:44:00,665.239990234375,665.3200073242188,664.94921875,664.989990234375,99750
2026-03-18 14:45:00,664.9600219726562,665.0800170898438,664.72998046875,664.8294067382812,139858
2026-03-18 14:46:00,664.8400268554688,664.9600219726562,664.5900268554688,664.8300170898438,157144
2026-03-18 14:47:00,664.8099975585938,665.0499877929688,664.719970703125,664.8400268554688,131571
2026-03-18 14:48:00,664.8499755859375,665.010009765625,664.75,664.8800048828125,241906
2026-03-18 14:49:00,664.9000244140625,664.9000244140625,664.6199951171875,664.6699829101562,93802
2026-03-18 14:50:00,664.6599731445312,664.7000122070312,664.2100219726562,664.260009765625,219032
2026-03-18 14:51:00,664.27001953125,664.52001953125,664.0399780273438,664.4099731445312,299540
2026-03-18 14:52:00,664.3800048828125,664.4099731445312,663.8250122070312,663.8489990234375,208043
2026-03-18 14:53:00,663.8499755859375,664.1099853515625,663.6699829101562,663.6699829101562,298955
2026-03-18 14:54:00,663.6699829101562,663.8400268554688,663.4299926757812,663.6199951171875,336120
2026-03-18 14:55:00,663.6400146484375,663.9600219726562,663.4199829101562,663.7899780273438,325385
2026-03-18 14:56:00,663.7999877929688,664.0399780273438,663.5,663.6900024414062,212648
2026-03-18 14:57:00,663.6599731445312,663.8099975585938,663.5900268554688,663.6849975585938,104593
2026-03-18 14:58:00,663.6799926757812,663.7899780273438,663.3200073242188,663.5800170898438,286110
2026-03-18 14:59:00,663.5700073242188,663.5999755859375,663.3499755859375,663.4099731445312,199111
2026-03-18 15:00:00,663.4000244140625,663.6900024414062,663.260009765625,663.6599731445312,976379
2026-03-18 15:01:00,663.6500244140625,663.8200073242188,663.4600219726562,663.52001953125,226192
2026-03-18 15:02:00,663.5401000976562,663.8599853515625,663.4600219726562,663.760009765625,125648
2026-03-18 15:03:00,663.760009765625,664.2000122070312,663.719970703125,664.0396728515625,239441
2026-03-18 15:04:00,664.0499877929688,664.4400024414062,663.9578857421875,664.4299926757812,231222
2026-03-18 15:05:00,664.4299926757812,664.47998046875,664.2100219726562,664.3800048828125,168597
2026-03-18 15:06:00,664.3800048828125,664.719970703125,664.27001953125,664.6599731445312,284825
2026-03-18 15:07:00,664.6599731445312,664.6599731445312,664.1099853515625,664.1599731445312,190186
2026-03-18 15:08:00,664.1699829101562,664.6099853515625,664.14501953125,664.4400024414062,145314
2026-03-18 15:09:00,664.4168090820312,664.6500244140625,664.1300048828125,664.4600219726562,431134
2026-03-18 15:10:00,664.4299926757812,664.4299926757812,664.0,664.02001953125,354550
2026-03-18 15:11:00,664.010009765625,664.0800170898438,663.7000122070312,663.719970703125,650880
2026-03-18 15:12:00,663.7249755859375,663.8300170898438,663.6300048828125,663.7150268554688,123743
2026-03-18 15:13:00,663.739990234375,664.0800170898438,663.7100219726562,663.9199829101562,161948
2026-03-18 15:14:00,663.9365234375,664.030029296875,663.905029296875,663.9500122070312,95565
2026-03-18 15:15:00,663.9400024414062,664.010009765625,663.75,663.9500122070312,151408
2026-03-18 15:16:00,663.9600219726562,664.030029296875,663.469970703125,663.52001953125,194339
2026-03-18 15:17:00,663.530029296875,663.72998046875,663.52001953125,663.5499877929688,122285
2026-03-18 15:18:00,663.5700073242188,663.719970703125,663.52001953125,663.6699829101562,153514
2026-03-18 15:19:00,663.6849975585938,663.7849731445312,663.3300170898438,663.3350219726562,221272
2026-03-18 15:20:00,663.3300170898438,663.47998046875,663.22998046875,663.27001953125,209858
2026-03-18 15:21:00,663.2650146484375,663.2999877929688,662.9000244140625,663.135009765625,292222
2026-03-18 15:22:00,663.159912109375,663.4099731445312,662.97998046875,662.97998046875,212069
2026-03-18 15:23:00,662.97998046875,663.0700073242188,662.6849975585938,663.0,255276
2026-03-18 15:24:00,662.9949951171875,663.0599975585938,662.719970703125,662.7449951171875,401188
2026-03-18 15:25:00,662.739990234375,662.9400024414062,662.6799926757812,662.8200073242188,205756
2026-03-18 15:26:00,662.8200073242188,662.9500122070312,662.6900024414062,662.7750244140625,212998
2026-03-18 15:27:00,662.7899780273438,662.8900146484375,662.719970703125,662.844970703125,227359
2026-03-18 15:28:00,662.8499755859375,663.1599731445312,662.8200073242188,663.1099853515625,409377
2026-03-18 15:29:00,663.0999755859375,663.2100219726562,662.8280029296875,662.9099731445312,247156
2026-03-18 15:30:00,662.9000244140625,663.1300048828125,662.8699951171875,662.9600219726562,402834
2026-03-18 15:31:00,662.97998046875,663.0,662.77001953125,662.8800048828125,352388
2026-03-18 15:32:00,662.8800048828125,663.1400146484375,662.6099853515625,663.0800170898438,411151
2026-03-18 15:33:00,663.0650024414062,663.2191772460938,662.8800048828125,662.909912109375,301816
2026-03-18 15:34:00,662.9000244140625,663.2000122070312,662.7949829101562,663.0599975585938,206711
2026-03-18 15:35:00,663.0700073242188,663.1099853515625,662.72998046875,662.780029296875,234674
2026-03-18 15:36:00,662.780029296875,662.8499755859375,662.6699829101562,662.7999877929688,228116
2026-03-18 15:37:00,662.7999877929688,662.8782958984375,662.5999755859375,662.6649780273438,306121
2026-03-18 15:38:00,662.6599731445312,662.760009765625,662.5,662.6699829101562,232354
2026-03-18 15:39:00,662.6699829101562,662.6900024414062,662.4000244140625,662.510009765625,403625
2026-03-18 15:40:00,662.510009765625,662.6500244140625,662.375,662.4099731445312,271297
2026-03-18 15:41:00,662.4099731445312,662.4299926757812,662.0999755859375,662.1300048828125,298953
2026-03-18 15:42:00,662.1199951171875,662.364990234375,662.0349731445312,662.2899780273438,332887
2026-03-18 15:43:00,662.2949829101562,662.3599853515625,662.0,662.0399780273438,359036
2026-03-18 15:44:00,662.0399780273438,662.1950073242188,661.77001953125,662.0150146484375,392106
2026-03-18 15:45:00,662.010009765625,662.030029296875,661.6799926757812,661.8300170898438,354643
2026-03-18 15:46:00,661.8300170898438,661.9500122070312,661.6900024414062,661.6900024414062,380496
2026-03-18 15:47:00,661.6900024414062,661.8900146484375,661.6199951171875,661.8200073242188,361051
2026-03-18 15:48:00,661.8200073242188,662.0650024414062,661.780029296875,661.9849853515625,336133
2026-03-18 15:49:00,661.989990234375,662.1799926757812,661.8099975585938,661.885009765625,364302
2026-03-18 15:50:00,661.8900146484375,662.3699951171875,661.8699951171875,662.155029296875,1095933
2026-03-18 15:51:00,662.1599731445312,662.2750244140625,661.8699951171875,662.0,297524
2026-03-18 15:52:00,662.0098876953125,662.1099853515625,661.8499755859375,661.9500122070312,325651
2026-03-18 15:53:00,661.9500122070312,662.0800170898438,661.8900146484375,662.0499877929688,304478
2026-03-18 15:54:00,662.0700073242188,662.0900268554688,661.780029296875,661.9949951171875,492272
2026-03-18 15:55:00,661.989990234375,662.125,661.7100219726562,662.0050048828125,700724
2026-03-18 15:56:00,662.010009765625,662.0599975585938,661.8200073242188,661.875,439919
2026-03-18 15:57:00,661.8800048828125,661.9400024414062,661.719970703125,661.760009765625,698766
2026-03-18 15:58:00,661.77001953125,661.7750244140625,661.4400024414062,661.5250244140625,1025350
2026-03-18 15:59:00,661.52001953125,661.7100219726562,661.1900024414062,661.5700073242188,2327290
2026-03-19 09:30:00,656.969970703125,657.0,655.1699829101562,655.8499755859375,5070007
2026-03-19 09:31:00,655.8400268554688,656.1799926757812,655.3499755859375,656.1300048828125,870291
2026-03-19 09:32:00,656.1500244140625,656.8099975585938,656.0999755859375,656.1099853515625,577828
2026-03-19 09:33:00,656.1099853515625,656.5800170898438,655.8900146484375,656.0700073242188,538372
2026-03-19 09:34:00,656.0599975585938,656.4000244140625,655.77001953125,656.1749877929688,636433
2026-03-19 09:35:00,656.1749877929688,656.1799926757812,655.3200073242188,655.3499755859375,839666
2026-03-19 09:36:00,655.3800048828125,655.8300170898438,655.3800048828125,655.7000122070312,436498
2026-03-19 09:37:00,655.7000122070312,656.1699829101562,655.469970703125,656.1500244140625,412343
2026-03-19 09:38:00,656.1500244140625,656.6799926757812,655.8200073242188,656.4600219726562,394150
2026-03-19 09:39:00,656.4099731445312,657.0,656.02001953125,656.239990234375,494374
2026-03-19 09:40:00,656.239990234375,656.9000244140625,656.010009765625,656.3300170898438,621490
2026-03-19 09:41:00,656.3099975585938,657.4199829101562,656.2100219726562,657.3699951171875,396712
2026-03-19 09:42:00,657.3699951171875,657.3900146484375,656.7550048828125,657.1900024414062,380361
2026-03-19 09:43:00,657.1900024414062,657.4099731445312,656.9481201171875,657.3699951171875,282562
2026-03-19 09:44:00,657.3599853515625,657.6500244140625,657.114990234375,657.3400268554688,361123
2026-03-19 09:45:00,657.3300170898438,657.4199829101562,656.72998046875,657.2501220703125,554668
2026-03-19 09:46:00,657.25,657.5399780273438,656.6209106445312,656.6300048828125,588395
2026-03-19 09:47:00,656.6099853515625,657.3099975585938,656.5599975585938,656.8699951171875,315119
2026-03-19 09:48:00,656.8800048828125,657.52001953125,656.8599853515625,657.094970703125,241045
2026-03-19 09:49:00,657.1199951171875,657.9600219726562,657.1199951171875,657.9324951171875,400950
2026-03-19 09:50:00,657.9299926757812,658.6699829101562,657.6900024414062,658.5999755859375,276250
2026-03-19 09:51:00,658.5999755859375,658.7000122070312,658.22998046875,658.5659790039062,394382
2026-03-19 09:52:00,658.5900268554688,658.7000122070312,657.969970703125,658.3099975585938,243513
2026-03-19 09:53:00,658.2999877929688,658.52001953125,658.0900268554688,658.3250122070312,596152
2026-03-19 09:54:00,658.3099975585938,658.9600219726562,658.219970703125,658.7999877929688,237430
2026-03-19 09:55:00,658.7999877929688,658.8300170898438,658.0,658.0999755859375,272452
2026-03-19 09:56:00,658.0900268554688,658.419677734375,658.0800170898438,658.3300170898438,176115
2026-03-19 09:57:00,658.3300170898438,658.3699951171875,657.8400268554688,657.969970703125,279429
2026-03-19 09:58:00,657.969970703125,658.3300170898438,657.8599853515625,658.280029296875,135498
2026-03-19 09:59:00,658.27001953125,658.7000122070312,658.010009765625,658.6799926757812,162755
2026-03-19 10:00:00,658.6599731445312,659.1699829101562,658.2999877929688,659.1699829101562,299475
2026-03-19 10:01:00,659.1599731445312,659.1599731445312,658.7249755859375,658.9199829101562,174444
2026-03-19 10:02:00,658.9199829101562,659.0499877929688,658.5399780273438,658.9099731445312,171762
2026-03-19 10:03:00,658.9400024414062,659.1300048828125,658.760009765625,658.9099731445312,163825
2026-03-19 10:04:00,658.9000244140625,658.9400024414062,658.1900024414062,658.3300170898438,176547
2026-03-19 10:05:00,658.3300170898438,658.9299926757812,658.239990234375,658.5,178888
2026-03-19 10:06:00,658.5499877929688,658.6799926757812,658.0599975585938,658.0599975585938,170218
2026-03-19 10:07:00,658.0800170898438,658.6599731445312,658.0800170898438,658.5999755859375,177602
2026-03-19 10:08:00,658.5900268554688,658.6199951171875,658.239990234375,658.3400268554688,149585
2026-03-19 10:09:00,658.3699951171875,658.4650268554688,658.0800170898438,658.260009765625,124772
2026-03-19 10:10:00,658.27001953125,658.4600219726562,657.969970703125,658.4099731445312,242348
2026-03-19 10:11:00,658.4099731445312,659.4400024414062,658.4099731445312,659.3656005859375,393109
2026-03-19 10:12:00,659.3400268554688,659.469970703125,659.0999755859375,659.2849731445312,207511
2026-03-19 10:13:00,659.280029296875,659.2999877929688,658.2899780273438,658.3900146484375,230265
2026-03-19 10:14:00,658.4000244140625,658.5999755859375,658.0808715820312,658.114990234375,239391
2026-03-19 10:15:00,658.1099853515625,658.3635864257812,657.6500244140625,657.8099975585938,221638
2026-03-19 10:16:00,657.7949829101562,658.2100219726562,657.5599975585938,657.7999877929688,232449
2026-03-19 10:17:00,657.7999877929688,658.0399780273438,657.7000122070312,657.8599853515625,128526
2026-03-19 10:18:00,657.8499755859375,658.0999755859375,657.3900146484375,657.5549926757812,310424
2026-03-19 10:19:00,657.5499877929688,657.780029296875,657.239990234375,657.635009765625,221232
2026-03-19 10:20:00,657.6500244140625,658.1699829101562,657.5,658.010009765625,143209
2026-03-19 10:21:00,658.010009765625,658.1500244140625,657.072021484375,657.1300048828125,193838
2026-03-19 10:22:00,657.1400146484375,657.469970703125,656.9199829101562,656.9500122070312,238726
2026-03-19 10:23:00,656.9500122070312,657.0499877929688,656.780029296875,656.8599853515625,350626
2026-03-19 10:24:00,656.8800048828125,657.1599731445312,656.7000122070312,656.9000244140625,261789
2026-03-19 10:25:00,656.9299926757812,657.22998046875,656.6300048828125,656.760009765625,194536
2026-03-19 10:26:00,656.7598876953125,657.0999755859375,656.510009765625,656.8150024414062,208364
2026-03-19 10:27:00,656.8300170898438,656.8400268554688,656.2760009765625,656.3098754882812,142673
2026-03-19 10:28:00,656.3099975585938,656.47998046875,656.1300048828125,656.1300048828125,342711
2026-03-19 10:29:00,656.1475219726562,656.5299072265625,656.0399780273438,656.3300170898438,133519
2026-03-19 10:30:00,656.3400268554688,656.72998046875,656.260009765625,656.530029296875,196733
2026-03-19 10:31:00,656.5800170898438,657.3300170898438,656.47998046875,657.280029296875,285392
2026-03-19 10:32:00,657.280029296875,657.9500122070312,657.260009765625,657.72998046875,277395
2026-03-19 10:33:00,657.739990234375,658.0449829101562,657.5,658.0449829101562,219206
2026-03-19 10:34:00,658.0599975585938,658.5399780273438,657.9299926757812,658.4500122070312,187278
2026-03-19 10:35:00,658.4400024414062,659.0640258789062,658.4000244140625,659.0399169921875,249616
2026-03-19 10:36:00,659.030029296875,659.0313720703125,658.5850219726562,658.8297119140625,187673
2026-03-19 10:37:00,658.8499755859375,658.9299926757812,658.1799926757812,658.1900024414062,328750
2026-03-19 10:38:00,658.202880859375,658.202880859375,657.4500122070312,657.4749755859375,199965
2026-03-19 10:39:00,657.469970703125,657.5780029296875,657.0700073242188,657.3499755859375,270134
2026-03-19 10:40:00,657.3499755859375,658.0999755859375,657.27001953125,658.0800170898438,156124
2026-03-19 10:41:00,658.0900268554688,658.339111328125,657.739990234375,657.8200073242188,143832
2026-03-19 10:42:00,657.8200073242188,658.0599975585938,657.5501098632812,657.5599975585938,124792
2026-03-19 10:43:00,657.5499877929688,658.0,657.239990234375,657.5499877929688,110783
2026-03-19 10:44:00,657.5700073242188,657.8400268554688,657.3499755859375,657.4349975585938,106551
2026-03-19 10:45:00,657.47998046875,657.77001953125,657.25,657.3140258789062,126283
2026-03-19 10:46:00,657.3200073242188,657.739990234375,657.1799926757812,657.5900268554688,90206
2026-03-19 10:47:00,657.5701293945312,657.6099853515625,657.0800170898438,657.22998046875,123646
2026-03-19 10:48:00,657.239990234375,657.6300048828125,657.239990234375,657.5599975585938,115597
2026-03-19 10:49:00,657.5599975585938,658.030029296875,657.5599975585938,658.02001953125,133651
2026-03-19 10:50:00,658.010009765625,658.1199951171875,657.530029296875,657.8499755859375,129820
2026-03-19 10:51:00,657.9000244140625,658.4299926757812,657.7899780273438,658.385009765625,137570
2026-03-19 10:52:00,658.3800048828125,658.3800048828125,657.760009765625,657.9400024414062,153163
2026-03-19 10:53:00,657.9099731445312,658.0900268554688,657.7349853515625,657.7886962890625,338497
2026-03-19 10:54:00,657.760009765625,657.9199829101562,657.530029296875,657.8599853515625,130634
2026-03-19 10:55:00,657.8599853515625,657.8599853515625,657.3300170898438,657.4100952148438,142358
2026-03-19 10:56:00,657.4199829101562,657.8499755859375,657.3900146484375,657.7135009765625,144974
2026-03-19 10:57:00,657.7000122070312,658.0700073242188,657.6199951171875,657.9899291992188,169581
2026-03-19 10:58:00,657.97998046875,658.4000244140625,657.888671875,658.1199951171875,270690
2026-03-19 10:59:00,658.1199951171875,658.1300048828125,657.7899780273438,657.7985229492188,133021
2026-03-19 11:00:00,657.7899780273438,657.97998046875,657.6799926757812,657.8400268554688,126063
2026-03-19 11:01:00,657.8300170898438,658.1400146484375,657.8300170898438,657.9000244140625,127424
2026-03-19 11:02:00,657.8800048828125,657.9500122070312,657.510009765625,657.9299926757812,931917
2026-03-19 11:03:00,657.9099731445312,658.260009765625,657.906982421875,658.22998046875,116839
2026-03-19 11:04:00,658.219970703125,658.5700073242188,658.030029296875,658.5599975585938,147036
2026-03-19 11:05:00,658.5599975585938,659.2899780273438,658.4600219726562,659.2440185546875,331909
2026-03-19 11:06:00,659.27001953125,659.635009765625,659.1500244140625,659.635009765625,315029
2026-03-19 11:07:00,659.635009765625,659.7100219726562,658.77001953125,658.8109741210938,244487
2026-03-19 11:08:00,658.8099975585938,658.911376953125,658.6099853515625,658.6300048828125,489058
2026-03-19 11:09:00,658.6300048828125,658.8619995117188,658.3099975585938,658.7999877929688,161068
2026-03-19 11:10:00,658.77001953125,659.0399780273438,658.6500244140625,658.8099975585938,151474
2026-03-19 11:11:00,658.7899780273438,658.9400024414062,658.6699829101562,658.7780151367188,105136
2026-03-19 11:12:00,658.7650146484375,659.1900024414062,658.72998046875,659.1599731445312,234518
2026-03-19 11:13:00,659.1400146484375,659.3400268554688,658.7899780273438,659.2999877929688,129608
2026-03-19 11:14:00,659.3200073242188,659.3900146484375,659.101806640625,659.3593139648438,110713
2026-03-19 11:15:00,659.3599853515625,659.4400024414062,659.0800170898438,659.2999877929688,312735
2026-03-19 11:16:00,659.2999877929688,659.64990234375,659.25,659.64990234375,219298
2026-03-19 11:17:00,659.6362915039062,659.6425170898438,658.75,658.8099975585938,186577
2026-03-19 11:18:00,658.8001098632812,658.9400024414062,658.7000122070312,658.780029296875,142927
2026-03-19 11:19:00,658.8099975585938,658.8300170898438,658.0449829101562,658.1099853515625,186309
2026-03-19 11:20:00,658.1599731445312,658.3499755859375,657.719970703125,657.8499755859375,232082
2026-03-19 11:21:00,657.8300170898438,657.9600219726562,657.5700073242188,657.5900268554688,317510
2026-03-19 11:22:00,657.5900268554688,657.89990234375,657.52001953125,657.6580200195312,165731
2026-03-19 11:23:00,657.6900024414062,657.9180297851562,657.469970703125,657.7899780273438,194999
2026-03-19 11:24:00,657.7911987304688,657.9000244140625,657.4500122070312,657.530029296875,192393
2026-03-19 11:25:00,657.530029296875,657.6699829101562,657.27001953125,657.4987182617188,178329
2026-03-19 11:26:00,657.5,657.8049926757812,657.47998046875,657.510009765625,202186
2026-03-19 11:27:00,657.510009765625,657.6500244140625,657.2100219726562,657.6199951171875,155517
2026-03-19 11:28:00,657.6300048828125,657.77001953125,657.4400024414062,657.489990234375,137255
2026-03-19 11:29:00,657.47998046875,658.010009765625,657.47998046875,657.719970703125,245875
2026-03-19 11:30:00,657.719970703125,657.8300170898438,657.52001953125,657.5999755859375,168604
2026-03-19 11:31:00,657.6099853515625,657.6199951171875,656.9500122070312,657.1199951171875,313244
2026-03-19 11:32:00,657.1300048828125,657.4099731445312,657.0,657.3499755859375,111765
2026-03-19 11:33:00,657.3400268554688,657.3400268554688,656.969970703125,656.97998046875,177089
2026-03-19 11:34:00,656.97998046875,657.1599731445312,656.780029296875,656.8099975585938,260387
2026-03-19 11:35:00,656.7899780273438,657.1699829101562,656.72998046875,656.760009765625,231251
2026-03-19 11:36:00,656.7708740234375,656.8599853515625,656.4400024414062,656.4500122070312,230488
2026-03-19 11:37:00,656.4500122070312,656.5999755859375,656.3599853515625,656.5050048828125,440690
2026-03-19 11:38:00,656.52001953125,656.8699951171875,656.52001953125,656.8250122070312,194280
2026-03-19 11:39:00,656.8200073242188,656.9000244140625,656.5399780273438,656.8200073242188,129242
2026-03-19 11:40:00,656.8839721679688,657.1300048828125,656.7800903320312,656.969970703125,224757
2026-03-19 11:41:00,656.989990234375,656.989990234375,656.6400146484375,656.6400146484375,123885
2026-03-19 11:42:00,656.6300048828125,656.7899780273438,656.530029296875,656.7100219726562,115253
2026-03-19 11:43:00,656.719970703125,657.280029296875,656.6900024414062,656.8499755859375,311152
2026-03-19 11:44:00,656.8400268554688,656.9500122070312,656.489990234375,656.510009765625,177132
2026-03-19 11:45:00,656.510009765625,656.6099853515625,656.1799926757812,656.5700073242188,193936
2026-03-19 11:46:00,656.5700073242188,656.7999877929688,656.3599853515625,656.760009765625,216573
2026-03-19 11:47:00,656.77001953125,657.02001953125,656.4600219726562,656.6713256835938,175689
2026-03-19 11:48:00,656.6799926757812,657.0499877929688,656.5,656.989990234375,141304
2026-03-19 11:49:00,657.0,657.260009765625,656.9000244140625,656.969970703125,149656
2026-03-19 11:50:00,656.9699096679688,657.1099853515625,656.6599731445312,657.030029296875,232438
2026-03-19 11:51:00,657.031982421875,657.219970703125,656.7000122070312,656.81201171875,116500
2026-03-19 11:52:00,656.8300170898438,657.0599975585938,656.7000122070312,656.8699951171875,127175
2026-03-19 11:53:00,656.8900146484375,657.1400146484375,656.780029296875,656.8099975585938,113885
2026-03-19 11:54:00,656.8175048828125,656.8800048828125,656.64501953125,656.6900024414062,85424
2026-03-19 11:55:00,656.7000122070312,657.3800048828125,656.7000122070312,657.3099975585938,275784
2026-03-19 11:56:00,657.3200073242188,657.9099731445312,657.3200073242188,657.6099853515625,595094
2026-03-19 11:57:00,657.5999755859375,657.8699951171875,657.4099731445312,657.5399780273438,348981
2026-03-19 11:58:00,657.5499877929688,657.9500122070312,657.319091796875,657.77001953125,231585
2026-03-19 11:59:00,657.77001953125,657.9249877929688,657.7000122070312,657.9249877929688,216934
2026-03-19 12:00:00,657.9099731445312,658.0399780273438,657.4299926757812,658.030029296875,151989
2026-03-19 12:01:00,658.010009765625,658.2899780273438,657.8800048828125,658.2650146484375,179814
2026-03-19 12:02:00,658.260009765625,658.77001953125,658.1741943359375,658.72998046875,232467
2026-03-19 12:03:00,658.739990234375,658.9299926757812,658.614990234375,658.8400268554688,263141
2026-03-19 12:04:00,658.8499755859375,658.8900146484375,658.260009765625,658.3699951171875,408606
2026-03-19 12:05:00,658.3699951171875,658.8800048828125,658.22998046875,658.760009765625,104420
2026-03-19 12:06:00,658.75,658.7999877929688,658.385009765625,658.5900268554688,154678
2026-03-19 12:07:00,658.6099853515625,659.0399780273438,658.510009765625,659.010009765625,167057
2026-03-19 12:08:00,659.02001953125,659.02001953125,658.3800048828125,658.5399780273438,291105
2026-03-19 12:09:00,658.5300903320312,658.6099853515625,658.1500244140625,658.5,176165
2026-03-19 12:10:00,658.530029296875,658.5599975585938,657.8300170898438,657.8900146484375,233008
2026-03-19 12:11:00,657.8800048828125,658.1900024414062,657.6599731445312,657.969970703125,190174
2026-03-19 12:12:00,657.9600219726562,658.4500122070312,657.8200073242188,658.3599853515625,281400
2026-03-19 12:13:00,658.3599853515625,658.3800048828125,657.7100219726562,657.780029296875,114501
2026-03-19 12:14:00,657.780029296875,658.0,657.614990234375,657.8150024414062,133779
2026-03-19 12:15:00,657.8300170898438,658.0800170898438,657.3499755859375,657.385009765625,144628
2026-03-19 12:16:00,657.3900146484375,657.6799926757812,657.3400268554688,657.5349731445312,104442
2026-03-19 12:17:00,657.5399780273438,657.6799926757812,657.4199829101562,657.6500244140625,107336
2026-03-19 12:18:00,657.6400146484375,657.8699951171875,657.5,657.739990234375,86134
2026-03-19 12:19:00,657.72998046875,657.9199829101562,657.489990234375,657.5599975585938,109010
2026-03-19 12:20:00,657.5700073242188,657.8800048828125,657.4400024414062,657.719970703125,110129
2026-03-19 12:21:00,657.72998046875,657.8800048828125,657.6400146484375,657.77001953125,119804
2026-03-19 12:22:00,657.77001953125,657.8300170898438,657.1799926757812,657.239990234375,183351
2026-03-19 12:23:00,657.25,657.6900024414062,657.1199951171875,657.5800170898438,362881
2026-03-19 12:24:00,657.5800170898438,657.6799926757812,657.4249877929688,657.5399780273438,176088
2026-03-19 12:25:00,657.530029296875,657.7698974609375,657.4199829101562,657.52001953125,104597
2026-03-19 12:26:00,657.510009765625,657.780029296875,657.47998046875,657.6799926757812,216335
2026-03-19 12:27:00,657.6900024414062,658.0700073242188,657.6699829101562,657.85498046875,204932
2026-03-19 12:28:00,657.8400268554688,658.0850219726562,657.719970703125,658.0850219726562,209012
2026-03-19 12:29:00,658.0800170898438,658.1400146484375,657.8200073242188,657.9500122070312,129064
2026-03-19 12:30:00,657.97998046875,658.1599731445312,657.9099731445312,658.0999755859375,219143
2026-03-19 12:31:00,658.1099853515625,658.1400146484375,657.6500244140625,657.8599853515625,143617
2026-03-19 12:32:00,657.8699951171875,658.1699829101562,657.6599731445312,657.72998046875,114843
2026-03-19 12:33:00,657.7100219726562,657.7432250976562,657.47998046875,657.719970703125,92773
2026-03-19 12:34:00,657.739990234375,657.9810180664062,657.72998046875,657.8400268554688,82664
2026-03-19 12:35:00,657.8400268554688,657.8400268554688,657.280029296875,657.2999877929688,425458
2026-03-19 12:36:00,657.2899780273438,657.6199951171875,657.27001953125,657.52001953125,407962
2026-03-19 12:37:00,657.52001953125,657.6799926757812,657.3400268554688,657.3400268554688,165641
2026-03-19 12:38:00,657.3568725585938,658.0650024414062,657.3400268554688,658.0399780273438,103743
2026-03-19 12:39:00,658.0499877929688,658.0900268554688,657.8900146484375,658.010009765625,92919
2026-03-19 12:40:00,658.02001953125,658.427001953125,657.9400024414062,658.39501953125,216016
2026-03-19 12:41:00,658.4099731445312,658.4110107421875,658.2100219726562,658.4000244140625,177626
2026-03-19 12:42:00,658.3800048828125,658.7100219726562,658.3499755859375,658.3853149414062,351184
2026-03-19 12:43:00,658.3900146484375,658.3900146484375,657.8599853515625,657.9600219726562,141397
2026-03-19 12:44:00,657.97998046875,658.22998046875,657.97998046875,658.1900024414062,83299
2026-03-19 12:45:00,658.2000122070312,658.3200073242188,657.7899780273438,657.8599853515625,316392
2026-03-19 12:46:00,657.8599853515625,658.0800170898438,657.7100219726562,657.97998046875,148337
2026-03-19 12:47:00,657.969970703125,658.02001953125,657.7000122070312,657.7919921875,77676
2026-03-19 12:48:00,657.8099975585938,657.8699951171875,657.5999755859375,657.7899780273438,102371
2026-03-19 12:49:00,657.7899780273438,657.8599853515625,657.489990234375,657.6199951171875,66959
2026-03-19 12:50:00,657.6199951171875,657.6900024414062,657.3250122070312,657.35498046875,89046
2026-03-19 12:51:00,657.3599853515625,657.4000244140625,656.9299926757812,656.9949951171875,110321
2026-03-19 12:52:00,656.989990234375,657.02001953125,656.6099853515625,656.75,127246
2026-03-19 12:53:00,656.780029296875,656.8900146484375,656.6900024414062,656.7899780273438,203923
2026-03-19 12:54:00,656.780029296875,657.1400146484375,656.6799926757812,657.0399780273438,121276
2026-03-19 12:55:00,657.0399780273438,657.125,656.8499755859375,656.97998046875,111383
2026-03-19 12:56:00,656.97998046875,657.1599731445312,656.77001953125,657.1300048828125,168214
2026-03-19 12:57:00,657.1300048828125,657.2999877929688,657.0900268554688,657.1699829101562,138414
2026-03-19 12:58:00,657.1649780273438,657.1900024414062,656.8499755859375,657.1300048828125,113116
2026-03-19 12:59:00,657.135009765625,657.3099975585938,657.010009765625,657.1680297851562,86470
2026-03-19 13:00:00,657.1599731445312,657.35498046875,657.0999755859375,657.1699829101562,215934
2026-03-19 13:01:00,657.1950073242188,657.2050170898438,656.8400268554688,656.8699951171875,350606
2026-03-19 13:02:00,656.8699951171875,657.010009765625,656.8300170898438,656.9199829101562,85623
2026-03-19 13:03:00,656.9199829101562,657.0,656.7899780273438,656.7999877929688,79036
2026-03-19 13:04:00,656.8099975585938,656.9000244140625,656.530029296875,656.5499877929688,117806
2026-03-19 13:05:00,656.5451049804688,656.7000122070312,656.47998046875,656.489990234375,161492
2026-03-19 13:06:00,656.489990234375,656.719970703125,656.3300170898438,656.5850219726562,168186
2026-03-19 13:07:00,656.5900268554688,656.6400146484375,656.385009765625,656.4099731445312,76142
2026-03-19 13:08:00,656.4099731445312,656.4650268554688,655.97998046875,656.0399780273438,192099
2026-03-19 13:09:00,656.0399780273438,656.0399780273438,655.7050170898438,655.85498046875,181337
2026-03-19 13:10:00,655.8400268554688,656.1900024414062,655.780029296875,655.989990234375,161785
2026-03-19 13:11:00,655.989990234375,656.2000122070312,655.989990234375,656.0999755859375,152974
2026-03-19 13:12:00,656.10498046875,656.25,655.9099731445312,655.9299926757812,159974
2026-03-19 13:13:00,655.9400024414062,655.9400024414062,655.7000122070312,655.7000122070312,128602
2026-03-19 13:14:00,655.72998046875,655.8800048828125,655.6099853515625,655.8200073242188,143906
2026-03-19 13:15:00,655.8150024414062,656.0900268554688,655.6799926757812,655.7050170898438,167270
2026-03-19 13:16:00,655.719970703125,656.1500244140625,655.719970703125,656.1300048828125,108565
2026-03-19 13:17:00,656.1300048828125,656.4193725585938,656.0599975585938,656.344970703125,237048
2026-03-19 13:18:00,656.344970703125,656.760009765625,656.3400268554688,656.760009765625,113680
2026-03-19 13:19:00,656.77001953125,656.9000854492188,656.6500244140625,656.8900146484375,183869
2026-03-19 13:20:00,656.8800048828125,656.9000244140625,656.5700073242188,656.7100219726562,143954
2026-03-19 13:21:00,656.719970703125,656.989990234375,656.6799926757812,656.8250122070312,85096
2026-03-19 13:22:00,656.83349609375,657.02001953125,656.75,656.7999877929688,97548
2026-03-19 13:23:00,656.7899780273438,657.5499877929688,656.739990234375,657.52001953125,223921
2026-03-19 13:24:00,657.530029296875,657.5399780273438,657.1500244140625,657.22998046875,244906
2026-03-19 13:25:00,657.239990234375,657.239990234375,657.02001953125,657.1699829101562,157981
2026-03-19 13:26:00,657.1699829101562,657.4500122070312,656.9500122070312,657.4400024414062,127499
2026-03-19 13:27:00,657.4500122070312,657.510009765625,657.1799926757812,657.469970703125,161941
2026-03-19 13:28:00,657.4600219726562,657.469970703125,657.0999755859375,657.1300048828125,93454
2026-03-19 13:29:00,657.1500244140625,657.27001953125,657.0599975585938,657.1199951171875,72270
2026-03-19 13:30:00,657.0999755859375,657.3599853515625,657.0150146484375,657.3400268554688,173066
2026-03-19 13:31:00,657.3350219726562,657.489990234375,657.2100219726562,657.219970703125,137393
2026-03-19 13:32:00,657.2100219726562,657.25,656.780029296875,656.8400268554688,114615
2026-03-19 13:33:00,656.8400268554688,656.9199829101562,656.6799926757812,656.7899780273438,479477
2026-03-19 13:34:00,656.7899780273438,657.010009765625,656.6699829101562,656.77001953125,73308
2026-03-19 13:35:00,656.75,656.77001953125,656.5100708007812,656.64501953125,88605
2026-03-19 13:36:00,656.6500244140625,656.8599853515625,656.5800170898438,656.760009765625,88728
2026-03-19 13:37:00,656.77001953125,656.8699951171875,656.510009765625,656.5798950195312,56063
2026-03-19 13:38:00,656.5700073242188,656.6699829101562,656.4500122070312,656.4949951171875,75301
2026-03-19 13:39:00,656.5050048828125,656.510009765625,656.2899780273438,656.2999877929688,293921
2026-03-19 13:40:00,656.2899780273438,656.4000244140625,656.1599731445312,656.1900024414062,96909
2026-03-19 13:41:00,656.1950073242188,656.530029296875,656.1701049804688,656.5216064453125,116555
2026-03-19 13:42:00,656.52001953125,656.6099853515625,656.3079833984375,656.3699951171875,119881
2026-03-19 13:43:00,656.3599853515625,656.6480102539062,656.2999877929688,656.5700073242188,50441
2026-03-19 13:44:00,656.5599975585938,656.719970703125,656.4937133789062,656.5399780273438,63084
2026-03-19 13:45:00,656.5549926757812,656.8499755859375,656.47998046875,656.8380126953125,51958
2026-03-19 13:46:00,656.8300170898438,656.8300170898438,656.6099853515625,656.6600952148438,47336
2026-03-19 13:47:00,656.6699829101562,656.6699829101562,656.3400268554688,656.4400024414062,97710
2026-03-19 13:48:00,656.4299926757812,656.7039794921875,656.4299926757812,656.7039794921875,45540
2026-03-19 13:49:00,656.7050170898438,656.72998046875,656.510009765625,656.7249755859375,57765
2026-03-19 13:50:00,656.719970703125,657.1400146484375,656.6699829101562,657.0599975585938,82112
2026-03-19 13:51:00,657.0750122070312,657.2000122070312,656.969970703125,657.2000122070312,100658
2026-03-19 13:52:00,657.1900024414062,657.8800048828125,657.1699829101562,657.8200073242188,281849
2026-03-19 13:53:00,657.8150024414062,657.8300170898438,657.5599975585938,657.72998046875,149328
2026-03-19 13:54:00,657.719970703125,657.8200073242188,657.5599975585938,657.72998046875,119433
2026-03-19 13:55:00,657.7249755859375,657.7349853515625,657.4650268554688,657.510009765625,228785
2026-03-19 13:56:00,657.52001953125,657.5499877929688,657.3001098632812,657.530029296875,69759
2026-03-19 13:57:00,657.52001953125,657.5499877929688,657.3099975585938,657.469970703125,69178
2026-03-19 13:58:00,657.4550170898438,657.5,657.159912109375,657.219970703125,56127
2026-03-19 13:59:00,657.2163696289062,657.3587036132812,657.2100219726562,657.239990234375,292435
2026-03-19 14:00:00,657.22998046875,657.2899780273438,657.0,657.0700073242188,75613
2026-03-19 14:01:00,657.0900268554688,657.1799926757812,656.8900146484375,656.969970703125,77409
2026-03-19 14:02:00,656.969970703125,657.1300048828125,656.8400268554688,656.9000244140625,121417
2026-03-19 14:03:00,656.9000244140625,656.9199829101562,656.6300048828125,656.6300048828125,219670
2026-03-19 14:04:00,656.6300048828125,656.8300170898438,656.6300048828125,656.719970703125,419482
2026-03-19 14:05:00,656.7249755859375,657.0700073242188,656.6500244140625,657.0449829101562,277096
2026-03-19 14:06:00,657.0399780273438,657.1400146484375,656.8300170898438,656.9099731445312,234929
2026-03-19 14:07:00,656.9199829101562,657.260009765625,656.77001953125,657.25,594600
2026-03-19 14:08:00,657.2550048828125,657.4199829101562,657.1199951171875,657.3699951171875,115566
2026-03-19 14:09:00,657.375,657.469970703125,657.2000122070312,657.239990234375,93301
2026-03-19 14:10:00,657.27001953125,657.5800170898438,657.2650146484375,657.5750122070312,94261
2026-03-19 14:11:00,657.5800170898438,657.6099853515625,657.3200073242188,657.3900146484375,106626
2026-03-19 14:12:00,657.4000244140625,658.1849975585938,657.3699951171875,658.1500244140625,293164
2026-03-19 14:13:00,658.1400146484375,658.6199951171875,658.010009765625,658.594970703125,258087
2026-03-19 14:14:00,658.5800170898438,658.5800170898438,658.1500244140625,658.3499755859375,275711
2026-03-19 14:15:00,658.3599853515625,658.52001953125,658.3099975585938,658.510009765625,142821
2026-03-19 14:16:00,658.52001953125,658.530029296875,658.010009765625,658.2100219726562,205024
2026-03-19 14:17:00,658.2000122070312,658.2550048828125,657.8900146484375,657.9099731445312,136575
2026-03-19 14:18:00,657.9099731445312,657.9450073242188,657.72998046875,657.780029296875,94652
2026-03-19 14:19:00,657.7899780273438,658.1900024414062,657.7899780273438,658.1799926757812,122849
2026-03-19 14:20:00,658.1900024414062,658.2999877929688,658.0399780273438,658.0499877929688,158188
2026-03-19 14:21:00,658.0599975585938,658.1300048828125,657.9299926757812,658.0999755859375,143564
2026-03-19 14:22:00,658.1099853515625,658.1500244140625,657.909912109375,658.0,79725
2026-03-19 14:23:00,657.989990234375,657.9901123046875,657.6900024414062,657.760009765625,134397
2026-03-19 14:24:00,657.77001953125,657.989990234375,657.77001953125,657.8250122070312,337304
2026-03-19 14:25:00,657.8200073242188,657.9450073242188,657.6400146484375,657.6799926757812,121027
2026-03-19 14:26:00,657.6900024414062,657.8599853515625,657.6900024414062,657.8200073242188,103494
2026-03-19 14:27:00,657.8200073242188,657.9199829101562,657.6134033203125,657.719970703125,85891
2026-03-19 14:28:00,657.719970703125,657.7650146484375,657.530029296875,657.5900268554688,90085
2026-03-19 14:29:00,657.6099853515625,657.6099853515625,657.169921875,657.1749877929688,151389
2026-03-19 14:30:00,657.1799926757812,657.260009765625,656.8200073242188,656.8900146484375,222433
2026-03-19 14:31:00,656.8900146484375,657.1900024414062,656.8699951171875,657.02001953125,259987
2026-03-19 14:32:00,657.0150146484375,657.25,657.010009765625,657.22998046875,219774
2026-03-19 14:33:00,657.22998046875,657.3200073242188,657.0900268554688,657.12841796875,96073
2026-03-19 14:34:00,657.1300048828125,657.1900024414062,657.02001953125,657.1900024414062,110013
2026-03-19 14:35:00,657.1900024414062,657.3800048828125,657.0900268554688,657.2000122070312,136376
2026-03-19 14:36:00,657.1900024414062,657.2000122070312,656.8699951171875,656.8900146484375,100369
2026-03-19 14:37:00,656.8800048828125,656.9400024414062,656.5800170898438,656.614990234375,124474
2026-03-19 14:38:00,656.6099853515625,657.0499877929688,656.5999755859375,656.8900146484375,164550
2026-03-19 14:39:00,656.8900146484375,656.9199829101562,656.7449951171875,656.7999877929688,93055
2026-03-19 14:40:00,656.8099975585938,656.8900146484375,656.6099853515625,656.6400146484375,122745
2026-03-19 14:41:00,656.6400146484375,656.72998046875,656.530029296875,656.5700073242188,127075
2026-03-19 14:42:00,656.5599975585938,656.6300048828125,656.4400024414062,656.5499877929688,287541
2026-03-19 14:43:00,656.5499877929688,656.5750122070312,656.3200073242188,656.3499755859375,190758
2026-03-19 14:44:00,656.3599853515625,656.5900268554688,656.3599853515625,656.47998046875,229329
2026-03-19 14:45:00,656.489990234375,656.5800170898438,656.375,656.52001953125,126419
2026-03-19 14:46:00,656.530029296875,656.8093872070312,656.4400024414062,656.72998046875,141699
2026-03-19 14:47:00,656.739990234375,656.8400268554688,656.6199951171875,656.7000122070312,124895
2026-03-19 14:48:00,656.6900024414062,656.760009765625,656.5399780273438,656.739990234375,120758
2026-03-19 14:49:00,656.739990234375,656.81982421875,656.5700073242188,656.6500244140625,106426
2026-03-19 14:50:00,656.6500244140625,656.6599731445312,656.3300170898438,656.3599853515625,131244
2026-03-19 14:51:00,656.3499755859375,656.8099975585938,656.3499755859375,656.75,103312
2026-03-19 14:52:00,656.7598876953125,656.9299926757812,656.7100219726562,656.8200073242188,138952
2026-03-19 14:53:00,656.8400268554688,656.989990234375,656.77001953125,656.8400268554688,95456
2026-03-19 14:54:00,656.8400268554688,657.0401000976562,656.780029296875,657.0,99393
2026-03-19 14:55:00,657.02001953125,657.1799926757812,656.8800048828125,657.1699829101562,132156
2026-03-19 14:56:00,657.1900024414062,657.6400146484375,657.1099853515625,657.5,370181
2026-03-19 14:57:00,657.510009765625,657.9299926757812,657.4199829101562,657.9299926757812,386101
2026-03-19 14:58:00,657.9299926757812,658.760009765625,657.9000244140625,658.760009765625,423312
2026-03-19 14:59:00,658.77001953125,658.8099975585938,658.2899780273438,658.4500122070312,569955
2026-03-19 15:00:00,658.4400024414062,659.0800170898438,658.3900146484375,659.0599975585938,463818
2026-03-19 15:01:00,659.0800170898438,660.1599731445312,658.969970703125,660.1450805664062,789896
2026-03-19 15:02:00,660.1400146484375,660.72998046875,660.02001953125,660.52001953125,855023
2026-03-19 15:03:00,660.5283203125,660.5700073242188,659.9299926757812,660.0599975585938,792650
2026-03-19 15:04:00,660.0650024414062,660.4600219726562,659.7899780273438,660.3599853515625,701671
2026-03-19 15:05:00,660.3699951171875,661.2899780273438,660.3699951171875,661.0999755859375,702783
2026-03-19 15:06:00,661.1099853515625,662.780029296875,660.9500122070312,662.6500244140625,1029715
2026-03-19 15:07:00,662.6300048828125,662.97998046875,661.3599853515625,661.4400024414062,1286688
2026-03-19 15:08:00,661.4299926757812,662.5499877929688,661.1500244140625,662.3099975585938,1191036
2026-03-19 15:09:00,662.2999877929688,662.5900268554688,661.6500244140625,661.7100219726562,693405
2026-03-19 15:10:00,661.7100219726562,662.280029296875,661.0671997070312,662.227783203125,655029
2026-03-19 15:11:00,662.22998046875,662.6599731445312,662.0399780273438,662.2999877929688,441717
2026-03-19 15:12:00,662.3200073242188,662.4299926757812,661.1599731445312,661.3300170898438,459270
2026-03-19 15:13:00,661.3300170898438,661.4099731445312,660.6699829101562,660.8800048828125,508681
2026-03-19 15:14:00,661.1699829101562,661.9299926757812,661.1599731445312,661.8499755859375,372043
2026-03-19 15:15:00,661.8699951171875,662.2999877929688,661.72998046875,662.22998046875,366960
2026-03-19 15:16:00,662.2000122070312,662.25,661.3800048828125,661.469970703125,338614
2026-03-19 15:17:00,661.4600219726562,662.1400146484375,661.4500122070312,661.9619750976562,315214
2026-03-19 15:18:00,661.969970703125,662.1300048828125,661.5399780273438,661.8800048828125,302755
2026-03-19 15:19:00,661.8699951171875,662.0700073242188,661.1699829101562,661.8400268554688,419568
2026-03-19 15:20:00,661.8599853515625,661.9199829101562,660.8499755859375,660.8975219726562,328410
2026-03-19 15:21:00,660.8800048828125,661.2999877929688,660.718994140625,660.8599853515625,421813
2026-03-19 15:22:00,660.8599853515625,661.3400268554688,660.739990234375,661.239990234375,269590
2026-03-19 15:23:00,661.22998046875,661.4000244140625,660.72998046875,660.780029296875,241740
2026-03-19 15:24:00,660.77001953125,660.9199829101562,660.4600219726562,660.6199951171875,258571
2026-03-19 15:25:00,660.6199951171875,660.6900024414062,659.6599731445312,659.6799926757812,388053
2026-03-19 15:26:00,659.7000122070312,660.1699829101562,659.6900024414062,660.0,420179
2026-03-19 15:27:00,660.0,660.4400024414062,659.8499755859375,659.8499755859375,358716
2026-03-19 15:28:00,659.8599853515625,660.1300048828125,659.72998046875,660.0004272460938,770740
2026-03-19 15:29:00,660.0,660.3099975585938,659.9099731445312,660.25,225406
2026-03-19 15:30:00,660.239990234375,660.3400268554688,659.75,660.219970703125,229933
2026-03-19 15:31:00,660.2100219726562,660.3599853515625,659.8809814453125,660.3499755859375,261043
2026-03-19 15:32:00,660.3599853515625,660.3900146484375,659.8099975585938,659.97998046875,286430
2026-03-19 15:33:00,659.989990234375,660.489990234375,659.9600219726562,660.489990234375,210384
2026-03-19 15:34:00,660.489990234375,660.739990234375,659.9000244140625,659.9400024414062,468931
2026-03-19 15:35:00,659.9299926757812,660.1900024414062,658.97998046875,659.1300048828125,517471
2026-03-19 15:36:00,659.1500244140625,659.6799926757812,659.1199951171875,659.5599975585938,219745
2026-03-19 15:37:00,659.5700073242188,660.2899780273438,659.530029296875,660.260009765625,280362
2026-03-19 15:38:00,660.25,660.2750244140625,659.7999877929688,659.8499755859375,216746
2026-03-19 15:39:00,659.8599853515625,660.3900146484375,659.8099975585938,660.3300170898438,286976
2026-03-19 15:40:00,660.3499755859375,660.49609375,660.0700073242188,660.3400268554688,263005
2026-03-19 15:41:00,660.3300170898438,660.4600219726562,659.9400024414062,660.239990234375,356947
2026-03-19 15:42:00,660.260009765625,660.4000244140625,659.9963989257812,660.364990234375,275848
2026-03-19 15:43:00,660.364990234375,660.5599975585938,660.22998046875,660.4400024414062,293404
2026-03-19 15:44:00,660.4400024414062,660.6300048828125,660.219970703125,660.27001953125,380125
2026-03-19 15:45:00,660.260009765625,660.27001953125,659.8099975585938,659.989990234375,407800
2026-03-19 15:46:00,659.969970703125,660.22998046875,659.8900146484375,660.0399780273438,448952
2026-03-19 15:47:00,660.0399780273438,660.489990234375,659.8400268554688,660.3499755859375,352862
2026-03-19 15:48:00,660.3499755859375,660.3499755859375,660.0599975585938,660.219970703125,308006
2026-03-19 15:49:00,660.22998046875,660.280029296875,659.8300170898438,660.010009765625,309629
2026-03-19 15:50:00,659.97998046875,660.1900024414062,659.530029296875,659.5775146484375,554270
2026-03-19 15:51:00,659.5700073242188,659.989990234375,659.5599975585938,659.739990234375,387666
2026-03-19 15:52:00,659.739990234375,660.2000122070312,659.6699829101562,659.8300170898438,267154
2026-03-19 15:53:00,659.8200073242188,659.9274291992188,659.6799926757812,659.6900024414062,232310
2026-03-19 15:54:00,659.6900024414062,659.9600219726562,659.5800170898438,659.739990234375,282452
2026-03-19 15:55:00,659.75,660.219970703125,659.6099853515625,660.2150268554688,928344
2026-03-19 15:56:00,660.2150268554688,660.2249755859375,659.6900024414062,659.8699951171875,498316
2026-03-19 15:57:00,659.8900146484375,660.25,659.739990234375,660.20068359375,453359
2026-03-19 15:58:00,660.2150268554688,660.239990234375,659.6599731445312,659.97998046875,641176
2026-03-19 15:59:00,659.97998046875,660.0399780273438,659.5900268554688,659.719970703125,881452
